{"type":"FeatureCollection","features":[{"type":"Feature","id":1000000,"geometry":{"type":"Point","coordinates":[1.633,42.545]},"properties":{"code":"Q228","status":"independent","s":15000101,"e":15151231,"c":3,"country_name":"Andorra","wiki":"Andorra","qid":"Q228","rank":0}},{"type":"Feature","id":1000001,"geometry":{"type":"Point","coordinates":[3.391,35.602]},"properties":{"code":"Q307697","status":"independent","s":15000101,"e":15061231,"c":5,"country_name":"Zayyanid dynasty","wiki":"Zayyanid dynasty","qid":"Q307697","rank":-12}},{"type":"Feature","id":1000002,"geometry":{"type":"Point","coordinates":[24.561,44.647]},"properties":{"code":"Q171393","status":"independent","s":15000101,"e":15281231,"c":11,"country_name":"Principality of Wallachia","wiki":"Wallachia","qid":"Q171393","rank":-9}},{"type":"Feature","id":1000003,"geometry":{"type":"Point","coordinates":[25.863,58.054]},"properties":{"code":"Q33698","status":"independent","s":15000101,"e":15111231,"c":1,"country_name":"Livonian Conference","wiki":"Livonian language","qid":"Q33698","rank":-17}},{"type":"Feature","id":1000004,"geometry":{"type":"Point","coordinates":[18.023,42.895]},"properties":{"code":"Q208169","status":"independent","s":15000101,"e":17711231,"c":4,"country_name":"Republic of Ragusa","wiki":"Republic of Ragusa","qid":"Q208169","rank":0}},{"type":"Feature","id":1000005,"geometry":{"type":"Point","coordinates":[9.097,35.562]},"properties":{"code":"Q752662","status":"independent","s":15000101,"e":15111231,"c":6,"country_name":"Hafsid Dynasty","wiki":"Hafsid dynasty","qid":"Q752662","rank":-22}},{"type":"Feature","id":1000006,"geometry":{"type":"Point","coordinates":[39.554,54.727]},"properties":{"code":"Q269109","status":"independent","s":15000101,"e":15011231,"c":3,"country_name":"Ryazan","wiki":"Ryazan","qid":"Q269109","rank":-2}},{"type":"Feature","id":1000007,"geometry":{"type":"Point","coordinates":[41.154,54.9]},"properties":{"code":"Q836169","status":"independent","s":15000101,"e":15011231,"c":6,"country_name":"Qasim Khanate","wiki":"Qasim Khanate","qid":"Q836169","rank":-3}},{"type":"Feature","id":1000008,"geometry":{"type":"Point","coordinates":[9.089,42.142]},"properties":{"code":"Q174306","status":"independent","s":15000101,"e":15251231,"c":5,"country_name":"Republic of Genoa","wiki":"Republic of Genoa","qid":"Q174306","rank":-1}},{"type":"Feature","id":1000009,"geometry":{"type":"Point","coordinates":[11.855,49.439]},"properties":{"code":"Q1794352","status":"independent","s":15000101,"e":15551231,"c":9,"country_name":"Electorate of Trier","wiki":"Electorate of Trier","qid":"Q1794352","rank":-1}},{"type":"Feature","id":1000010,"geometry":{"type":"Point","coordinates":[4.909,44.197]},"properties":{"code":"Q2281221","status":"independent","s":15000101,"e":15631231,"c":8,"country_name":"Principality of Orange","wiki":"Principality of Orange","qid":"Q2281221","rank":0}},{"type":"Feature","id":1000011,"geometry":{"type":"Point","coordinates":[11.802,48.137]},"properties":{"code":"Q47261","status":"independent","s":15000101,"e":15061231,"c":10,"country_name":"Duchy of Bavaria","wiki":"Duchy of Bavaria","qid":"Q47261","rank":-4}},{"type":"Feature","id":1000012,"geometry":{"type":"Point","coordinates":[38.266,38.087]},"properties":{"code":"Q1264808","status":"independent","s":15000101,"e":15111231,"c":1,"country_name":"Beylik of Dulkadir","wiki":"Beylik of Dulkadir","qid":"Q1264808","rank":-3}},{"type":"Feature","id":1000013,"geometry":{"type":"Point","coordinates":[43.153,42.355]},"properties":{"code":"Q1069959","status":"independent","s":15000101,"e":15781231,"c":4,"country_name":"Kingdom of Imereti","wiki":"Kingdom of Imereti","qid":"Q1069959","rank":-1}},{"type":"Feature","id":1000014,"geometry":{"type":"Point","coordinates":[41.083,43.267]},"properties":{"code":"Q1760473","status":"independent","s":15000101,"e":15711231,"c":7,"country_name":"Principality of Abkhazia","wiki":"Principality of Abkhazia","qid":"Q1760473","rank":-1}},{"type":"Feature","id":1000015,"geometry":{"type":"Point","coordinates":[42.179,40.623]},"properties":{"code":"Q2029317","status":"independent","s":15000101,"e":15011231,"c":7,"country_name":"Samtskhe-Saatabago","wiki":"Samtskhe-Saatabago","qid":"Q2029317","rank":-4}},{"type":"Feature","id":1000016,"geometry":{"type":"Point","coordinates":[44.611,41.233]},"properties":{"code":"Q154667","status":"independent","s":15000101,"e":15061231,"c":8,"country_name":"Kingdom of Georgia","wiki":"Kingdom of Georgia","qid":"Q154667","rank":-3}},{"type":"Feature","id":1000017,"geometry":{"type":"Point","coordinates":[42.114,42.717]},"properties":{"code":"Q2907860","status":"independent","s":15000101,"e":15711231,"c":2,"country_name":"Principality of Mingrelia","wiki":"Principality of Mingrelia","qid":"Q2907860","rank":-1}},{"type":"Feature","id":1000018,"geometry":{"type":"Point","coordinates":[51.7,50.65]},"properties":{"code":"Q631210","status":"independent","s":15000101,"e":15011231,"c":2,"country_name":"Nogai Horde","wiki":"Nogai Horde","qid":"Q631210","rank":-75}},{"type":"Feature","id":1000019,"geometry":{"type":"Point","coordinates":[42.049,50.44]},"properties":{"code":"Q79965","status":"independent","s":15000101,"e":15011231,"c":7,"country_name":"Golden Horde","wiki":"Golden Horde","qid":"Q79965","rank":-71}},{"type":"Feature","id":1000020,"geometry":{"type":"Point","coordinates":[36.82,31.907]},"properties":{"code":"Q282428","status":"independent","s":15000101,"e":15151231,"c":4,"country_name":"Mamluk Sultanate","wiki":"Mamluk Sultanate","qid":"Q282428","rank":-51}},{"type":"Feature","id":1000021,"geometry":{"type":"Point","coordinates":[35.357,37.193]},"properties":{"code":"Q2261321","status":"independent","s":15000101,"e":15111231,"c":7,"country_name":"Ramadanid Emirate","wiki":"Ramadanid Emirate","qid":"Q2261321","rank":-2}},{"type":"Feature","id":1000022,"geometry":{"type":"Point","coordinates":[45.956,41.55]},"properties":{"code":"Q1209822","status":"independent","s":15000101,"e":15781231,"c":0,"country_name":"Kingdom of Kakheti","wiki":"Kingdom of Kakheti","qid":"Q1209822","rank":-3}},{"type":"Feature","id":1000023,"geometry":{"type":"Point","coordinates":[48.413,40.628]},"properties":{"code":"Q638064","status":"independent","s":15000101,"e":15331231,"c":11,"country_name":"Shirvan","wiki":"Shirvan","qid":"Q638064","rank":-5}},{"type":"Feature","id":1000024,"geometry":{"type":"Point","coordinates":[42.102,41.782]},"properties":{"code":"Q2195101","status":"independent","s":15000101,"e":15061231,"c":10,"country_name":"Principality of Guria","wiki":"Principality of Guria","qid":"Q2195101","rank":0}},{"type":"Feature","id":1000026,"geometry":{"type":"Point","coordinates":[45.89,46.704]},"properties":{"code":"Q210163","status":"independent","s":15000101,"e":15011231,"c":10,"country_name":"Astrakhan Khanate","wiki":"Astrakhan Khanate","qid":"Q210163","rank":-19}},{"type":"Feature","id":1000027,"geometry":{"type":"Point","coordinates":[-4.409,56.582]},"properties":{"code":"Q230791","status":"independent","s":15000101,"e":15511231,"c":6,"country_name":"Kingdom of Scotland","wiki":"Kingdom of Scotland","qid":"Q230791","rank":-12}},{"type":"Feature","id":1000029,"geometry":{"type":"Point","coordinates":[45.03,36.392]},"properties":{"code":"Q555994","status":"independent","s":15000101,"e":15011231,"c":0,"country_name":"Aq Qoyunlu","wiki":"Aq Qoyunlu","qid":"Q555994","rank":-124}},{"type":"Feature","id":1000030,"geometry":{"type":"Point","coordinates":[28.35,58.275]},"properties":{"code":"Q317078","status":"independent","s":15000101,"e":15061231,"c":8,"country_name":"Pskov Republic","wiki":"Pskov Republic","qid":"Q317078","rank":-3}},{"type":"Feature","id":1000031,"geometry":{"type":"Point","coordinates":[3.26,47.398]},"properties":{"code":"Q2070440","status":"independent","s":15000101,"e":15181231,"c":9,"country_name":"County of Nevers","wiki":"County of Nevers","qid":"Q2070440","rank":-1}},{"type":"Feature","id":1000032,"geometry":{"type":"Point","coordinates":[5.089,44.077]},"properties":{"code":"Q1122980","status":"independent","s":15000101,"e":16721231,"c":7,"country_name":"Comtat Venaissin","wiki":"Comtat Venaissin","qid":"Q1122980","rank":0}},{"type":"Feature","id":1000033,"geometry":{"type":"Point","coordinates":[13.63,61.739]},"properties":{"code":"Q62623","status":"independent","s":15000101,"e":15011231,"c":10,"country_name":"Kalmar Union","wiki":"Kalmar Union","qid":"Q62623","rank":-202}},{"type":"Feature","id":1000034,"geometry":{"type":"Point","coordinates":[12.721,43.183]},"properties":{"code":"Q170174","status":"independent","s":15000101,"e":15061231,"c":3,"country_name":"Papal States","wiki":"Papal States","qid":"Q170174","rank":-4}},{"type":"Feature","id":1000035,"geometry":{"type":"Point","coordinates":[-1.624,52.597]},"properties":{"code":"200","status":"independent","s":15000101,"e":15011231,"c":4,"country_name":"Kingdom of England","wiki":"Kingdom of England","qid":"Q179876","rank":-21}},{"type":"Feature","id":1000036,"geometry":{"type":"Point","coordinates":[36.164,47.751]},"properties":{"code":"Q160440","status":"independent","s":15000101,"e":15011231,"c":8,"country_name":"Crimean Khanate","wiki":"Crimean Khanate","qid":"Q160440","rank":-8}},{"type":"Feature","id":1000037,"geometry":{"type":"Point","coordinates":[27.454,47.081]},"properties":{"code":"Q10957559","status":"independent","s":15000101,"e":15061231,"c":5,"country_name":"Principality of Moldavia","wiki":"Moldavia","qid":"Q10957559","rank":-10}},{"type":"Feature","id":1000038,"geometry":{"type":"Point","coordinates":[11.31,43.87]},"properties":{"code":"Q148540","status":"independent","s":15000101,"e":15061231,"c":0,"country_name":"Republic of Florence","wiki":"Republic of Florence","qid":"Q148540","rank":-1}},{"type":"Feature","id":1000039,"geometry":{"type":"Point","coordinates":[14.899,47.474]},"properties":{"code":"Q65968","status":"independent","s":15000101,"e":15011231,"c":3,"country_name":"House of Habsburg","wiki":"House of Habsburg","qid":"Q65968","rank":-11}},{"type":"Feature","id":1000041,"geometry":{"type":"Point","coordinates":[19.4,46.932]},"properties":{"code":"Q171150","status":"independent","s":15000101,"e":15201231,"c":0,"country_name":"Kingdom of Hungary","wiki":"Kingdom of Hungary","qid":"Q171150","rank":-40}},{"type":"Feature","id":1000042,"geometry":{"type":"Point","coordinates":[16.446,50.184]},"properties":{"code":"Q42585","status":"independent","s":15000101,"e":15011231,"c":2,"country_name":"Kingdom of Bohemia","wiki":"Kingdom of Bohemia","qid":"Q42585","rank":-16}},{"type":"Feature","id":1000043,"geometry":{"type":"Point","coordinates":[49.475,55.711]},"properties":{"code":"Q186537","status":"independent","s":15000101,"e":15011231,"c":11,"country_name":"Khanate of Kazan","wiki":"Khanate of Kazan","qid":"Q186537","rank":-24}},{"type":"Feature","id":1000044,"geometry":{"type":"Point","coordinates":[13.405,51.196]},"properties":{"code":"Q156199","status":"independent","s":15000101,"e":15011231,"c":1,"country_name":"Electorate of Saxony","wiki":"Electorate of Saxony","qid":"Q156199","rank":-5}},{"type":"Feature","id":1000045,"geometry":{"type":"Point","coordinates":[33.463,39.504]},"properties":{"code":"640","status":"independent","s":15000101,"e":15011231,"c":3,"country_name":"Ottoman Empire","wiki":"Ottoman Empire","qid":"Q12560","rank":-99}},{"type":"Feature","id":1000046,"geometry":{"type":"Point","coordinates":[11.595,45.519]},"properties":{"code":"Q4948","status":"independent","s":15000101,"e":15011231,"c":6,"country_name":"Republic of Venice","wiki":"Republic of Venice","qid":"Q4948","rank":-4}},{"type":"Feature","id":1000048,"geometry":{"type":"Point","coordinates":[13.653,52.892]},"properties":{"code":"Q148499","status":"independent","s":15000101,"e":15281231,"c":3,"country_name":"Electorate of Brandenburg","wiki":"Margraviate of Brandenburg","qid":"Q148499","rank":-6}},{"type":"Feature","id":1000050,"geometry":{"type":"Point","coordinates":[7.531,46.896]},"properties":{"code":"225","status":"independent","s":15000101,"e":15011231,"c":4,"country_name":"Swiss Confederation","wiki":"Switzerland","qid":"Q39","rank":-3}},{"type":"Feature","id":1000051,"geometry":{"type":"Point","coordinates":[-6.176,32.049]},"properties":{"code":"Q970799","status":"independent","s":15000101,"e":15011231,"c":7,"country_name":"Wattasid dynasty","wiki":"Wattasid dynasty","qid":"Q970799","rank":-29}},{"type":"Feature","id":1000052,"geometry":{"type":"Point","coordinates":[-7.826,40.58]},"properties":{"code":"235","status":"independent","s":15000101,"e":15061231,"c":4,"country_name":"Kingdom of Portugal","wiki":"Kingdom of Portugal","qid":"Q45670","rank":-10}},{"type":"Feature","id":1000053,"geometry":{"type":"Point","coordinates":[4.453,51.094]},"properties":{"code":"300","status":"independent","s":15000101,"e":15011231,"c":7,"country_name":"Habsburg Monarchy","wiki":"Habsburg Austria","qid":"Q66504140","rank":-7}},{"type":"Feature","id":1000054,"geometry":{"type":"Point","coordinates":[9.181,45.076]},"properties":{"code":"Q153529","status":"independent","s":15000101,"e":15011231,"c":2,"country_name":"Duchy of Milan","wiki":"Duchy of Milan","qid":"Q153529","rank":-4}},{"type":"Feature","id":1000055,"geometry":{"type":"Point","coordinates":[6.384,46.014]},"properties":{"code":"Q1232887","status":"independent","s":15000101,"e":15111231,"c":0,"country_name":"County of Savoy","wiki":"County of Savoy","qid":"Q1232887","rank":-4}},{"type":"Feature","id":1000056,"geometry":{"type":"Point","coordinates":[13.598,46.12]},"properties":{"code":"Q580447","status":"independent","s":15000101,"e":15011231,"c":9,"country_name":"Duchy of Styria","wiki":"Duchy of Styria","qid":"Q580447","rank":0}},{"type":"Feature","id":1000057,"geometry":{"type":"Point","coordinates":[-1.572,42.872]},"properties":{"code":"Q1481436","status":"independent","s":15000101,"e":15011231,"c":0,"country_name":"County of Foix","wiki":"County of Foix","qid":"Q1481436","rank":-3}},{"type":"Feature","id":1000058,"geometry":{"type":"Point","coordinates":[29.589,52.189]},"properties":{"code":"Q194355","status":"independent","s":15000101,"e":15011231,"c":6,"country_name":"House of Jagiellon","wiki":"Jagiellonian dynasty","qid":"Q194355","rank":-135}},{"type":"Feature","id":1000059,"geometry":{"type":"Point","coordinates":[-0.31,41.546]},"properties":{"code":"Q204920","status":"independent","s":15000101,"e":15011231,"c":5,"country_name":"Crown of Aragon","wiki":"Crown of Aragon","qid":"Q204920","rank":-11}},{"type":"Feature","id":1000061,"geometry":{"type":"Point","coordinates":[21.636,54.372]},"properties":{"code":"Q48189","status":"independent","s":15000101,"e":15201231,"c":10,"country_name":"Teutonic Order","wiki":"Teutonic Order","qid":"Q48189","rank":-5}},{"type":"Feature","id":1000062,"geometry":{"type":"Point","coordinates":[8.217,51.693]},"properties":{"code":"Q12548","status":"independent","s":15000101,"e":15011231,"c":8,"country_name":"Holy Roman Empire","wiki":"Holy Roman Empire","qid":"Q12548","rank":-37}},{"type":"Feature","id":1000063,"geometry":{"type":"Point","coordinates":[55.558,47.399]},"properties":{"code":"Q1433867","status":"independent","s":15000101,"e":15011231,"c":11,"country_name":"Kazakh Khanate","wiki":"Kazakh Khanate","qid":"Q1433867","rank":-2}},{"type":"Feature","id":1000064,"geometry":{"type":"Point","coordinates":[15.876,40.633]},"properties":{"code":"Q173065","status":"independent","s":15000101,"e":15011231,"c":6,"country_name":"Kingdom of Naples","wiki":"Kingdom of Naples","qid":"Q173065","rank":-7}},{"type":"Feature","id":1000065,"geometry":{"type":"Point","coordinates":[6.146,48.291]},"properties":{"code":"Q155019","status":"independent","s":15000101,"e":15011231,"c":5,"country_name":"Duchy of Lorraine","wiki":"Duchy of Lorraine","qid":"Q155019","rank":-1}},{"type":"Feature","id":1000066,"geometry":{"type":"Point","coordinates":[3.178,45.752]},"properties":{"code":"Q58389","status":"independent","s":15000101,"e":15181231,"c":6,"country_name":"House of Bourbon","wiki":"House of Bourbon","qid":"Q58389","rank":-5}},{"type":"Feature","id":1000068,"geometry":{"type":"Point","coordinates":[-0.322,47.601]},"properties":{"code":"220","status":"independent","s":15000101,"e":15011231,"c":1,"country_name":"Kingdom of France","wiki":"Kingdom of France","qid":"Q207162","rank":-43}},{"type":"Feature","id":1000069,"geometry":{"type":"Point","coordinates":[54.88,39.72]},"properties":{"code":"Q484195","status":"independent","s":15000101,"e":15011231,"c":6,"country_name":"Timurid Empire","wiki":"Timurid Empire","qid":"Q484195","rank":-13}},{"type":"Feature","id":1000070,"geometry":{"type":"Point","coordinates":[-4.22,39.431]},"properties":{"code":"Q217196","status":"independent","s":15000101,"e":15011231,"c":11,"country_name":"Crown of Castile","wiki":"Crown of Castile","qid":"Q217196","rank":-41}},{"type":"Feature","id":1000071,"geometry":{"type":"Point","coordinates":[51.194,63.565]},"properties":{"code":"365","status":"independent","s":15000101,"e":15011231,"c":0,"country_name":"Grand Principality of Moscow","wiki":"Principality of Moscow","qid":"Q170770","rank":-296}},{"type":"Feature","id":1000072,"geometry":{"type":"Point","coordinates":[1.612,50.766]},"properties":{"code":"Q1152","status":"independent","s":15000101,"e":15011231,"c":8,"country_name":"County of Auvergne","wiki":"Auvergne","qid":"Q1152","rank":0}},{"type":"Feature","id":1000073,"geometry":{"type":"Point","coordinates":[42.179,40.623]},"properties":{"code":"Q2029317","status":"independent","s":15020101,"e":15061231,"c":7,"country_name":"Samtskhe-Saatabago","wiki":"Samtskhe-Saatabago","qid":"Q2029317","rank":-4}},{"type":"Feature","id":1000075,"geometry":{"type":"Point","coordinates":[-4.22,39.431]},"properties":{"code":"Q217196","status":"independent","s":15020101,"e":15061231,"c":11,"country_name":"Crown of Castile","wiki":"Crown of Castile","qid":"Q217196","rank":-41}},{"type":"Feature","id":1000076,"geometry":{"type":"Point","coordinates":[51.194,63.565]},"properties":{"code":"365","status":"independent","s":15020101,"e":15061231,"c":0,"country_name":"Grand Principality of Moscow","wiki":"Principality of Moscow","qid":"Q170770","rank":-296}},{"type":"Feature","id":1000077,"geometry":{"type":"Point","coordinates":[54.88,39.72]},"properties":{"code":"Q484195","status":"independent","s":15020101,"e":15061231,"c":6,"country_name":"Timurid Empire","wiki":"Timurid Empire","qid":"Q484195","rank":-13}},{"type":"Feature","id":1000078,"geometry":{"type":"Point","coordinates":[36.164,47.751]},"properties":{"code":"Q160440","status":"independent","s":15020101,"e":15061231,"c":8,"country_name":"Crimean Khanate","wiki":"Crimean Khanate","qid":"Q160440","rank":-8}},{"type":"Feature","id":1000079,"geometry":{"type":"Point","coordinates":[45.936,46.825]},"properties":{"code":"Q210163","status":"independent","s":15020101,"e":15551231,"c":10,"country_name":"Astrakhan Khanate","wiki":"Astrakhan Khanate","qid":"Q210163","rank":-19}},{"type":"Feature","id":1000080,"geometry":{"type":"Point","coordinates":[14.899,47.474]},"properties":{"code":"Q65968","status":"independent","s":15020101,"e":15061231,"c":3,"country_name":"House of Habsburg","wiki":"House of Habsburg","qid":"Q65968","rank":-11}},{"type":"Feature","id":1000081,"geometry":{"type":"Point","coordinates":[-9.062,32.426]},"properties":{"code":"Q200464","status":"colony","owner":"235","s":15020101,"e":15061231,"c":4,"country_name":"Portuguese Empire","wiki":"Portuguese Empire","qid":"Q200464","rank":-1}},{"type":"Feature","id":1000082,"geometry":{"type":"Point","coordinates":[6.146,48.291]},"properties":{"code":"Q155019","status":"independent","s":15020101,"e":15181231,"c":5,"country_name":"Duchy of Lorraine","wiki":"Duchy of Lorraine","qid":"Q155019","rank":-1}},{"type":"Feature","id":1000083,"geometry":{"type":"Point","coordinates":[16.446,50.184]},"properties":{"code":"Q42585","status":"independent","s":15020101,"e":15251231,"c":2,"country_name":"Kingdom of Bohemia","wiki":"Kingdom of Bohemia","qid":"Q42585","rank":-16}},{"type":"Feature","id":1000084,"geometry":{"type":"Point","coordinates":[49.567,55.711]},"properties":{"code":"Q186537","status":"independent","s":15020101,"e":15461231,"c":11,"country_name":"Khanate of Kazan","wiki":"Khanate of Kazan","qid":"Q186537","rank":-24}},{"type":"Feature","id":1000085,"geometry":{"type":"Point","coordinates":[46.031,38.546]},"properties":{"code":"Q161205","status":"independent","s":15020101,"e":15061231,"c":2,"country_name":"Safavid Dynasty","wiki":"Safavid dynasty","qid":"Q161205","rank":-16}},{"type":"Feature","id":1000086,"geometry":{"type":"Point","coordinates":[47.444,33.539]},"properties":{"code":"Q555994","status":"independent","s":15020101,"e":15061231,"c":0,"country_name":"Aq Qoyunlu","wiki":"Aq Qoyunlu","qid":"Q555994","rank":-107}},{"type":"Feature","id":1000087,"geometry":{"type":"Point","coordinates":[55.558,47.399]},"properties":{"code":"Q1433867","status":"independent","s":15020101,"e":15111231,"c":11,"country_name":"Kazakh Khanate","wiki":"Kazakh Khanate","qid":"Q1433867","rank":-2}},{"type":"Feature","id":1000088,"geometry":{"type":"Point","coordinates":[8.211,51.688]},"properties":{"code":"Q12548","status":"independent","s":15020101,"e":15061231,"c":8,"country_name":"Holy Roman Empire","wiki":"Holy Roman Empire","qid":"Q12548","rank":-36}},{"type":"Feature","id":1000089,"geometry":{"type":"Point","coordinates":[18.129,66.653]},"properties":{"code":"Q62623","status":"independent","s":15020101,"e":15201231,"c":10,"country_name":"Kalmar Union","wiki":"Kalmar Union","qid":"Q62623","rank":-120}},{"type":"Feature","id":1000090,"geometry":{"type":"Point","coordinates":[-1.624,52.597]},"properties":{"code":"200","status":"independent","s":15020101,"e":15391231,"c":4,"country_name":"Kingdom of England","wiki":"Kingdom of England","qid":"Q179876","rank":-21}},{"type":"Feature","id":1000091,"geometry":{"type":"Point","coordinates":[-0.313,47.617]},"properties":{"code":"220","status":"independent","s":15020101,"e":15061231,"c":1,"country_name":"Kingdom of France","wiki":"Kingdom of France","qid":"Q207162","rank":-44}},{"type":"Feature","id":1000092,"geometry":{"type":"Point","coordinates":[27.019,63.11]},"properties":{"code":"380","status":"independent","s":15020101,"e":15201231,"c":7,"country_name":"Kingdom of Sweden","wiki":"Sweden","qid":"Q34","rank":-77}},{"type":"Feature","id":1000093,"geometry":{"type":"Point","coordinates":[1.239,45.266]},"properties":{"code":"Q1481436","status":"independent","s":15020101,"e":15111231,"c":0,"country_name":"County of Foix","wiki":"County of Foix","qid":"Q1481436","rank":-2}},{"type":"Feature","id":1000094,"geometry":{"type":"Point","coordinates":[51.7,50.65]},"properties":{"code":"Q631210","status":"independent","s":15020101,"e":15111231,"c":2,"country_name":"Nogai Horde","wiki":"Nogai Horde","qid":"Q631210","rank":-75}},{"type":"Feature","id":1000095,"geometry":{"type":"Point","coordinates":[-0.31,41.546]},"properties":{"code":"Q204920","status":"independent","s":15020101,"e":15061231,"c":5,"country_name":"Crown of Aragon","wiki":"Crown of Aragon","qid":"Q204920","rank":-11}},{"type":"Feature","id":1000096,"geometry":{"type":"Point","coordinates":[29.589,52.189]},"properties":{"code":"Q194355","status":"independent","s":15020101,"e":15061231,"c":6,"country_name":"House of Jagiellon","wiki":"Jagiellonian dynasty","qid":"Q194355","rank":-135}},{"type":"Feature","id":1000098,"geometry":{"type":"Point","coordinates":[-6.176,32.049]},"properties":{"code":"Q970799","status":"independent","s":15020101,"e":15461231,"c":7,"country_name":"Wattasid dynasty","wiki":"Wattasid dynasty","qid":"Q970799","rank":-29}},{"type":"Feature","id":1000100,"geometry":{"type":"Point","coordinates":[8.681,47.126]},"properties":{"code":"225","status":"independent","s":15020101,"e":15111231,"c":4,"country_name":"Swiss Confederation","wiki":"Switzerland","qid":"Q39","rank":-4}},{"type":"Feature","id":1000101,"geometry":{"type":"Point","coordinates":[11.595,45.519]},"properties":{"code":"Q4948","status":"independent","s":15020101,"e":15061231,"c":6,"country_name":"Republic of Venice","wiki":"Republic of Venice","qid":"Q4948","rank":-4}},{"type":"Feature","id":1000102,"geometry":{"type":"Point","coordinates":[41.177,54.812]},"properties":{"code":"Q836169","status":"independent","s":15020101,"e":15201231,"c":6,"country_name":"Qasim Khanate","wiki":"Qasim Khanate","qid":"Q836169","rank":-3}},{"type":"Feature","id":1000103,"geometry":{"type":"Point","coordinates":[39.546,54.731]},"properties":{"code":"Q269109","status":"independent","s":15020101,"e":15061231,"c":3,"country_name":"Ryazan","wiki":"Ryazan","qid":"Q269109","rank":-2}},{"type":"Feature","id":1000104,"geometry":{"type":"Point","coordinates":[33.463,39.504]},"properties":{"code":"640","status":"independent","s":15020101,"e":15061231,"c":3,"country_name":"Ottoman Empire","wiki":"Ottoman Empire","qid":"Q12560","rank":-99}},{"type":"Feature","id":1000105,"geometry":{"type":"Point","coordinates":[4.453,51.094]},"properties":{"code":"300","status":"independent","s":15020101,"e":15061231,"c":7,"country_name":"Habsburg Monarchy","wiki":"Habsburg Austria","qid":"Q66504140","rank":-7}},{"type":"Feature","id":1000106,"geometry":{"type":"Point","coordinates":[13.405,51.196]},"properties":{"code":"Q156199","status":"independent","s":15020101,"e":15281231,"c":1,"country_name":"Electorate of Saxony","wiki":"Electorate of Saxony","qid":"Q156199","rank":-4}},{"type":"Feature","id":1000107,"geometry":{"type":"Point","coordinates":[33.463,39.504]},"properties":{"code":"640","status":"independent","s":15070101,"e":15111231,"c":3,"country_name":"Ottoman Empire","wiki":"Ottoman Empire","qid":"Q12560","rank":-99}},{"type":"Feature","id":1000108,"geometry":{"type":"Point","coordinates":[42.102,41.782]},"properties":{"code":"Q2195101","status":"independent","s":15070101,"e":15151231,"c":10,"country_name":"Principality of Guria","wiki":"Principality of Guria","qid":"Q2195101","rank":0}},{"type":"Feature","id":1000109,"geometry":{"type":"Point","coordinates":[3.391,35.602]},"properties":{"code":"Q307697","status":"independent","s":15070101,"e":15111231,"c":5,"country_name":"Zayyanid dynasty","wiki":"Zayyanid dynasty","qid":"Q307697","rank":-12}},{"type":"Feature","id":1000110,"geometry":{"type":"Point","coordinates":[-7.826,40.58]},"properties":{"code":"235","status":"independent","s":15070101,"e":15151231,"c":4,"country_name":"Kingdom of Portugal","wiki":"Kingdom of Portugal","qid":"Q45670","rank":-10}},{"type":"Feature","id":1000112,"geometry":{"type":"Point","coordinates":[11.595,45.519]},"properties":{"code":"Q4948","status":"independent","s":15070101,"e":15111231,"c":6,"country_name":"Republic of Venice","wiki":"Republic of Venice","qid":"Q4948","rank":-4}},{"type":"Feature","id":1000113,"geometry":{"type":"Point","coordinates":[27.454,47.081]},"properties":{"code":"Q10957559","status":"independent","s":15070101,"e":15281231,"c":5,"country_name":"Principality of Moldavia","wiki":"Moldavia","qid":"Q10957559","rank":-10}},{"type":"Feature","id":1000114,"geometry":{"type":"Point","coordinates":[39.546,54.731]},"properties":{"code":"Q269109","status":"independent","s":15070101,"e":15181231,"c":3,"country_name":"Ryazan","wiki":"Ryazan","qid":"Q269109","rank":-2}},{"type":"Feature","id":1000115,"geometry":{"type":"Point","coordinates":[11.265,43.87]},"properties":{"code":"Q148540","status":"independent","s":15070101,"e":15461231,"c":0,"country_name":"Republic of Florence","wiki":"Republic of Florence","qid":"Q148540","rank":-1}},{"type":"Feature","id":1000116,"geometry":{"type":"Point","coordinates":[28.35,58.275]},"properties":{"code":"Q317078","status":"independent","s":15070101,"e":15111231,"c":8,"country_name":"Pskov Republic","wiki":"Pskov Republic","qid":"Q317078","rank":-3}},{"type":"Feature","id":1000117,"geometry":{"type":"Point","coordinates":[54.88,39.704]},"properties":{"code":"Q856361","status":"independent","s":15070101,"e":15111231,"c":5,"country_name":"Shaybanids","wiki":"Shaybanids","qid":"Q856361","rank":-13}},{"type":"Feature","id":1000118,"geometry":{"type":"Point","coordinates":[26.995,52.191]},"properties":{"code":"Q194355","status":"independent","s":15070101,"e":15111231,"c":6,"country_name":"House of Jagiellon","wiki":"Jagiellonian dynasty","qid":"Q194355","rank":-102}},{"type":"Feature","id":1000119,"geometry":{"type":"Point","coordinates":[-0.31,41.546]},"properties":{"code":"Q204920","status":"independent","s":15070101,"e":15111231,"c":5,"country_name":"Crown of Aragon","wiki":"Crown of Aragon","qid":"Q204920","rank":-11}},{"type":"Feature","id":1000120,"geometry":{"type":"Point","coordinates":[-9.062,32.426]},"properties":{"code":"Q16879646","status":"colony","owner":"235","s":15070101,"e":15331231,"c":4,"country_name":"Portuguese Africa","wiki":"Portuguese Africa","qid":"Q16879646","rank":-1}},{"type":"Feature","id":1000121,"geometry":{"type":"Point","coordinates":[-0.313,47.617]},"properties":{"code":"220","status":"independent","s":15070101,"e":15111231,"c":1,"country_name":"Kingdom of France","wiki":"Kingdom of France","qid":"Q207162","rank":-44}},{"type":"Feature","id":1000122,"geometry":{"type":"Point","coordinates":[12.721,43.16]},"properties":{"code":"Q170174","status":"independent","s":15070101,"e":15281231,"c":3,"country_name":"Papal States","wiki":"Papal States","qid":"Q170174","rank":-4}},{"type":"Feature","id":1000123,"geometry":{"type":"Point","coordinates":[11.328,48.239]},"properties":{"code":"Q47261","status":"independent","s":15070101,"e":16181231,"c":10,"country_name":"Duchy of Bavaria","wiki":"Duchy of Bavaria","qid":"Q47261","rank":-4}},{"type":"Feature","id":1000124,"geometry":{"type":"Point","coordinates":[41.339,37.218]},"properties":{"code":"Q555994","status":"independent","s":15070101,"e":15111231,"c":0,"country_name":"Aq Qoyunlu","wiki":"Aq Qoyunlu","qid":"Q555994","rank":-35}},{"type":"Feature","id":1000125,"geometry":{"type":"Point","coordinates":[49.565,33.639]},"properties":{"code":"Q161205","status":"independent","s":15070101,"e":15111231,"c":2,"country_name":"Safavid Dynasty","wiki":"Safavid dynasty","qid":"Q161205","rank":-93}},{"type":"Feature","id":1000126,"geometry":{"type":"Point","coordinates":[8.211,51.688]},"properties":{"code":"Q12548","status":"independent","s":15070101,"e":15111231,"c":8,"country_name":"Holy Roman Empire","wiki":"Holy Roman Empire","qid":"Q12548","rank":-36}},{"type":"Feature","id":1000127,"geometry":{"type":"Point","coordinates":[14.899,47.474]},"properties":{"code":"Q65968","status":"independent","s":15070101,"e":15111231,"c":3,"country_name":"House of Habsburg","wiki":"House of Habsburg","qid":"Q65968","rank":-11}},{"type":"Feature","id":1000128,"geometry":{"type":"Point","coordinates":[36.164,47.751]},"properties":{"code":"Q160440","status":"independent","s":15070101,"e":15511231,"c":8,"country_name":"Crimean Khanate","wiki":"Crimean Khanate","qid":"Q160440","rank":-8}},{"type":"Feature","id":1000129,"geometry":{"type":"Point","coordinates":[44.611,41.233]},"properties":{"code":"Q154667","status":"independent","s":15070101,"e":15151231,"c":8,"country_name":"Kingdom of Georgia","wiki":"Kingdom of Georgia","qid":"Q154667","rank":-3}},{"type":"Feature","id":1000130,"geometry":{"type":"Point","coordinates":[35.778,59.053]},"properties":{"code":"365","status":"independent","s":15070101,"e":15111231,"c":0,"country_name":"Grand Principality of Moscow","wiki":"Principality of Moscow","qid":"Q170770","rank":-322}},{"type":"Feature","id":1000131,"geometry":{"type":"Point","coordinates":[-4.22,39.431]},"properties":{"code":"Q217196","status":"independent","s":15070101,"e":15111231,"c":11,"country_name":"Crown of Castile","wiki":"Crown of Castile","qid":"Q217196","rank":-41}},{"type":"Feature","id":1000133,"geometry":{"type":"Point","coordinates":[-0.31,41.546]},"properties":{"code":"Q204920","status":"independent","s":15120101,"e":15151231,"c":5,"country_name":"Crown of Aragon","wiki":"Crown of Aragon","qid":"Q204920","rank":-11}},{"type":"Feature","id":1000134,"geometry":{"type":"Point","coordinates":[26.995,52.191]},"properties":{"code":"Q194355","status":"independent","s":15120101,"e":15151231,"c":6,"country_name":"House of Jagiellon","wiki":"Jagiellonian dynasty","qid":"Q194355","rank":-102}},{"type":"Feature","id":1000135,"geometry":{"type":"Point","coordinates":[25.863,58.054]},"properties":{"code":"Q33698","status":"independent","s":15120101,"e":15181231,"c":1,"country_name":"Livonian Conference","wiki":"Livonian language","qid":"Q33698","rank":-17}},{"type":"Feature","id":1000136,"geometry":{"type":"Point","coordinates":[1.239,45.266]},"properties":{"code":"Q1481436","status":"independent","s":15120101,"e":15151231,"c":0,"country_name":"County of Foix","wiki":"County of Foix","qid":"Q1481436","rank":-2}},{"type":"Feature","id":1000138,"geometry":{"type":"Point","coordinates":[51.7,50.65]},"properties":{"code":"Q631210","status":"independent","s":15120101,"e":15201231,"c":2,"country_name":"Nogai Horde","wiki":"Nogai Horde","qid":"Q631210","rank":-75}},{"type":"Feature","id":1000139,"geometry":{"type":"Point","coordinates":[33.463,39.504]},"properties":{"code":"640","status":"independent","s":15120101,"e":15151231,"c":3,"country_name":"Ottoman Empire","wiki":"Ottoman Empire","qid":"Q12560","rank":-99}},{"type":"Feature","id":1000140,"geometry":{"type":"Point","coordinates":[6.384,46.014]},"properties":{"code":"Q1232887","status":"independent","s":15120101,"e":15151231,"c":0,"country_name":"County of Savoy","wiki":"County of Savoy","qid":"Q1232887","rank":-4}},{"type":"Feature","id":1000141,"geometry":{"type":"Point","coordinates":[3.391,35.602]},"properties":{"code":"Q307697","status":"independent","s":15120101,"e":15181231,"c":5,"country_name":"Zayyanid dynasty","wiki":"Kingdom of Tlemcen","qid":"Q307697","rank":-12}},{"type":"Feature","id":1000142,"geometry":{"type":"Point","coordinates":[9.103,35.562]},"properties":{"code":"Q752662","status":"independent","s":15120101,"e":15201231,"c":6,"country_name":"Hafsid Dynasty","wiki":"Hafsid dynasty","qid":"Q752662","rank":-22}},{"type":"Feature","id":1000143,"geometry":{"type":"Point","coordinates":[8.989,46.648]},"properties":{"code":"225","status":"independent","s":15120101,"e":15151231,"c":4,"country_name":"Swiss Confederation","wiki":"Switzerland","qid":"Q39","rank":-5}},{"type":"Feature","id":1000144,"geometry":{"type":"Point","coordinates":[11.596,45.519]},"properties":{"code":"Q4948","status":"independent","s":15120101,"e":15251231,"c":6,"country_name":"Republic of Venice","wiki":"Republic of Venice","qid":"Q4948","rank":-4}},{"type":"Feature","id":1000145,"geometry":{"type":"Point","coordinates":[35.357,37.193]},"properties":{"code":"Q2261321","status":"independent","s":15120101,"e":15151231,"c":7,"country_name":"Ramadanid Emirate","wiki":"Ramadanid Emirate","qid":"Q2261321","rank":-2}},{"type":"Feature","id":1000147,"geometry":{"type":"Point","coordinates":[14.899,47.474]},"properties":{"code":"Q65968","status":"independent","s":15120101,"e":15151231,"c":3,"country_name":"House of Habsburg","wiki":"House of Habsburg","qid":"Q65968","rank":-11}},{"type":"Feature","id":1000148,"geometry":{"type":"Point","coordinates":[38.266,38.087]},"properties":{"code":"Q1264808","status":"independent","s":15120101,"e":15151231,"c":1,"country_name":"Beylik of Dulkadir","wiki":"Beylik of Dulkadir","qid":"Q1264808","rank":-3}},{"type":"Feature","id":1000149,"geometry":{"type":"Point","coordinates":[35.77,59.053]},"properties":{"code":"365","status":"independent","s":15120101,"e":15151231,"c":0,"country_name":"Grand Principality of Moscow","wiki":"Principality of Moscow","qid":"Q170770","rank":-330}},{"type":"Feature","id":1000150,"geometry":{"type":"Point","coordinates":[-4.22,39.431]},"properties":{"code":"Q217196","status":"independent","s":15120101,"e":15151231,"c":11,"country_name":"Crown of Castile","wiki":"Crown of Castile","qid":"Q217196","rank":-42}},{"type":"Feature","id":1000152,"geometry":{"type":"Point","coordinates":[-0.313,47.617]},"properties":{"code":"220","status":"independent","s":15120101,"e":15151231,"c":1,"country_name":"Kingdom of France","wiki":"Kingdom of France","qid":"Q207162","rank":-44}},{"type":"Feature","id":1000153,"geometry":{"type":"Point","coordinates":[44.846,36.476]},"properties":{"code":"Q161205","status":"independent","s":15120101,"e":15151231,"c":2,"country_name":"Safavid Dynasty","wiki":"Safavid dynasty","qid":"Q161205","rank":-134}},{"type":"Feature","id":1000154,"geometry":{"type":"Point","coordinates":[55.558,47.399]},"properties":{"code":"Q1433867","status":"independent","s":15120101,"e":15151231,"c":11,"country_name":"Kazakh Khanate","wiki":"Kazakh Khanate","qid":"Q1433867","rank":-2}},{"type":"Feature","id":1000155,"geometry":{"type":"Point","coordinates":[8.211,51.688]},"properties":{"code":"Q12548","status":"independent","s":15120101,"e":15181231,"c":8,"country_name":"Holy Roman Empire","wiki":"Holy Roman Empire","qid":"Q12548","rank":-36}},{"type":"Feature","id":1000156,"geometry":{"type":"Point","coordinates":[36.05,59.109]},"properties":{"code":"365","status":"independent","s":15160101,"e":15181231,"c":0,"country_name":"Grand Principality of Moscow","wiki":"Principality of Moscow","qid":"Q170770","rank":-331}},{"type":"Feature","id":1000159,"geometry":{"type":"Point","coordinates":[4.681,36.772]},"properties":{"code":"Q80702","status":"colony","owner":"230","s":15160101,"e":15181231,"c":11,"country_name":"Spanish Empire","wiki":"Spanish Empire","qid":"Q80702","rank":0}},{"type":"Feature","id":1000160,"geometry":{"type":"Point","coordinates":[44.611,41.233]},"properties":{"code":"Q154667","status":"independent","s":15160101,"e":15391231,"c":8,"country_name":"Kingdom of Georgia","wiki":"Kingdom of Georgia","qid":"Q154667","rank":-3}},{"type":"Feature","id":1000161,"geometry":{"type":"Point","coordinates":[1.629,42.552]},"properties":{"code":"Q228","status":"independent","s":15160101,"e":15181231,"c":3,"country_name":"Andorra","wiki":"Andorra","qid":"Q228","rank":0}},{"type":"Feature","id":1000162,"geometry":{"type":"Point","coordinates":[55.558,47.399]},"properties":{"code":"Q1433867","status":"independent","s":15160101,"e":15181231,"c":11,"country_name":"Kazakh Khanate","wiki":"Kazakh Khanate","qid":"Q1433867","rank":-2}},{"type":"Feature","id":1000163,"geometry":{"type":"Point","coordinates":[45.115,36.307]},"properties":{"code":"Q161205","status":"independent","s":15160101,"e":15181231,"c":2,"country_name":"Safavid Dynasty","wiki":"Safavid dynasty","qid":"Q161205","rank":-126}},{"type":"Feature","id":1000164,"geometry":{"type":"Point","coordinates":[-0.313,47.617]},"properties":{"code":"220","status":"independent","s":15160101,"e":15181231,"c":1,"country_name":"Kingdom of France","wiki":"Kingdom of France","qid":"Q207162","rank":-44}},{"type":"Feature","id":1000165,"geometry":{"type":"Point","coordinates":[1.239,45.266]},"properties":{"code":"Q1481436","status":"independent","s":15160101,"e":15201231,"c":0,"country_name":"County of Foix","wiki":"County of Foix","qid":"Q1481436","rank":-2}},{"type":"Feature","id":1000166,"geometry":{"type":"Point","coordinates":[-3.438,40.092]},"properties":{"code":"230","status":"independent","s":15160101,"e":15181231,"c":11,"country_name":"Kingdom of Spain","wiki":"Spain","qid":"Q29","rank":-53}},{"type":"Feature","id":1000167,"geometry":{"type":"Point","coordinates":[36.82,31.907]},"properties":{"code":"Q282428","status":"independent","s":15160101,"e":15181231,"c":4,"country_name":"Mamluk Sultanate","wiki":"Mamluk Sultanate","qid":"Q282428","rank":-51}},{"type":"Feature","id":1000169,"geometry":{"type":"Point","coordinates":[26.995,52.191]},"properties":{"code":"Q194355","status":"independent","s":15160101,"e":15181231,"c":6,"country_name":"House of Jagiellon","wiki":"Jagiellonian dynasty","qid":"Q194355","rank":-101}},{"type":"Feature","id":1000170,"geometry":{"type":"Point","coordinates":[-7.826,40.58]},"properties":{"code":"235","status":"independent","s":15160101,"e":15181231,"c":4,"country_name":"Kingdom of Portugal","wiki":"Kingdom of Portugal","qid":"Q45670","rank":-10}},{"type":"Feature","id":1000171,"geometry":{"type":"Point","coordinates":[8.979,46.637]},"properties":{"code":"225","status":"independent","s":15160101,"e":15181231,"c":4,"country_name":"Swiss Confederation","wiki":"Switzerland","qid":"Q39","rank":-4}},{"type":"Feature","id":1000172,"geometry":{"type":"Point","coordinates":[33.107,39.106]},"properties":{"code":"640","status":"independent","s":15160101,"e":15181231,"c":3,"country_name":"Ottoman Empire","wiki":"Ottoman Empire","qid":"Q12560","rank":-112}},{"type":"Feature","id":1000173,"geometry":{"type":"Point","coordinates":[6.384,46.014]},"properties":{"code":"Q1232887","status":"independent","s":15160101,"e":15181231,"c":0,"country_name":"County of Savoy","wiki":"County of Savoy","qid":"Q1232887","rank":-4}},{"type":"Feature","id":1000174,"geometry":{"type":"Point","coordinates":[42.102,41.782]},"properties":{"code":"Q2195101","status":"independent","s":15160101,"e":15461231,"c":10,"country_name":"Principality of Guria","wiki":"Principality of Guria","qid":"Q2195101","rank":0}},{"type":"Feature","id":1000175,"geometry":{"type":"Point","coordinates":[14.899,47.474]},"properties":{"code":"300","status":"independent","s":15160101,"e":15181231,"c":7,"country_name":"Habsburg Monarchy","wiki":"Habsburg Austria","qid":"Q66504140","rank":-11}},{"type":"Feature","id":1000176,"geometry":{"type":"Point","coordinates":[-3.438,40.092]},"properties":{"code":"230","status":"independent","s":15190101,"e":15201231,"c":11,"country_name":"Kingdom of Spain","wiki":"Spain","qid":"Q29","rank":-53}},{"type":"Feature","id":1000177,"geometry":{"type":"Point","coordinates":[25.863,58.054]},"properties":{"code":"Q33698","status":"independent","s":15190101,"e":15551231,"c":1,"country_name":"Livonian Conference","wiki":"Livonian language","qid":"Q33698","rank":-17}},{"type":"Feature","id":1000178,"geometry":{"type":"Point","coordinates":[27.046,52.203]},"properties":{"code":"Q194355","status":"independent","s":15190101,"e":15391231,"c":6,"country_name":"House of Jagiellon","wiki":"Jagiellonian dynasty","qid":"Q194355","rank":-99}},{"type":"Feature","id":1000180,"geometry":{"type":"Point","coordinates":[39.546,54.731]},"properties":{"code":"Q269109","status":"independent","s":15190101,"e":15201231,"c":3,"country_name":"Ryazan","wiki":"Ryazan","qid":"Q269109","rank":-2}},{"type":"Feature","id":1000181,"geometry":{"type":"Point","coordinates":[9.006,46.724]},"properties":{"code":"225","status":"independent","s":15190101,"e":15251231,"c":4,"country_name":"Swiss Confederation","wiki":"Switzerland","qid":"Q39","rank":-5}},{"type":"Feature","id":1000182,"geometry":{"type":"Point","coordinates":[3.391,35.602]},"properties":{"code":"Q307697","status":"independent","s":15190101,"e":15201231,"c":5,"country_name":"Zayyanid dynasty","wiki":"Kingdom of Tlemcen","qid":"Q307697","rank":-12}},{"type":"Feature","id":1000183,"geometry":{"type":"Point","coordinates":[3.26,47.398]},"properties":{"code":"Q2070440","status":"independent","s":15190101,"e":15201231,"c":9,"country_name":"County of Nevers","wiki":"County of Nevers","qid":"Q2070440","rank":-1}},{"type":"Feature","id":1000184,"geometry":{"type":"Point","coordinates":[-7.826,40.58]},"properties":{"code":"235","status":"independent","s":15190101,"e":15201231,"c":4,"country_name":"Kingdom of Portugal","wiki":"Kingdom of Portugal","qid":"Q45670","rank":-10}},{"type":"Feature","id":1000185,"geometry":{"type":"Point","coordinates":[14.899,47.474]},"properties":{"code":"300","status":"independent","s":15190101,"e":15251231,"c":7,"country_name":"Habsburg Monarchy","wiki":"Habsburg Austria","qid":"Q66504140","rank":-11}},{"type":"Feature","id":1000186,"geometry":{"type":"Point","coordinates":[6.384,46.014]},"properties":{"code":"Q1232887","status":"independent","s":15190101,"e":15281231,"c":0,"country_name":"County of Savoy","wiki":"County of Savoy","qid":"Q1232887","rank":-4}},{"type":"Feature","id":1000187,"geometry":{"type":"Point","coordinates":[33.073,39.091]},"properties":{"code":"640","status":"independent","s":15190101,"e":15201231,"c":3,"country_name":"Ottoman Empire","wiki":"Ottoman Empire","qid":"Q12560","rank":-160}},{"type":"Feature","id":1000188,"geometry":{"type":"Point","coordinates":[35.509,58.978]},"properties":{"code":"365","status":"independent","s":15190101,"e":15201231,"c":0,"country_name":"Grand Principality of Moscow","wiki":"Principality of Moscow","qid":"Q170770","rank":-334}},{"type":"Feature","id":1000189,"geometry":{"type":"Point","coordinates":[1.636,42.542]},"properties":{"code":"Q228","status":"independent","s":15190101,"e":15551231,"c":3,"country_name":"Andorra","wiki":"Andorra","qid":"Q228","rank":0}},{"type":"Feature","id":1000191,"geometry":{"type":"Point","coordinates":[8.211,51.688]},"properties":{"code":"Q12548","status":"independent","s":15190101,"e":15251231,"c":8,"country_name":"Holy Roman Empire","wiki":"Holy Roman Empire","qid":"Q12548","rank":-36}},{"type":"Feature","id":1000193,"geometry":{"type":"Point","coordinates":[55.558,47.399]},"properties":{"code":"Q1433867","status":"independent","s":15190101,"e":15201231,"c":11,"country_name":"Kazakh Khanate","wiki":"Kazakh Khanate","qid":"Q1433867","rank":-2}},{"type":"Feature","id":1000194,"geometry":{"type":"Point","coordinates":[45.115,36.307]},"properties":{"code":"Q161205","status":"independent","s":15190101,"e":15201231,"c":2,"country_name":"Safavid Dynasty","wiki":"Safavid dynasty","qid":"Q161205","rank":-126}},{"type":"Feature","id":1000195,"geometry":{"type":"Point","coordinates":[6.146,48.291]},"properties":{"code":"Q155019","status":"independent","s":15190101,"e":15511231,"c":5,"country_name":"Duchy of Lorraine","wiki":"Duchy of Lorraine","qid":"Q155019","rank":-1}},{"type":"Feature","id":1000196,"geometry":{"type":"Point","coordinates":[3.178,45.752]},"properties":{"code":"Q58389","status":"independent","s":15190101,"e":15201231,"c":6,"country_name":"House of Bourbon","wiki":"House of Bourbon","qid":"Q58389","rank":-5}},{"type":"Feature","id":1000197,"geometry":{"type":"Point","coordinates":[-0.313,47.617]},"properties":{"code":"220","status":"independent","s":15190101,"e":15201231,"c":1,"country_name":"Kingdom of France","wiki":"Kingdom of France","qid":"Q207162","rank":-44}},{"type":"Feature","id":1000198,"geometry":{"type":"Point","coordinates":[1.239,45.266]},"properties":{"code":"Q1481436","status":"independent","s":15210101,"e":15251231,"c":0,"country_name":"County of Foix","wiki":"County of Foix","qid":"Q1481436","rank":-2}},{"type":"Feature","id":1000200,"geometry":{"type":"Point","coordinates":[-3.799,39.731]},"properties":{"code":"230","status":"independent","s":15210101,"e":15251231,"c":11,"country_name":"Kingdom of Spain","wiki":"Spain","qid":"Q29","rank":-52}},{"type":"Feature","id":1000201,"geometry":{"type":"Point","coordinates":[51.693,50.676]},"properties":{"code":"Q631210","status":"independent","s":15210101,"e":15551231,"c":2,"country_name":"Nogai Horde","wiki":"Nogai Horde","qid":"Q631210","rank":-55}},{"type":"Feature","id":1000202,"geometry":{"type":"Point","coordinates":[21.636,54.372]},"properties":{"code":"Q48189","status":"independent","s":15210101,"e":15251231,"c":10,"country_name":"Teutonic Order","wiki":"Teutonic Order","qid":"Q48189","rank":-5}},{"type":"Feature","id":1000204,"geometry":{"type":"Point","coordinates":[-7.826,40.58]},"properties":{"code":"235","status":"independent","s":15210101,"e":15551231,"c":4,"country_name":"Kingdom of Portugal","wiki":"Kingdom of Portugal","qid":"Q45670","rank":-10}},{"type":"Feature","id":1000205,"geometry":{"type":"Point","coordinates":[3.391,35.602]},"properties":{"code":"Q307697","status":"independent","s":15210101,"e":15511231,"c":5,"country_name":"Zayyanid dynasty","wiki":"Kingdom of Tlemcen","qid":"Q307697","rank":-12}},{"type":"Feature","id":1000206,"geometry":{"type":"Point","coordinates":[9.103,35.562]},"properties":{"code":"Q752662","status":"independent","s":15210101,"e":15331231,"c":6,"country_name":"Hafsid Dynasty","wiki":"Hafsid dynasty","qid":"Q752662","rank":-22}},{"type":"Feature","id":1000208,"geometry":{"type":"Point","coordinates":[41.177,54.812]},"properties":{"code":"Q836169","status":"independent","s":15210101,"e":15461231,"c":6,"country_name":"Qasim Khanate","wiki":"Qasim Khanate","qid":"Q836169","rank":-3}},{"type":"Feature","id":1000209,"geometry":{"type":"Point","coordinates":[33.073,39.091]},"properties":{"code":"640","status":"independent","s":15210101,"e":15251231,"c":3,"country_name":"Ottoman Empire","wiki":"Ottoman Empire","qid":"Q12560","rank":-161}},{"type":"Feature","id":1000210,"geometry":{"type":"Point","coordinates":[21.321,47.086]},"properties":{"code":"Q171150","status":"independent","s":15210101,"e":15251231,"c":0,"country_name":"Kingdom of Hungary","wiki":"Kingdom of Hungary","qid":"Q171150","rank":-39}},{"type":"Feature","id":1000211,"geometry":{"type":"Point","coordinates":[35.957,58.679]},"properties":{"code":"365","status":"independent","s":15210101,"e":15391231,"c":0,"country_name":"Grand Principality of Moscow","wiki":"Principality of Moscow","qid":"Q170770","rank":-336}},{"type":"Feature","id":1000212,"geometry":{"type":"Point","coordinates":[4.681,36.772]},"properties":{"code":"Q80702","status":"colony","owner":"230","s":15210101,"e":15251231,"c":11,"country_name":"Spanish Empire","wiki":"Spanish Empire","qid":"Q80702","rank":0}},{"type":"Feature","id":1000214,"geometry":{"type":"Point","coordinates":[3.178,45.752]},"properties":{"code":"Q58389","status":"independent","s":15210101,"e":15551231,"c":6,"country_name":"House of Bourbon","wiki":"House of Bourbon","qid":"Q58389","rank":-5}},{"type":"Feature","id":1000215,"geometry":{"type":"Point","coordinates":[45.115,36.307]},"properties":{"code":"Q161205","status":"independent","s":15210101,"e":15251231,"c":2,"country_name":"Safavid Dynasty","wiki":"Safavid dynasty","qid":"Q161205","rank":-126}},{"type":"Feature","id":1000216,"geometry":{"type":"Point","coordinates":[54.624,44.138]},"properties":{"code":"Q1433867","status":"independent","s":15210101,"e":15281231,"c":11,"country_name":"Kazakh Khanate","wiki":"Kazakh Khanate","qid":"Q1433867","rank":-18}},{"type":"Feature","id":1000217,"geometry":{"type":"Point","coordinates":[13.63,61.739]},"properties":{"code":"Q62623","status":"independent","s":15210101,"e":15251231,"c":10,"country_name":"Kalmar Union","wiki":"Kalmar Union","qid":"Q62623","rank":-202}},{"type":"Feature","id":1000219,"geometry":{"type":"Point","coordinates":[1.944,48.486]},"properties":{"code":"220","status":"independent","s":15210101,"e":15251231,"c":1,"country_name":"Kingdom of France","wiki":"Kingdom of France","qid":"Q207162","rank":-46}},{"type":"Feature","id":1000222,"geometry":{"type":"Point","coordinates":[33.073,39.091]},"properties":{"code":"640","status":"independent","s":15260101,"e":15281231,"c":3,"country_name":"Ottoman Empire","wiki":"Ottoman Empire","qid":"Q12560","rank":-162}},{"type":"Feature","id":1000223,"geometry":{"type":"Point","coordinates":[9.089,42.142]},"properties":{"code":"Q174306","status":"independent","s":15260101,"e":15281231,"c":5,"country_name":"Republic of Genoa","wiki":"Republic of Genoa","qid":"Q174306","rank":-1}},{"type":"Feature","id":1000224,"geometry":{"type":"Point","coordinates":[14.906,47.443]},"properties":{"code":"300","status":"independent","s":15260101,"e":15281231,"c":7,"country_name":"Habsburg Monarchy","wiki":"Habsburg Austria","qid":"Q66504140","rank":-12}},{"type":"Feature","id":1000225,"geometry":{"type":"Point","coordinates":[9.017,45.436]},"properties":{"code":"Q153529","status":"independent","s":15260101,"e":15281231,"c":2,"country_name":"Duchy of Milan","wiki":"Duchy of Milan","qid":"Q153529","rank":-2}},{"type":"Feature","id":1000226,"geometry":{"type":"Point","coordinates":[8.863,47.097]},"properties":{"code":"225","status":"independent","s":15260101,"e":15281231,"c":4,"country_name":"Swiss Confederation","wiki":"Switzerland","qid":"Q39","rank":-4}},{"type":"Feature","id":1000228,"geometry":{"type":"Point","coordinates":[11.595,45.519]},"properties":{"code":"Q4948","status":"independent","s":15260101,"e":15631231,"c":6,"country_name":"Republic of Venice","wiki":"Republic of Venice","qid":"Q4948","rank":-4}},{"type":"Feature","id":1000230,"geometry":{"type":"Point","coordinates":[1.239,45.266]},"properties":{"code":"Q1481436","status":"independent","s":15260101,"e":15391231,"c":0,"country_name":"County of Foix","wiki":"County of Foix","qid":"Q1481436","rank":-2}},{"type":"Feature","id":1000231,"geometry":{"type":"Point","coordinates":[9.2,56.1]},"properties":{"code":"390","status":"independent","s":15260101,"e":15631231,"c":9,"country_name":"Denmark-Norway","wiki":"Denmark-Norway","qid":"Q62651","rank":-8}},{"type":"Feature","id":1000232,"geometry":{"type":"Point","coordinates":[-3.438,40.092]},"properties":{"code":"230","status":"independent","s":15260101,"e":15281231,"c":11,"country_name":"Kingdom of Spain","wiki":"Spain","qid":"Q29","rank":-53}},{"type":"Feature","id":1000233,"geometry":{"type":"Point","coordinates":[1.906,48.466]},"properties":{"code":"220","status":"independent","s":15260101,"e":15391231,"c":1,"country_name":"Kingdom of France","wiki":"Kingdom of France","qid":"Q207162","rank":-45}},{"type":"Feature","id":1000234,"geometry":{"type":"Point","coordinates":[27.018,63.111]},"properties":{"code":"380","status":"independent","s":15260101,"e":15631231,"c":7,"country_name":"Kingdom of Sweden","wiki":"Sweden","qid":"Q34","rank":-122}},{"type":"Feature","id":1000235,"geometry":{"type":"Point","coordinates":[16.446,50.184]},"properties":{"code":"Q42585","status":"independent","s":15260101,"e":15281231,"c":2,"country_name":"Kingdom of Bohemia","wiki":"Kingdom of Bohemia","qid":"Q42585","rank":-16}},{"type":"Feature","id":1000237,"geometry":{"type":"Point","coordinates":[8.223,51.67]},"properties":{"code":"Q12548","status":"independent","s":15260101,"e":15281231,"c":8,"country_name":"Holy Roman Empire","wiki":"Holy Roman Empire","qid":"Q12548","rank":-36}},{"type":"Feature","id":1000238,"geometry":{"type":"Point","coordinates":[45.115,36.307]},"properties":{"code":"Q161205","status":"independent","s":15260101,"e":15281231,"c":2,"country_name":"Safavid Dynasty","wiki":"Safavid dynasty","qid":"Q161205","rank":-126}},{"type":"Feature","id":1000239,"geometry":{"type":"Point","coordinates":[4.681,36.772]},"properties":{"code":"Q80702","status":"colony","owner":"230","s":15260101,"e":15281231,"c":11,"country_name":"Spanish Empire","wiki":"Spanish Empire","qid":"Q80702","rank":0}},{"type":"Feature","id":1000240,"geometry":{"type":"Point","coordinates":[21.321,47.086]},"properties":{"code":"Q171150","status":"independent","s":15260101,"e":15281231,"c":0,"country_name":"Kingdom of Hungary","wiki":"Kingdom of Hungary","qid":"Q171150","rank":-38}},{"type":"Feature","id":1000242,"geometry":{"type":"Point","coordinates":[21.636,54.372]},"properties":{"code":"Q153091","status":"independent","s":15260101,"e":16111231,"c":0,"country_name":"Duchy of Prussia","wiki":"Duchy of Prussia","qid":"Q153091","rank":-5}},{"type":"Feature","id":1000243,"geometry":{"type":"Point","coordinates":[12.721,43.16]},"properties":{"code":"Q170174","status":"independent","s":15290101,"e":15551231,"c":3,"country_name":"Papal States","wiki":"Papal States","qid":"Q170174","rank":-4}},{"type":"Feature","id":1000244,"geometry":{"type":"Point","coordinates":[54.624,44.138]},"properties":{"code":"Q1433867","status":"independent","s":15290101,"e":15551231,"c":11,"country_name":"Kazakh Khanate","wiki":"Kazakh Khanate","qid":"Q1433867","rank":-18}},{"type":"Feature","id":1000245,"geometry":{"type":"Point","coordinates":[45.115,36.307]},"properties":{"code":"Q161205","status":"independent","s":15290101,"e":15331231,"c":2,"country_name":"Safavid Dynasty","wiki":"Safavid dynasty","qid":"Q161205","rank":-126}},{"type":"Feature","id":1000246,"geometry":{"type":"Point","coordinates":[8.539,51.877]},"properties":{"code":"Q12548","status":"independent","s":15290101,"e":15391231,"c":8,"country_name":"Holy Roman Empire","wiki":"Holy Roman Empire","qid":"Q12548","rank":-34}},{"type":"Feature","id":1000247,"geometry":{"type":"Point","coordinates":[4.681,36.772]},"properties":{"code":"Q80702","status":"colony","owner":"230","s":15290101,"e":15331231,"c":11,"country_name":"Spanish Empire","wiki":"Spanish Empire","qid":"Q80702","rank":0}},{"type":"Feature","id":1000248,"geometry":{"type":"Point","coordinates":[20.647,47.267]},"properties":{"code":"Q171150","status":"independent","s":15290101,"e":15331231,"c":0,"country_name":"Kingdom of Hungary","wiki":"Kingdom of Hungary","qid":"Q171150","rank":-22}},{"type":"Feature","id":1000249,"geometry":{"type":"Point","coordinates":[15.485,49.73]},"properties":{"code":"300","status":"independent","s":15290101,"e":15391231,"c":7,"country_name":"Habsburg Monarchy","wiki":"Habsburg Austria","qid":"Q66504140","rank":-28}},{"type":"Feature","id":1000250,"geometry":{"type":"Point","coordinates":[9.089,42.142]},"properties":{"code":"Q174306","status":"independent","s":15290101,"e":15391231,"c":5,"country_name":"Republic of Genoa","wiki":"Republic of Genoa","qid":"Q174306","rank":-1}},{"type":"Feature","id":1000251,"geometry":{"type":"Point","coordinates":[9.017,45.436]},"properties":{"code":"Q153529","status":"independent","s":15290101,"e":15331231,"c":2,"country_name":"Duchy of Milan","wiki":"Duchy of Milan","qid":"Q153529","rank":-2}},{"type":"Feature","id":1000253,"geometry":{"type":"Point","coordinates":[13.405,51.196]},"properties":{"code":"Q156199","status":"independent","s":15290101,"e":15461231,"c":1,"country_name":"Electorate of Saxony","wiki":"Electorate of Saxony","qid":"Q156199","rank":-5}},{"type":"Feature","id":1000254,"geometry":{"type":"Point","coordinates":[33.157,39.126]},"properties":{"code":"640","status":"independent","s":15290101,"e":15331231,"c":3,"country_name":"Ottoman Empire","wiki":"Ottoman Empire","qid":"Q12560","rank":-164}},{"type":"Feature","id":1000256,"geometry":{"type":"Point","coordinates":[6.384,46.014]},"properties":{"code":"Q1232887","status":"independent","s":15290101,"e":15331231,"c":0,"country_name":"County of Savoy","wiki":"County of Savoy","qid":"Q1232887","rank":-4}},{"type":"Feature","id":1000257,"geometry":{"type":"Point","coordinates":[24.625,44.647]},"properties":{"code":"Q171393","status":"independent","s":15290101,"e":15391231,"c":11,"country_name":"Principality of Wallachia","wiki":"Wallachia","qid":"Q171393","rank":-9}},{"type":"Feature","id":1000258,"geometry":{"type":"Point","coordinates":[27.465,47.081]},"properties":{"code":"Q10957559","status":"independent","s":15290101,"e":15391231,"c":5,"country_name":"Principality of Moldavia","wiki":"Moldavia","qid":"Q10957559","rank":-10}},{"type":"Feature","id":1000259,"geometry":{"type":"Point","coordinates":[13.653,52.892]},"properties":{"code":"Q148499","status":"independent","s":15290101,"e":15511231,"c":3,"country_name":"Electorate of Brandenburg","wiki":"Margraviate of Brandenburg","qid":"Q148499","rank":-6}},{"type":"Feature","id":1000260,"geometry":{"type":"Point","coordinates":[8.796,46.954]},"properties":{"code":"225","status":"independent","s":15290101,"e":15391231,"c":4,"country_name":"Swiss Confederation","wiki":"Switzerland","qid":"Q39","rank":-5}},{"type":"Feature","id":1000262,"geometry":{"type":"Point","coordinates":[-3.438,40.092]},"properties":{"code":"230","status":"independent","s":15290101,"e":15331231,"c":11,"country_name":"Kingdom of Spain","wiki":"Spain","qid":"Q29","rank":-53}},{"type":"Feature","id":1000263,"geometry":{"type":"Point","coordinates":[24.003,46.563]},"properties":{"code":"Q625380","status":"independent","s":15290101,"e":15391231,"c":9,"country_name":"Eastern Hungarian Kingdom","wiki":"Eastern Hungarian Kingdom","qid":"Q625380","rank":-7}},{"type":"Feature","id":1000264,"geometry":{"type":"Point","coordinates":[9.103,35.562]},"properties":{"code":"Q752662","status":"independent","s":15340101,"e":15391231,"c":6,"country_name":"Hafsid Dynasty","wiki":"Hafsid dynasty","qid":"Q752662","rank":-22}},{"type":"Feature","id":1000265,"geometry":{"type":"Point","coordinates":[48.413,40.628]},"properties":{"code":"Q638064","status":"independent","s":15340101,"e":15391231,"c":11,"country_name":"Shirvan","wiki":"Shirvan","qid":"Q638064","rank":-5}},{"type":"Feature","id":1000266,"geometry":{"type":"Point","coordinates":[39.491,37.129]},"properties":{"code":"640","status":"independent","s":15340101,"e":15391231,"c":3,"country_name":"Ottoman Empire","wiki":"Ottoman Empire","qid":"Q12560","rank":-198}},{"type":"Feature","id":1000267,"geometry":{"type":"Point","coordinates":[6.384,46.014]},"properties":{"code":"Q1232887","status":"independent","s":15340101,"e":15391231,"c":0,"country_name":"County of Savoy","wiki":"County of Savoy","qid":"Q1232887","rank":-4}},{"type":"Feature","id":1000269,"geometry":{"type":"Point","coordinates":[9.017,45.436]},"properties":{"code":"Q153529","status":"independent","s":15340101,"e":15391231,"c":2,"country_name":"Duchy of Milan","wiki":"Duchy of Milan","qid":"Q153529","rank":-2}},{"type":"Feature","id":1000270,"geometry":{"type":"Point","coordinates":[-3.438,40.092]},"properties":{"code":"230","status":"independent","s":15340101,"e":15391231,"c":11,"country_name":"Kingdom of Spain","wiki":"Spain","qid":"Q29","rank":-53}},{"type":"Feature","id":1000271,"geometry":{"type":"Point","coordinates":[-9.062,32.426]},"properties":{"code":"Q16879646","status":"colony","owner":"235","s":15340101,"e":15461231,"c":4,"country_name":"Portuguese Africa","wiki":"Portuguese Africa","qid":"Q16879646","rank":-1}},{"type":"Feature","id":1000273,"geometry":{"type":"Point","coordinates":[52.624,33.313]},"properties":{"code":"Q161205","status":"independent","s":15340101,"e":15391231,"c":2,"country_name":"Safavid Dynasty","wiki":"Safavid dynasty","qid":"Q161205","rank":-89}},{"type":"Feature","id":1000274,"geometry":{"type":"Point","coordinates":[19.4,47.069]},"properties":{"code":"Q171150","status":"independent","s":15340101,"e":15391231,"c":0,"country_name":"Kingdom of Hungary","wiki":"Kingdom of Hungary","qid":"Q171150","rank":-29}},{"type":"Feature","id":1000275,"geometry":{"type":"Point","coordinates":[4.681,36.772]},"properties":{"code":"Q80702","status":"colony","owner":"230","s":15340101,"e":15391231,"c":11,"country_name":"Spanish Empire","wiki":"Spanish Empire","qid":"Q80702","rank":0}},{"type":"Feature","id":1000276,"geometry":{"type":"Point","coordinates":[35.957,58.679]},"properties":{"code":"365","status":"independent","s":15400101,"e":15461231,"c":0,"country_name":"Grand Principality of Moscow","wiki":"Principality of Moscow","qid":"Q170770","rank":-336}},{"type":"Feature","id":1000277,"geometry":{"type":"Point","coordinates":[20.059,46.475]},"properties":{"code":"Q171150","status":"independent","s":15400101,"e":15461231,"c":0,"country_name":"Kingdom of Hungary","wiki":"Kingdom of Hungary","qid":"Q171150","rank":-14}},{"type":"Feature","id":1000278,"geometry":{"type":"Point","coordinates":[44.611,41.233]},"properties":{"code":"Q154667","status":"independent","s":15400101,"e":15511231,"c":8,"country_name":"Kingdom of Georgia","wiki":"Kingdom of Georgia","qid":"Q154667","rank":-3}},{"type":"Feature","id":1000279,"geometry":{"type":"Point","coordinates":[4.681,36.772]},"properties":{"code":"Q80702","status":"colony","owner":"230","s":15400101,"e":15461231,"c":11,"country_name":"Spanish Empire","wiki":"Spanish Empire","qid":"Q80702","rank":0}},{"type":"Feature","id":1000280,"geometry":{"type":"Point","coordinates":[8.539,51.877]},"properties":{"code":"Q12548","status":"independent","s":15400101,"e":15461231,"c":8,"country_name":"Holy Roman Empire","wiki":"Holy Roman Empire","qid":"Q12548","rank":-33}},{"type":"Feature","id":1000281,"geometry":{"type":"Point","coordinates":[51.146,33.298]},"properties":{"code":"Q161205","status":"independent","s":15400101,"e":15461231,"c":2,"country_name":"Safavid Dynasty","wiki":"Safavid dynasty","qid":"Q161205","rank":-94}},{"type":"Feature","id":1000282,"geometry":{"type":"Point","coordinates":[-1.624,52.597]},"properties":{"code":"200","status":"independent","s":15400101,"e":15461231,"c":4,"country_name":"Kingdom of England","wiki":"Kingdom of England","qid":"Q179876","rank":-21}},{"type":"Feature","id":1000283,"geometry":{"type":"Point","coordinates":[2.069,46.802]},"properties":{"code":"220","status":"independent","s":15400101,"e":15461231,"c":1,"country_name":"Kingdom of France","wiki":"Kingdom of France","qid":"Q207162","rank":-57}},{"type":"Feature","id":1000284,"geometry":{"type":"Point","coordinates":[23.886,46.761]},"properties":{"code":"Q625380","status":"independent","s":15400101,"e":15461231,"c":9,"country_name":"Eastern Hungarian Kingdom","wiki":"Eastern Hungarian Kingdom","qid":"Q625380","rank":-10}},{"type":"Feature","id":1000285,"geometry":{"type":"Point","coordinates":[-3.438,40.092]},"properties":{"code":"230","status":"independent","s":15400101,"e":15461231,"c":11,"country_name":"Kingdom of Spain","wiki":"Spain","qid":"Q29","rank":-53}},{"type":"Feature","id":1000286,"geometry":{"type":"Point","coordinates":[1.239,45.266]},"properties":{"code":"Q1481436","status":"independent","s":15400101,"e":15511231,"c":0,"country_name":"County of Foix","wiki":"County of Foix","qid":"Q1481436","rank":-2}},{"type":"Feature","id":1000287,"geometry":{"type":"Point","coordinates":[27.046,52.203]},"properties":{"code":"Q194355","status":"independent","s":15400101,"e":15461231,"c":6,"country_name":"House of Jagiellon","wiki":"Jagiellonian dynasty","qid":"Q194355","rank":-99}},{"type":"Feature","id":1000288,"geometry":{"type":"Point","coordinates":[27.454,47.081]},"properties":{"code":"Q10957559","status":"independent","s":15400101,"e":15941231,"c":5,"country_name":"Principality of Moldavia","wiki":"Moldavia","qid":"Q10957559","rank":-10}},{"type":"Feature","id":1000289,"geometry":{"type":"Point","coordinates":[8.805,46.954]},"properties":{"code":"225","status":"independent","s":15400101,"e":15511231,"c":4,"country_name":"Swiss Confederation","wiki":"Switzerland","qid":"Q39","rank":-5}},{"type":"Feature","id":1000290,"geometry":{"type":"Point","coordinates":[9.103,35.562]},"properties":{"code":"Q752662","status":"independent","s":15400101,"e":15511231,"c":6,"country_name":"Hafsid Dynasty","wiki":"Hafsid dynasty","qid":"Q752662","rank":-22}},{"type":"Feature","id":1000291,"geometry":{"type":"Point","coordinates":[15.485,49.73]},"properties":{"code":"300","status":"independent","s":15400101,"e":15461231,"c":7,"country_name":"Habsburg Monarchy","wiki":"Habsburg Austria","qid":"Q66504140","rank":-28}},{"type":"Feature","id":1000292,"geometry":{"type":"Point","coordinates":[9.089,42.142]},"properties":{"code":"Q174306","status":"independent","s":15400101,"e":15461231,"c":5,"country_name":"Republic of Genoa","wiki":"Republic of Genoa","qid":"Q174306","rank":-1}},{"type":"Feature","id":1000296,"geometry":{"type":"Point","coordinates":[24.561,44.647]},"properties":{"code":"Q171393","status":"independent","s":15400101,"e":15991231,"c":11,"country_name":"Principality of Wallachia","wiki":"Wallachia","qid":"Q171393","rank":-9}},{"type":"Feature","id":1000297,"geometry":{"type":"Point","coordinates":[39.491,37.129]},"properties":{"code":"640","status":"independent","s":15400101,"e":15461231,"c":3,"country_name":"Ottoman Empire","wiki":"Ottoman Empire","qid":"Q12560","rank":-200}},{"type":"Feature","id":1000298,"geometry":{"type":"Point","coordinates":[-1.624,52.597]},"properties":{"code":"200","status":"independent","s":15470101,"e":15511231,"c":4,"country_name":"Kingdom of England","wiki":"Kingdom of England","qid":"Q179876","rank":-21}},{"type":"Feature","id":1000299,"geometry":{"type":"Point","coordinates":[2.069,46.802]},"properties":{"code":"220","status":"independent","s":15470101,"e":15511231,"c":1,"country_name":"Kingdom of France","wiki":"Kingdom of France","qid":"Q207162","rank":-57}},{"type":"Feature","id":1000300,"geometry":{"type":"Point","coordinates":[51.146,33.298]},"properties":{"code":"Q161205","status":"independent","s":15470101,"e":15511231,"c":2,"country_name":"Safavid Dynasty","wiki":"Safavid dynasty","qid":"Q161205","rank":-94}},{"type":"Feature","id":1000301,"geometry":{"type":"Point","coordinates":[8.539,51.877]},"properties":{"code":"Q12548","status":"independent","s":15470101,"e":15511231,"c":8,"country_name":"Holy Roman Empire","wiki":"Holy Roman Empire","qid":"Q12548","rank":-33}},{"type":"Feature","id":1000303,"geometry":{"type":"Point","coordinates":[49.567,55.711]},"properties":{"code":"Q186537","status":"independent","s":15470101,"e":15511231,"c":11,"country_name":"Khanate of Kazan","wiki":"Khanate of Kazan","qid":"Q186537","rank":-24}},{"type":"Feature","id":1000305,"geometry":{"type":"Point","coordinates":[4.681,36.772]},"properties":{"code":"Q80702","status":"colony","owner":"230","s":15470101,"e":15511231,"c":11,"country_name":"Spanish Empire","wiki":"Spanish Empire","qid":"Q80702","rank":0}},{"type":"Feature","id":1000308,"geometry":{"type":"Point","coordinates":[15.485,49.73]},"properties":{"code":"300","status":"independent","s":15470101,"e":15511231,"c":7,"country_name":"Habsburg Monarchy","wiki":"Habsburg Austria","qid":"Q66504140","rank":-28}},{"type":"Feature","id":1000309,"geometry":{"type":"Point","coordinates":[9.089,42.142]},"properties":{"code":"Q174306","status":"independent","s":15470101,"e":15631231,"c":5,"country_name":"Republic of Genoa","wiki":"Republic of Genoa","qid":"Q174306","rank":-1}},{"type":"Feature","id":1000310,"geometry":{"type":"Point","coordinates":[13.405,51.196]},"properties":{"code":"Q156199","status":"independent","s":15470101,"e":15511231,"c":1,"country_name":"Electorate of Saxony","wiki":"Electorate of Saxony","qid":"Q156199","rank":-5}},{"type":"Feature","id":1000311,"geometry":{"type":"Point","coordinates":[39.511,37.134]},"properties":{"code":"640","status":"independent","s":15470101,"e":15511231,"c":3,"country_name":"Ottoman Empire","wiki":"Ottoman Empire","qid":"Q12560","rank":-208}},{"type":"Feature","id":1000312,"geometry":{"type":"Point","coordinates":[42.202,41.761]},"properties":{"code":"Q2195101","status":"independent","s":15470101,"e":15631231,"c":10,"country_name":"Principality of Guria","wiki":"Principality of Guria","qid":"Q2195101","rank":0}},{"type":"Feature","id":1000313,"geometry":{"type":"Point","coordinates":[35.957,58.679]},"properties":{"code":"365","status":"independent","s":15470101,"e":15511231,"c":0,"country_name":"Tsardom of Russia","wiki":"Tsardom of Russia","qid":"Q186096","rank":-336}},{"type":"Feature","id":1000314,"geometry":{"type":"Point","coordinates":[41.177,54.812]},"properties":{"code":"Q836169","status":"independent","s":15470101,"e":15511231,"c":6,"country_name":"Qasim Khanate","wiki":"Qasim Khanate","qid":"Q836169","rank":-3}},{"type":"Feature","id":1000315,"geometry":{"type":"Point","coordinates":[-6.176,32.049]},"properties":{"code":"Q970799","status":"independent","s":15470101,"e":15511231,"c":7,"country_name":"Wattasid dynasty","wiki":"Wattasid dynasty","qid":"Q970799","rank":-29}},{"type":"Feature","id":1000316,"geometry":{"type":"Point","coordinates":[27.046,52.203]},"properties":{"code":"Q194355","status":"independent","s":15470101,"e":15551231,"c":6,"country_name":"House of Jagiellon","wiki":"Jagiellonian dynasty","qid":"Q194355","rank":-99}},{"type":"Feature","id":1000317,"geometry":{"type":"Point","coordinates":[11.265,43.87]},"properties":{"code":"Q148540","status":"independent","s":15470101,"e":15551231,"c":0,"country_name":"Republic of Florence","wiki":"Republic of Florence","qid":"Q148540","rank":-1}},{"type":"Feature","id":1000319,"geometry":{"type":"Point","coordinates":[-3.438,40.092]},"properties":{"code":"230","status":"independent","s":15470101,"e":15551231,"c":11,"country_name":"Kingdom of Spain","wiki":"Spain","qid":"Q29","rank":-53}},{"type":"Feature","id":1000320,"geometry":{"type":"Point","coordinates":[-5.751,35.637]},"properties":{"code":"Q16879646","status":"colony","owner":"235","s":15470101,"e":15631231,"c":4,"country_name":"Portuguese Africa","wiki":"Portuguese Africa","qid":"Q16879646","rank":0}},{"type":"Feature","id":1000321,"geometry":{"type":"Point","coordinates":[23.3,47.078]},"properties":{"code":"Q625380","status":"independent","s":15470101,"e":15511231,"c":9,"country_name":"Eastern Hungarian Kingdom","wiki":"Eastern Hungarian Kingdom","qid":"Q625380","rank":-17}},{"type":"Feature","id":1000322,"geometry":{"type":"Point","coordinates":[44.611,41.233]},"properties":{"code":"Q154667","status":"independent","s":15520101,"e":15781231,"c":8,"country_name":"Kingdom of Georgia","wiki":"Kingdom of Georgia","qid":"Q154667","rank":-3}},{"type":"Feature","id":1000323,"geometry":{"type":"Point","coordinates":[4.681,36.772]},"properties":{"code":"Q80702","status":"colony","owner":"230","s":15520101,"e":15631231,"c":11,"country_name":"Spanish Empire","wiki":"Spanish Empire","qid":"Q80702","rank":0}},{"type":"Feature","id":1000324,"geometry":{"type":"Point","coordinates":[36.164,47.751]},"properties":{"code":"Q160440","status":"independent","s":15520101,"e":15711231,"c":8,"country_name":"Crimean Khanate","wiki":"Crimean Khanate","qid":"Q160440","rank":-8}},{"type":"Feature","id":1000325,"geometry":{"type":"Point","coordinates":[-4.409,56.582]},"properties":{"code":"Q230791","status":"independent","s":15520101,"e":15551231,"c":6,"country_name":"Kingdom of Scotland","wiki":"Kingdom of Scotland","qid":"Q230791","rank":-12}},{"type":"Feature","id":1000326,"geometry":{"type":"Point","coordinates":[2.069,46.802]},"properties":{"code":"220","status":"independent","s":15520101,"e":15551231,"c":1,"country_name":"Kingdom of France","wiki":"Kingdom of France","qid":"Q207162","rank":-57}},{"type":"Feature","id":1000327,"geometry":{"type":"Point","coordinates":[-1.624,52.597]},"properties":{"code":"200","status":"independent","s":15520101,"e":15551231,"c":4,"country_name":"Kingdom of England","wiki":"Kingdom of England","qid":"Q179876","rank":-21}},{"type":"Feature","id":1000328,"geometry":{"type":"Point","coordinates":[52.657,33.296]},"properties":{"code":"Q161205","status":"independent","s":15520101,"e":15551231,"c":2,"country_name":"Safavid Dynasty","wiki":"Safavid dynasty","qid":"Q161205","rank":-87}},{"type":"Feature","id":1000329,"geometry":{"type":"Point","coordinates":[8.539,51.877]},"properties":{"code":"Q12548","status":"independent","s":15520101,"e":15551231,"c":8,"country_name":"Holy Roman Empire","wiki":"Holy Roman Empire","qid":"Q12548","rank":-33}},{"type":"Feature","id":1000330,"geometry":{"type":"Point","coordinates":[40.879,48.49]},"properties":{"code":"Q1057292","status":"independent","s":15520101,"e":15941231,"c":7,"country_name":"Don Cossacks","wiki":"Don Cossacks","qid":"Q1057292","rank":-8}},{"type":"Feature","id":1000331,"geometry":{"type":"Point","coordinates":[6.161,48.291]},"properties":{"code":"Q155019","status":"independent","s":15520101,"e":15551231,"c":5,"country_name":"Duchy of Lorraine","wiki":"Duchy of Lorraine","qid":"Q155019","rank":-1}},{"type":"Feature","id":1000332,"geometry":{"type":"Point","coordinates":[23.686,46.883]},"properties":{"code":"Q625380","status":"independent","s":15520101,"e":15551231,"c":9,"country_name":"Eastern Hungarian Kingdom","wiki":"Eastern Hungarian Kingdom","qid":"Q625380","rank":-13}},{"type":"Feature","id":1000333,"geometry":{"type":"Point","coordinates":[1.239,45.266]},"properties":{"code":"Q1481436","status":"independent","s":15520101,"e":15551231,"c":0,"country_name":"County of Foix","wiki":"County of Foix","qid":"Q1481436","rank":-2}},{"type":"Feature","id":1000335,"geometry":{"type":"Point","coordinates":[15.485,49.73]},"properties":{"code":"300","status":"independent","s":15520101,"e":15551231,"c":7,"country_name":"Habsburg Monarchy","wiki":"Habsburg Austria","qid":"Q66504140","rank":-28}},{"type":"Feature","id":1000336,"geometry":{"type":"Point","coordinates":[13.405,51.196]},"properties":{"code":"Q156199","status":"independent","s":15520101,"e":15551231,"c":1,"country_name":"Electorate of Saxony","wiki":"Electorate of Saxony","qid":"Q156199","rank":-4}},{"type":"Feature","id":1000337,"geometry":{"type":"Point","coordinates":[39.795,37.451]},"properties":{"code":"640","status":"independent","s":15520101,"e":15551231,"c":3,"country_name":"Ottoman Empire","wiki":"Ottoman Empire","qid":"Q12560","rank":-223}},{"type":"Feature","id":1000338,"geometry":{"type":"Point","coordinates":[47.234,60.546]},"properties":{"code":"365","status":"independent","s":15520101,"e":15551231,"c":0,"country_name":"Tsardom of Russia","wiki":"Tsardom of Russia","qid":"Q186096","rank":-383}},{"type":"Feature","id":1000339,"geometry":{"type":"Point","coordinates":[13.653,52.892]},"properties":{"code":"Q148499","status":"independent","s":15520101,"e":15631231,"c":3,"country_name":"Electorate of Brandenburg","wiki":"Margraviate of Brandenburg","qid":"Q148499","rank":-6}},{"type":"Feature","id":1000340,"geometry":{"type":"Point","coordinates":[-6.176,32.049]},"properties":{"code":"Q970799","status":"independent","s":15520101,"e":15551231,"c":7,"country_name":"Wattasid dynasty","wiki":"Wattasid dynasty","qid":"Q970799","rank":-29}},{"type":"Feature","id":1000341,"geometry":{"type":"Point","coordinates":[3.391,35.602]},"properties":{"code":"Q307697","status":"independent","s":15520101,"e":15551231,"c":5,"country_name":"Zayyanid dynasty","wiki":"Kingdom of Tlemcen","qid":"Q307697","rank":-12}},{"type":"Feature","id":1000342,"geometry":{"type":"Point","coordinates":[9.038,35.574]},"properties":{"code":"Q752662","status":"independent","s":15520101,"e":15551231,"c":6,"country_name":"Hafsid Dynasty","wiki":"Hafsid dynasty","qid":"Q752662","rank":-17}},{"type":"Feature","id":1000343,"geometry":{"type":"Point","coordinates":[8.805,46.954]},"properties":{"code":"225","status":"independent","s":15520101,"e":15551231,"c":4,"country_name":"Swiss Confederation","wiki":"Switzerland","qid":"Q39","rank":-5}},{"type":"Feature","id":1000344,"geometry":{"type":"Point","coordinates":[51.674,50.645]},"properties":{"code":"Q631210","status":"independent","s":15560101,"e":15631231,"c":2,"country_name":"Nogai Horde","wiki":"Nogai Horde","qid":"Q631210","rank":-55}},{"type":"Feature","id":1000345,"geometry":{"type":"Point","coordinates":[-3.438,40.092]},"properties":{"code":"230","status":"independent","s":15560101,"e":15631231,"c":11,"country_name":"Kingdom of Spain","wiki":"Spain","qid":"Q29","rank":-53}},{"type":"Feature","id":1000346,"geometry":{"type":"Point","coordinates":[23.686,46.883]},"properties":{"code":"Q625380","status":"independent","s":15560101,"e":15631231,"c":9,"country_name":"Eastern Hungarian Kingdom","wiki":"Eastern Hungarian Kingdom","qid":"Q625380","rank":-13}},{"type":"Feature","id":1000347,"geometry":{"type":"Point","coordinates":[25.863,58.054]},"properties":{"code":"Q33698","status":"independent","s":15560101,"e":15631231,"c":1,"country_name":"Livonian Conference","wiki":"Livonian language","qid":"Q33698","rank":-17}},{"type":"Feature","id":1000348,"geometry":{"type":"Point","coordinates":[27.046,52.203]},"properties":{"code":"Q194355","status":"independent","s":15560101,"e":15631231,"c":6,"country_name":"House of Jagiellon","wiki":"Jagiellonian dynasty","qid":"Q194355","rank":-99}},{"type":"Feature","id":1000349,"geometry":{"type":"Point","coordinates":[11.251,43.468]},"properties":{"code":"Q148540","status":"independent","s":15560101,"e":15690826,"c":0,"country_name":"Republic of Florence","wiki":"Republic of Florence","qid":"Q148540","rank":-2}},{"type":"Feature","id":1000350,"geometry":{"type":"Point","coordinates":[11.251,43.468]},"properties":{"code":"Q154849","status":"independent","s":15690827,"e":15711231,"c":5,"country_name":"Grand Duchy of Tuscany","wiki":"Grand Duchy of Tuscany","qid":"Q154849","rank":-2}},{"type":"Feature","id":1000351,"geometry":{"type":"Point","coordinates":[48.602,60.407]},"properties":{"code":"365","status":"independent","s":15560101,"e":15631231,"c":0,"country_name":"Tsardom of Russia","wiki":"Tsardom of Russia","qid":"Q186096","rank":-415}},{"type":"Feature","id":1000352,"geometry":{"type":"Point","coordinates":[-7.826,40.58]},"properties":{"code":"235","status":"independent","s":15560101,"e":15631231,"c":4,"country_name":"Kingdom of Portugal","wiki":"Kingdom of Portugal","qid":"Q45670","rank":-10}},{"type":"Feature","id":1000353,"geometry":{"type":"Point","coordinates":[9.535,35.29]},"properties":{"code":"Q752662","status":"independent","s":15560101,"e":15631231,"c":6,"country_name":"Hafsid Dynasty","wiki":"Hafsid dynasty","qid":"Q752662","rank":-9}},{"type":"Feature","id":1000354,"geometry":{"type":"Point","coordinates":[8.807,46.954]},"properties":{"code":"225","status":"independent","s":15560101,"e":15631231,"c":4,"country_name":"Swiss Confederation","wiki":"Switzerland","qid":"Q39","rank":-5}},{"type":"Feature","id":1000356,"geometry":{"type":"Point","coordinates":[16.44,49.199]},"properties":{"code":"300","status":"independent","s":15560101,"e":15631231,"c":7,"country_name":"Habsburg Monarchy","wiki":"Habsburg monarchy","qid":"Q66504140","rank":-40}},{"type":"Feature","id":1000357,"geometry":{"type":"Point","coordinates":[13.343,51.184]},"properties":{"code":"Q156199","status":"independent","s":15560101,"e":15631231,"c":1,"country_name":"Electorate of Saxony","wiki":"Electorate of Saxony","qid":"Q156199","rank":-3}},{"type":"Feature","id":1000358,"geometry":{"type":"Point","coordinates":[39.795,37.451]},"properties":{"code":"640","status":"independent","s":15560101,"e":15631231,"c":3,"country_name":"Ottoman Empire","wiki":"Ottoman Empire","qid":"Q12560","rank":-223}},{"type":"Feature","id":1000360,"geometry":{"type":"Point","coordinates":[-4.409,56.582]},"properties":{"code":"Q230791","status":"independent","s":15560101,"e":15781231,"c":6,"country_name":"Kingdom of Scotland","wiki":"Kingdom of Scotland","qid":"Q230791","rank":-12}},{"type":"Feature","id":1000361,"geometry":{"type":"Point","coordinates":[1.629,42.552]},"properties":{"code":"Q228","status":"independent","s":15560101,"e":16391231,"c":3,"country_name":"Andorra","wiki":"Andorra","qid":"Q228","rank":0}},{"type":"Feature","id":1000362,"geometry":{"type":"Point","coordinates":[11.855,49.439]},"properties":{"code":"Q1794352","status":"independent","s":15560101,"e":16111231,"c":9,"country_name":"Electorate of Trier","wiki":"Electorate of Trier","qid":"Q1794352","rank":-1}},{"type":"Feature","id":1000363,"geometry":{"type":"Point","coordinates":[54.624,44.138]},"properties":{"code":"Q1433867","status":"independent","s":15560101,"e":15711231,"c":11,"country_name":"Kazakh Khanate","wiki":"Kazakh Khanate","qid":"Q1433867","rank":-18}},{"type":"Feature","id":1000364,"geometry":{"type":"Point","coordinates":[52.657,33.296]},"properties":{"code":"Q161205","status":"independent","s":15560101,"e":15781231,"c":2,"country_name":"Safavid Dynasty","wiki":"Safavid dynasty","qid":"Q161205","rank":-87}},{"type":"Feature","id":1000365,"geometry":{"type":"Point","coordinates":[8.421,51.523]},"properties":{"code":"Q12548","status":"independent","s":15560101,"e":15631231,"c":8,"country_name":"Holy Roman Empire","wiki":"Holy Roman Empire","qid":"Q12548","rank":-34}},{"type":"Feature","id":1000366,"geometry":{"type":"Point","coordinates":[2.585,45.519]},"properties":{"code":"Q58389","status":"independent","s":15560101,"e":15631231,"c":6,"country_name":"House of Bourbon","wiki":"House of Bourbon","qid":"Q58389","rank":-7}},{"type":"Feature","id":1000367,"geometry":{"type":"Point","coordinates":[6.161,48.291]},"properties":{"code":"Q155019","status":"independent","s":15560101,"e":15871231,"c":5,"country_name":"Duchy of Lorraine","wiki":"Duchy of Lorraine","qid":"Q155019","rank":-1}},{"type":"Feature","id":1000368,"geometry":{"type":"Point","coordinates":[12.721,43.16]},"properties":{"code":"Q170174","status":"independent","s":15560101,"e":15991231,"c":3,"country_name":"Papal States","wiki":"Papal States","qid":"Q170174","rank":-4}},{"type":"Feature","id":1000369,"geometry":{"type":"Point","coordinates":[-6.176,32.049]},"properties":{"code":"Q1136188","status":"independent","s":15560101,"e":15811231,"c":8,"country_name":"Saadi Sultanate","wiki":"Saadi Sultanate","qid":"Q1136188","rank":-29}},{"type":"Feature","id":1000370,"geometry":{"type":"Point","coordinates":[-1.624,52.597]},"properties":{"code":"200","status":"independent","s":15560101,"e":15631231,"c":4,"country_name":"Kingdom of England","wiki":"Kingdom of England","qid":"Q179876","rank":-21}},{"type":"Feature","id":1000371,"geometry":{"type":"Point","coordinates":[2.069,46.802]},"properties":{"code":"220","status":"independent","s":15560101,"e":15631231,"c":1,"country_name":"Kingdom of France","wiki":"Kingdom of France","qid":"Q207162","rank":-57}},{"type":"Feature","id":1000373,"geometry":{"type":"Point","coordinates":[16.44,49.199]},"properties":{"code":"300","status":"independent","s":15640101,"e":15711231,"c":7,"country_name":"Habsburg Monarchy","wiki":"Habsburg monarchy","qid":"Q66504140","rank":-40}},{"type":"Feature","id":1000374,"geometry":{"type":"Point","coordinates":[9.089,42.142]},"properties":{"code":"Q174306","status":"independent","s":15640101,"e":16311231,"c":5,"country_name":"Republic of Genoa","wiki":"Republic of Genoa","qid":"Q174306","rank":-1}},{"type":"Feature","id":1000376,"geometry":{"type":"Point","coordinates":[13.343,51.184]},"properties":{"code":"Q156199","status":"independent","s":15640101,"e":15781231,"c":1,"country_name":"Electorate of Saxony","wiki":"Electorate of Saxony","qid":"Q156199","rank":-3}},{"type":"Feature","id":1000377,"geometry":{"type":"Point","coordinates":[39.795,37.451]},"properties":{"code":"640","status":"independent","s":15640101,"e":15711231,"c":3,"country_name":"Ottoman Empire","wiki":"Ottoman Empire","qid":"Q12560","rank":-224}},{"type":"Feature","id":1000378,"geometry":{"type":"Point","coordinates":[42.102,41.782]},"properties":{"code":"Q2195101","status":"independent","s":15640101,"e":15711231,"c":10,"country_name":"Principality of Guria","wiki":"Principality of Guria","qid":"Q2195101","rank":0}},{"type":"Feature","id":1000379,"geometry":{"type":"Point","coordinates":[48.605,60.407]},"properties":{"code":"365","status":"independent","s":15640101,"e":15711231,"c":0,"country_name":"Tsardom of Russia","wiki":"Tsardom of Russia","qid":"Q186096","rank":-419}},{"type":"Feature","id":1000380,"geometry":{"type":"Point","coordinates":[11.595,45.519]},"properties":{"code":"Q4948","status":"independent","s":15640101,"e":15711231,"c":6,"country_name":"Republic of Venice","wiki":"Republic of Venice","qid":"Q4948","rank":-4}},{"type":"Feature","id":1000381,"geometry":{"type":"Point","coordinates":[13.653,52.892]},"properties":{"code":"Q148499","status":"independent","s":15640101,"e":15711231,"c":3,"country_name":"Electorate of Brandenburg","wiki":"Margraviate of Brandenburg","qid":"Q148499","rank":-6}},{"type":"Feature","id":1000382,"geometry":{"type":"Point","coordinates":[-7.826,40.58]},"properties":{"code":"235","status":"independent","s":15640101,"e":15811231,"c":4,"country_name":"Kingdom of Portugal","wiki":"Kingdom of Portugal","qid":"Q45670","rank":-10}},{"type":"Feature","id":1000383,"geometry":{"type":"Point","coordinates":[8.807,46.954]},"properties":{"code":"225","status":"independent","s":15640101,"e":15711231,"c":4,"country_name":"Swiss Confederation","wiki":"Switzerland","qid":"Q39","rank":-5}},{"type":"Feature","id":1000384,"geometry":{"type":"Point","coordinates":[9.535,35.29]},"properties":{"code":"Q752662","status":"independent","s":15640101,"e":15711231,"c":6,"country_name":"Hafsid Dynasty","wiki":"Hafsid dynasty","qid":"Q752662","rank":-9}},{"type":"Feature","id":1000385,"geometry":{"type":"Point","coordinates":[26.999,52.192]},"properties":{"code":"Q194355","status":"independent","s":15640101,"e":15711231,"c":6,"country_name":"House of Jagiellon","wiki":"Jagiellonian dynasty","qid":"Q194355","rank":-102}},{"type":"Feature","id":1000386,"geometry":{"type":"Point","coordinates":[51.674,50.645]},"properties":{"code":"Q631210","status":"independent","s":15640101,"e":15711231,"c":2,"country_name":"Small Horde","wiki":"Nogai Horde","qid":"Q631210","rank":-55}},{"type":"Feature","id":1000387,"geometry":{"type":"Point","coordinates":[7.555,45.273]},"properties":{"code":"325","status":"independent","s":15640101,"e":15711231,"c":2,"country_name":"House of Savoy","wiki":"House of Savoy","qid":"Q200229","rank":-4}},{"type":"Feature","id":1000388,"geometry":{"type":"Point","coordinates":[-3.438,40.092]},"properties":{"code":"230","status":"independent","s":15640101,"e":15711231,"c":11,"country_name":"Kingdom of Spain","wiki":"Spain","qid":"Q29","rank":-53}},{"type":"Feature","id":1000389,"geometry":{"type":"Point","coordinates":[-5.751,35.637]},"properties":{"code":"Q16879646","status":"colony","owner":"235","s":15640101,"e":15781231,"c":4,"country_name":"Portuguese Africa","wiki":"Portuguese Africa","qid":"Q16879646","rank":0}},{"type":"Feature","id":1000390,"geometry":{"type":"Point","coordinates":[23.686,46.883]},"properties":{"code":"Q625380","status":"independent","s":15640101,"e":15711231,"c":9,"country_name":"Eastern Hungarian Kingdom","wiki":"Eastern Hungarian Kingdom","qid":"Q625380","rank":-13}},{"type":"Feature","id":1000391,"geometry":{"type":"Point","coordinates":[9.2,56.1]},"properties":{"code":"390","status":"independent","s":15640101,"e":15711231,"c":9,"country_name":"Denmark-Norway","wiki":"Denmark-Norway","qid":"Q62651","rank":-8}},{"type":"Feature","id":1000392,"geometry":{"type":"Point","coordinates":[27.017,63.111]},"properties":{"code":"380","status":"independent","s":15640101,"e":15711231,"c":7,"country_name":"Kingdom of Sweden","wiki":"Sweden","qid":"Q34","rank":-132}},{"type":"Feature","id":1000393,"geometry":{"type":"Point","coordinates":[1.906,48.466]},"properties":{"code":"220","status":"independent","s":15640101,"e":15711231,"c":1,"country_name":"Kingdom of France","wiki":"Kingdom of France","qid":"Q207162","rank":-46}},{"type":"Feature","id":1000394,"geometry":{"type":"Point","coordinates":[-1.624,52.597]},"properties":{"code":"200","status":"independent","s":15640101,"e":15781231,"c":4,"country_name":"Kingdom of England","wiki":"Kingdom of England","qid":"Q179876","rank":-21}},{"type":"Feature","id":1000395,"geometry":{"type":"Point","coordinates":[8.451,51.493]},"properties":{"code":"Q12548","status":"independent","s":15640101,"e":15711231,"c":8,"country_name":"Holy Roman Empire","wiki":"Holy Roman Empire","qid":"Q12548","rank":-34}},{"type":"Feature","id":1000396,"geometry":{"type":"Point","coordinates":[2.585,45.519]},"properties":{"code":"Q58389","status":"independent","s":15640101,"e":15871231,"c":6,"country_name":"House of Bourbon","wiki":"House of Bourbon","qid":"Q58389","rank":-7}},{"type":"Feature","id":1000397,"geometry":{"type":"Point","coordinates":[4.909,44.197]},"properties":{"code":"Q2281221","status":"independent","s":15640101,"e":15711231,"c":8,"country_name":"Principality of Orange","wiki":"Principality of Orange","qid":"Q2281221","rank":0}},{"type":"Feature","id":1000398,"geometry":{"type":"Point","coordinates":[-0.698,35.586]},"properties":{"code":"Q80702","status":"colony","owner":"230","s":15640101,"e":15711231,"c":11,"country_name":"Spanish Empire","wiki":"Spanish Empire","qid":"Q80702","rank":0}},{"type":"Feature","id":1000399,"geometry":{"type":"Point","coordinates":[27.018,63.111]},"properties":{"code":"380","status":"independent","s":15720101,"e":15871231,"c":7,"country_name":"Kingdom of Sweden","wiki":"Sweden","qid":"Q34","rank":-122}},{"type":"Feature","id":1000400,"geometry":{"type":"Point","coordinates":[1.906,48.466]},"properties":{"code":"220","status":"independent","s":15720101,"e":15781231,"c":1,"country_name":"Kingdom of France","wiki":"Kingdom of France","qid":"Q207162","rank":-46}},{"type":"Feature","id":1000401,"geometry":{"type":"Point","coordinates":[42.087,42.756]},"properties":{"code":"Q2907860","status":"independent","s":15720101,"e":15781231,"c":2,"country_name":"Principality of Mingrelia","wiki":"Principality of Mingrelia","qid":"Q2907860","rank":-1}},{"type":"Feature","id":1000402,"geometry":{"type":"Point","coordinates":[8.442,51.523]},"properties":{"code":"Q12548","status":"independent","s":15720101,"e":15781231,"c":8,"country_name":"Holy Roman Empire","wiki":"Holy Roman Empire","qid":"Q12548","rank":-34}},{"type":"Feature","id":1000403,"geometry":{"type":"Point","coordinates":[53.992,49.733]},"properties":{"code":"Q1433867","status":"independent","s":15720101,"e":15871231,"c":11,"country_name":"Kazakh Khanate","wiki":"Kazakh Khanate","qid":"Q1433867","rank":-37}},{"type":"Feature","id":1000404,"geometry":{"type":"Point","coordinates":[36.117,47.746]},"properties":{"code":"Q160440","status":"independent","s":15720101,"e":15781231,"c":8,"country_name":"Crimean Khanate","wiki":"Crimean Khanate","qid":"Q160440","rank":-12}},{"type":"Feature","id":1000405,"geometry":{"type":"Point","coordinates":[-0.698,35.586]},"properties":{"code":"Q80702","status":"colony","owner":"230","s":15720101,"e":15781231,"c":11,"country_name":"Spanish Empire","wiki":"Spanish Empire","qid":"Q80702","rank":0}},{"type":"Feature","id":1000406,"geometry":{"type":"Point","coordinates":[40.601,43.359]},"properties":{"code":"Q1760473","status":"independent","s":15720101,"e":15781231,"c":7,"country_name":"Principality of Abkhazia","wiki":"Principality of Abkhazia","qid":"Q1760473","rank":-1}},{"type":"Feature","id":1000408,"geometry":{"type":"Point","coordinates":[16.44,49.199]},"properties":{"code":"300","status":"independent","s":15720101,"e":15871231,"c":7,"country_name":"Habsburg Monarchy","wiki":"Habsburg monarchy","qid":"Q66504140","rank":-42}},{"type":"Feature","id":1000409,"geometry":{"type":"Point","coordinates":[42.202,41.761]},"properties":{"code":"Q2195101","status":"independent","s":15720101,"e":15781231,"c":10,"country_name":"Principality of Guria","wiki":"Principality of Guria","qid":"Q2195101","rank":0}},{"type":"Feature","id":1000410,"geometry":{"type":"Point","coordinates":[39.947,37.486]},"properties":{"code":"640","status":"independent","s":15720101,"e":15781231,"c":3,"country_name":"Ottoman Empire","wiki":"Ottoman Empire","qid":"Q12560","rank":-253}},{"type":"Feature","id":1000411,"geometry":{"type":"Point","coordinates":[48.555,60.407]},"properties":{"code":"365","status":"independent","s":15720101,"e":15781231,"c":0,"country_name":"Tsardom of Russia","wiki":"Tsardom of Russia","qid":"Q186096","rank":-429}},{"type":"Feature","id":1000412,"geometry":{"type":"Point","coordinates":[11.595,45.519]},"properties":{"code":"Q4948","status":"independent","s":15720101,"e":15781231,"c":6,"country_name":"Republic of Venice","wiki":"Republic of Venice","qid":"Q4948","rank":-4}},{"type":"Feature","id":1000413,"geometry":{"type":"Point","coordinates":[8.794,46.954]},"properties":{"code":"225","status":"independent","s":15720101,"e":16011231,"c":4,"country_name":"Swiss Confederation","wiki":"Switzerland","qid":"Q39","rank":-5}},{"type":"Feature","id":1000414,"geometry":{"type":"Point","coordinates":[23.7,46.883]},"properties":{"code":"Q655621","status":"independent","s":15720101,"e":15941231,"c":1,"country_name":"Principality of Transylvania","wiki":"Principality of Transylvania (1570-1711)","qid":"Q655621","rank":-12}},{"type":"Feature","id":1000415,"geometry":{"type":"Point","coordinates":[13.649,52.892]},"properties":{"code":"Q148499","status":"independent","s":15720101,"e":15781231,"c":3,"country_name":"Electorate of Brandenburg","wiki":"Margraviate of Brandenburg","qid":"Q148499","rank":-6}},{"type":"Feature","id":1000416,"geometry":{"type":"Point","coordinates":[49.533,50.391]},"properties":{"code":"Q631210","status":"independent","s":15720101,"e":15871231,"c":2,"country_name":"Small Horde","wiki":"Nogai Horde","qid":"Q631210","rank":-33}},{"type":"Feature","id":1000417,"geometry":{"type":"Point","coordinates":[11.251,43.468]},"properties":{"code":"Q154849","status":"independent","s":15720101,"e":15991231,"c":5,"country_name":"Grand Duchy of Tuscany","wiki":"Grand Duchy of Tuscany","qid":"Q154849","rank":-2}},{"type":"Feature","id":1000418,"geometry":{"type":"Point","coordinates":[7.527,45.268]},"properties":{"code":"325","status":"independent","s":15720101,"e":15871231,"c":2,"country_name":"House of Savoy","wiki":"House of Savoy","qid":"Q200229","rank":-4}},{"type":"Feature","id":1000419,"geometry":{"type":"Point","coordinates":[9.2,56.1]},"properties":{"code":"390","status":"independent","s":15720101,"e":15941231,"c":9,"country_name":"Denmark-Norway","wiki":"Denmark-Norway","qid":"Q62651","rank":-8}},{"type":"Feature","id":1000420,"geometry":{"type":"Point","coordinates":[-3.438,40.092]},"properties":{"code":"230","status":"independent","s":15720101,"e":15781231,"c":11,"country_name":"Kingdom of Spain","wiki":"Spain","qid":"Q29","rank":-53}},{"type":"Feature","id":1000421,"geometry":{"type":"Point","coordinates":[27.019,52.201]},"properties":{"code":"Q172107","status":"independent","s":15720101,"e":15781231,"c":10,"country_name":"Polish-Lithuanian Commonwealth","wiki":"Polish-Lithuanian Commonwealth","qid":"Q172107","rank":-100}},{"type":"Feature","id":1000422,"geometry":{"type":"Point","coordinates":[52.657,33.296]},"properties":{"code":"Q161205","status":"independent","s":15790101,"e":15871231,"c":2,"country_name":"Safavid Dynasty","wiki":"Safavid dynasty","qid":"Q161205","rank":-87}},{"type":"Feature","id":1000423,"geometry":{"type":"Point","coordinates":[8.444,51.434]},"properties":{"code":"Q12548","status":"independent","s":15790101,"e":15811231,"c":8,"country_name":"Holy Roman Empire","wiki":"Holy Roman Empire","qid":"Q12548","rank":-33}},{"type":"Feature","id":1000424,"geometry":{"type":"Point","coordinates":[-1.624,52.597]},"properties":{"code":"200","status":"independent","s":15790101,"e":15811231,"c":4,"country_name":"Kingdom of England","wiki":"Kingdom of England","qid":"Q179876","rank":-21}},{"type":"Feature","id":1000425,"geometry":{"type":"Point","coordinates":[1.936,48.473]},"properties":{"code":"220","status":"independent","s":15790101,"e":15871231,"c":1,"country_name":"Kingdom of France","wiki":"Kingdom of France","qid":"Q207162","rank":-46}},{"type":"Feature","id":1000426,"geometry":{"type":"Point","coordinates":[6.196,52.692]},"properties":{"code":"Q216165","status":"independent","s":15790101,"e":15811231,"c":5,"country_name":"Union of Utrecht","wiki":"Union of Utrecht","qid":"Q216165","rank":-5}},{"type":"Feature","id":1000427,"geometry":{"type":"Point","coordinates":[-4.409,56.582]},"properties":{"code":"Q230791","status":"independent","s":15790101,"e":16011231,"c":6,"country_name":"Kingdom of Scotland","wiki":"Kingdom of Scotland","qid":"Q230791","rank":-12}},{"type":"Feature","id":1000428,"geometry":{"type":"Point","coordinates":[-0.698,35.586]},"properties":{"code":"Q80702","status":"colony","owner":"230","s":15790101,"e":15811231,"c":11,"country_name":"Spanish Empire","wiki":"Spanish Empire","qid":"Q80702","rank":0}},{"type":"Feature","id":1000429,"geometry":{"type":"Point","coordinates":[36.164,47.751]},"properties":{"code":"Q160440","status":"independent","s":15790101,"e":15941231,"c":8,"country_name":"Crimean Khanate","wiki":"Crimean Khanate","qid":"Q160440","rank":-8}},{"type":"Feature","id":1000430,"geometry":{"type":"Point","coordinates":[13.649,52.892]},"properties":{"code":"Q148499","status":"independent","s":15790101,"e":15871231,"c":3,"country_name":"Electorate of Brandenburg","wiki":"Margraviate of Brandenburg","qid":"Q148499","rank":-6}},{"type":"Feature","id":1000431,"geometry":{"type":"Point","coordinates":[11.595,45.519]},"properties":{"code":"Q4948","status":"independent","s":15790101,"e":15991231,"c":6,"country_name":"Republic of Venice","wiki":"Republic of Venice","qid":"Q4948","rank":-4}},{"type":"Feature","id":1000432,"geometry":{"type":"Point","coordinates":[48.555,60.407]},"properties":{"code":"365","status":"independent","s":15790101,"e":15811231,"c":0,"country_name":"Tsardom of Russia","wiki":"Tsardom of Russia","qid":"Q186096","rank":-430}},{"type":"Feature","id":1000433,"geometry":{"type":"Point","coordinates":[39.947,37.486]},"properties":{"code":"640","status":"independent","s":15790101,"e":15871231,"c":3,"country_name":"Ottoman Empire","wiki":"Ottoman Empire","qid":"Q12560","rank":-263}},{"type":"Feature","id":1000435,"geometry":{"type":"Point","coordinates":[13.343,51.184]},"properties":{"code":"Q156199","status":"independent","s":15790101,"e":15871231,"c":1,"country_name":"Electorate of Saxony","wiki":"Electorate of Saxony","qid":"Q156199","rank":-3}},{"type":"Feature","id":1000436,"geometry":{"type":"Point","coordinates":[27.019,52.201]},"properties":{"code":"Q172107","status":"independent","s":15790101,"e":15871231,"c":10,"country_name":"Polish-Lithuanian Commonwealth","wiki":"Polish-Lithuanian Commonwealth","qid":"Q172107","rank":-102}},{"type":"Feature","id":1000437,"geometry":{"type":"Point","coordinates":[-3.438,40.092]},"properties":{"code":"230","status":"independent","s":15790101,"e":15811231,"c":11,"country_name":"Kingdom of Spain","wiki":"Spain","qid":"Q29","rank":-53}},{"type":"Feature","id":1000438,"geometry":{"type":"Point","coordinates":[-5.751,35.637]},"properties":{"code":"Q16879646","status":"colony","owner":"235","s":15790101,"e":15811231,"c":4,"country_name":"Portuguese Africa","wiki":"Portuguese Africa","qid":"Q16879646","rank":0}},{"type":"Feature","id":1000439,"geometry":{"type":"Point","coordinates":[-5.751,35.637]},"properties":{"code":"Q80702","status":"colony","owner":"230","s":15820101,"e":15871231,"c":11,"country_name":"Spanish Empire","wiki":"Spanish Empire","qid":"Q80702","rank":0}},{"type":"Feature","id":1000441,"geometry":{"type":"Point","coordinates":[-4.107,40.092]},"properties":{"code":"Q377350","status":"independent","s":15820101,"e":15871231,"c":10,"country_name":"Iberian Union","wiki":"Iberian Union","qid":"Q377350","rank":-62}},{"type":"Feature","id":1000442,"geometry":{"type":"Point","coordinates":[-1.624,52.597]},"properties":{"code":"200","status":"independent","s":15820101,"e":15871231,"c":4,"country_name":"Kingdom of England","wiki":"Kingdom of England","qid":"Q179876","rank":-21}},{"type":"Feature","id":1000444,"geometry":{"type":"Point","coordinates":[-5.98,32.158]},"properties":{"code":"Q1136188","status":"independent","s":15820101,"e":15941231,"c":8,"country_name":"Saadi Sultanate","wiki":"Saadi Sultanate","qid":"Q1136188","rank":-29}},{"type":"Feature","id":1000445,"geometry":{"type":"Point","coordinates":[8.444,51.434]},"properties":{"code":"Q12548","status":"independent","s":15820101,"e":15871231,"c":8,"country_name":"Holy Roman Empire","wiki":"Holy Roman Empire","qid":"Q12548","rank":-33}},{"type":"Feature","id":1000446,"geometry":{"type":"Point","coordinates":[5.696,52.393]},"properties":{"code":"210","status":"independent","s":15820101,"e":15871231,"c":9,"country_name":"Dutch Republic","wiki":"Dutch Republic","qid":"Q170072","rank":-4}},{"type":"Feature","id":1000448,"geometry":{"type":"Point","coordinates":[48.555,60.407]},"properties":{"code":"365","status":"independent","s":15820101,"e":15871231,"c":0,"country_name":"Tsardom of Russia","wiki":"Tsardom of Russia","qid":"Q186096","rank":-430}},{"type":"Feature","id":1000449,"geometry":{"type":"Point","coordinates":[8.445,51.493]},"properties":{"code":"Q12548","status":"independent","s":15880101,"e":15941231,"c":8,"country_name":"Holy Roman Empire","wiki":"Holy Roman Empire","qid":"Q12548","rank":-33}},{"type":"Feature","id":1000450,"geometry":{"type":"Point","coordinates":[52.486,33.292]},"properties":{"code":"Q161205","status":"independent","s":15880101,"e":15941231,"c":2,"country_name":"Safavid Dynasty","wiki":"Safavid dynasty","qid":"Q161205","rank":-49}},{"type":"Feature","id":1000451,"geometry":{"type":"Point","coordinates":[53.992,49.823]},"properties":{"code":"Q1433867","status":"independent","s":15880101,"e":15941231,"c":11,"country_name":"Kazakh Khanate","wiki":"Kazakh Khanate","qid":"Q1433867","rank":-37}},{"type":"Feature","id":1000452,"geometry":{"type":"Point","coordinates":[6.161,48.291]},"properties":{"code":"Q155019","status":"independent","s":15880101,"e":16011231,"c":5,"country_name":"Duchy of Lorraine","wiki":"Duchy of Lorraine","qid":"Q155019","rank":-1}},{"type":"Feature","id":1000453,"geometry":{"type":"Point","coordinates":[2.585,45.519]},"properties":{"code":"Q58389","status":"independent","s":15880101,"e":15941231,"c":6,"country_name":"House of Bourbon","wiki":"House of Bourbon","qid":"Q58389","rank":-7}},{"type":"Feature","id":1000454,"geometry":{"type":"Point","coordinates":[27.018,63.111]},"properties":{"code":"380","status":"independent","s":15880101,"e":15941231,"c":7,"country_name":"Kingdom of Sweden","wiki":"Sweden","qid":"Q34","rank":-127}},{"type":"Feature","id":1000455,"geometry":{"type":"Point","coordinates":[-1.624,52.597]},"properties":{"code":"200","status":"independent","s":15880101,"e":15941231,"c":4,"country_name":"Kingdom of England","wiki":"Kingdom of England","qid":"Q179876","rank":-21}},{"type":"Feature","id":1000456,"geometry":{"type":"Point","coordinates":[1.936,48.473]},"properties":{"code":"220","status":"independent","s":15880101,"e":15941231,"c":1,"country_name":"Kingdom of France","wiki":"Kingdom of France","qid":"Q207162","rank":-45}},{"type":"Feature","id":1000457,"geometry":{"type":"Point","coordinates":[-4.107,40.092]},"properties":{"code":"Q377350","status":"independent","s":15880101,"e":15941231,"c":10,"country_name":"Iberian Union","wiki":"Iberian Union","qid":"Q377350","rank":-62}},{"type":"Feature","id":1000459,"geometry":{"type":"Point","coordinates":[-5.751,35.637]},"properties":{"code":"Q80702","status":"colony","owner":"230","s":15880101,"e":15941231,"c":11,"country_name":"Spanish Empire","wiki":"Spanish Empire","qid":"Q80702","rank":0}},{"type":"Feature","id":1000460,"geometry":{"type":"Point","coordinates":[49.157,60.306]},"properties":{"code":"365","status":"independent","s":15880101,"e":15941231,"c":0,"country_name":"Tsardom of Russia","wiki":"Tsardom of Russia","qid":"Q186096","rank":-422}},{"type":"Feature","id":1000461,"geometry":{"type":"Point","coordinates":[13.649,52.892]},"properties":{"code":"Q148499","status":"independent","s":15880101,"e":16111231,"c":3,"country_name":"Electorate of Brandenburg","wiki":"Margraviate of Brandenburg","qid":"Q148499","rank":-6}},{"type":"Feature","id":1000462,"geometry":{"type":"Point","coordinates":[13.283,51.184]},"properties":{"code":"Q156199","status":"independent","s":15880101,"e":16181231,"c":1,"country_name":"Electorate of Saxony","wiki":"Electorate of Saxony","qid":"Q156199","rank":-3}},{"type":"Feature","id":1000464,"geometry":{"type":"Point","coordinates":[16.44,49.199]},"properties":{"code":"300","status":"independent","s":15880101,"e":15941231,"c":7,"country_name":"Habsburg Monarchy","wiki":"Habsburg monarchy","qid":"Q66504140","rank":-42}},{"type":"Feature","id":1000465,"geometry":{"type":"Point","coordinates":[44.164,37.626]},"properties":{"code":"640","status":"independent","s":15880101,"e":15941231,"c":3,"country_name":"Ottoman Empire","wiki":"Ottoman Empire","qid":"Q12560","rank":-302}},{"type":"Feature","id":1000466,"geometry":{"type":"Point","coordinates":[5.276,52.269]},"properties":{"code":"210","status":"independent","s":15880101,"e":15941231,"c":9,"country_name":"Dutch Republic","wiki":"Dutch Republic","qid":"Q170072","rank":-2}},{"type":"Feature","id":1000468,"geometry":{"type":"Point","coordinates":[26.325,52.724]},"properties":{"code":"Q172107","status":"independent","s":15880101,"e":15941231,"c":10,"country_name":"Polish-Lithuanian Commonwealth","wiki":"Polish-Lithuanian Commonwealth","qid":"Q172107","rank":-112}},{"type":"Feature","id":1000469,"geometry":{"type":"Point","coordinates":[40.054,46.012]},"properties":{"code":"Q631210","status":"independent","s":15880101,"e":16351231,"c":2,"country_name":"Small Horde","wiki":"Nogai Horde","qid":"Q631210","rank":-10}},{"type":"Feature","id":1000471,"geometry":{"type":"Point","coordinates":[7.393,45.043]},"properties":{"code":"325","status":"independent","s":15880101,"e":15941231,"c":2,"country_name":"House of Savoy","wiki":"House of Savoy","qid":"Q200229","rank":-5}},{"type":"Feature","id":1000472,"geometry":{"type":"Point","coordinates":[44.164,37.626]},"properties":{"code":"640","status":"independent","s":15950101,"e":15991231,"c":3,"country_name":"Ottoman Empire","wiki":"Ottoman Empire","qid":"Q12560","rank":-302}},{"type":"Feature","id":1000473,"geometry":{"type":"Point","coordinates":[16.487,49.06]},"properties":{"code":"300","status":"independent","s":15950101,"e":15991231,"c":7,"country_name":"Habsburg Monarchy","wiki":"Habsburg monarchy","qid":"Q66504140","rank":-42}},{"type":"Feature","id":1000475,"geometry":{"type":"Point","coordinates":[23.7,46.883]},"properties":{"code":"Q655621","status":"independent","s":15950101,"e":15991231,"c":1,"country_name":"Principality of Transylvania","wiki":"Principality of Transylvania (1570-1711)","qid":"Q655621","rank":-12}},{"type":"Feature","id":1000476,"geometry":{"type":"Point","coordinates":[27.454,47.081]},"properties":{"code":"Q10957559","status":"independent","s":15950101,"e":15991231,"c":5,"country_name":"Principality of Moldavia","wiki":"Moldavia","qid":"Q10957559","rank":-10}},{"type":"Feature","id":1000477,"geometry":{"type":"Point","coordinates":[49.109,60.319]},"properties":{"code":"365","status":"independent","s":15950101,"e":15991231,"c":0,"country_name":"Tsardom of Russia","wiki":"Tsardom of Russia","qid":"Q186096","rank":-458}},{"type":"Feature","id":1000479,"geometry":{"type":"Point","coordinates":[7.355,45.066]},"properties":{"code":"325","status":"independent","s":15950101,"e":16011231,"c":2,"country_name":"House of Savoy","wiki":"House of Savoy","qid":"Q200229","rank":-5}},{"type":"Feature","id":1000480,"geometry":{"type":"Point","coordinates":[28.35,50.667]},"properties":{"code":"Q172107","status":"independent","s":15950101,"e":15991231,"c":10,"country_name":"Polish-Lithuanian Commonwealth","wiki":"Polish-Lithuanian Commonwealth","qid":"Q172107","rank":-36}},{"type":"Feature","id":1000481,"geometry":{"type":"Point","coordinates":[25.112,55.117]},"properties":{"code":"Q172107","status":"independent","s":15950101,"e":15991231,"c":10,"country_name":"Polish-Lithuanian Commonwealth","wiki":"Polish-Lithuanian Commonwealth","qid":"Q172107","rank":-76}},{"type":"Feature","id":1000482,"geometry":{"type":"Point","coordinates":[9.2,56.1]},"properties":{"code":"390","status":"independent","s":15950101,"e":16111231,"c":9,"country_name":"Denmark-Norway","wiki":"Denmark-Norway","qid":"Q62651","rank":-8}},{"type":"Feature","id":1000483,"geometry":{"type":"Point","coordinates":[6.081,52.774]},"properties":{"code":"210","status":"independent","s":15950101,"e":15991231,"c":9,"country_name":"Dutch Republic","wiki":"Dutch Republic","qid":"Q170072","rank":-4}},{"type":"Feature","id":1000484,"geometry":{"type":"Point","coordinates":[1.368,46.97]},"properties":{"code":"220","status":"independent","s":15950101,"e":16011231,"c":1,"country_name":"Kingdom of France","wiki":"Kingdom of France","qid":"Q207162","rank":-54}},{"type":"Feature","id":1000485,"geometry":{"type":"Point","coordinates":[-1.624,52.597]},"properties":{"code":"200","status":"independent","s":15950101,"e":15991231,"c":4,"country_name":"Kingdom of England","wiki":"Kingdom of England","qid":"Q179876","rank":-21}},{"type":"Feature","id":1000486,"geometry":{"type":"Point","coordinates":[27.018,63.111]},"properties":{"code":"380","status":"independent","s":15950101,"e":16111231,"c":7,"country_name":"Kingdom of Sweden","wiki":"Sweden","qid":"Q34","rank":-127}},{"type":"Feature","id":1000487,"geometry":{"type":"Point","coordinates":[-5.98,32.158]},"properties":{"code":"Q1136188","status":"independent","s":15950101,"e":15991231,"c":8,"country_name":"Saadi Sultanate","wiki":"Saadi Sultanate","qid":"Q1136188","rank":-29}},{"type":"Feature","id":1000489,"geometry":{"type":"Point","coordinates":[40.856,48.49]},"properties":{"code":"Q1057292","status":"independent","s":15950101,"e":16351231,"c":7,"country_name":"Don Cossacks","wiki":"Don Cossacks","qid":"Q1057292","rank":-8}},{"type":"Feature","id":1000490,"geometry":{"type":"Point","coordinates":[8.445,51.434]},"properties":{"code":"Q12548","status":"independent","s":15950101,"e":15991231,"c":8,"country_name":"Holy Roman Empire","wiki":"Holy Roman Empire","qid":"Q12548","rank":-33}},{"type":"Feature","id":1000491,"geometry":{"type":"Point","coordinates":[52.486,33.292]},"properties":{"code":"Q161205","status":"independent","s":15950101,"e":15991231,"c":2,"country_name":"Safavid Dynasty","wiki":"Safavid dynasty","qid":"Q161205","rank":-49}},{"type":"Feature","id":1000492,"geometry":{"type":"Point","coordinates":[53.992,49.823]},"properties":{"code":"Q1433867","status":"independent","s":15950101,"e":15991231,"c":11,"country_name":"Kazakh Khanate","wiki":"Kazakh Khanate","qid":"Q1433867","rank":-37}},{"type":"Feature","id":1000493,"geometry":{"type":"Point","coordinates":[34.639,46.837]},"properties":{"code":"Q160440","status":"independent","s":15950101,"e":16471231,"c":8,"country_name":"Crimean Khanate","wiki":"Crimean Khanate","qid":"Q160440","rank":-5}},{"type":"Feature","id":1000494,"geometry":{"type":"Point","coordinates":[-5.751,35.637]},"properties":{"code":"Q80702","status":"colony","owner":"230","s":15950101,"e":15991231,"c":11,"country_name":"Spanish Empire","wiki":"Spanish Empire","qid":"Q80702","rank":0}},{"type":"Feature","id":1000495,"geometry":{"type":"Point","coordinates":[-4.107,40.092]},"properties":{"code":"Q377350","status":"independent","s":15950101,"e":15991231,"c":10,"country_name":"Iberian Union","wiki":"Iberian Union","qid":"Q377350","rank":-62}}]}