{"type":"FeatureCollection","features":[{"type":"Feature","id":1000004,"geometry":{"type":"Point","coordinates":[18.023,42.895]},"properties":{"code":"Q208169","status":"independent","s":15000101,"e":17711231,"c":4,"country_name":"Republic of Ragusa","wiki":"Republic of Ragusa","qid":"Q208169","rank":0}},{"type":"Feature","id":1000032,"geometry":{"type":"Point","coordinates":[5.089,44.077]},"properties":{"code":"Q1122980","status":"independent","s":15000101,"e":16721231,"c":7,"country_name":"Comtat Venaissin","wiki":"Comtat Venaissin","qid":"Q1122980","rank":0}},{"type":"Feature","id":1000123,"geometry":{"type":"Point","coordinates":[11.328,48.239]},"properties":{"code":"Q47261","status":"independent","s":15070101,"e":16181231,"c":10,"country_name":"Duchy of Bavaria","wiki":"Duchy of Bavaria","qid":"Q47261","rank":-4}},{"type":"Feature","id":1000242,"geometry":{"type":"Point","coordinates":[21.636,54.372]},"properties":{"code":"Q153091","status":"independent","s":15260101,"e":16111231,"c":0,"country_name":"Duchy of Prussia","wiki":"Duchy of Prussia","qid":"Q153091","rank":-5}},{"type":"Feature","id":1000361,"geometry":{"type":"Point","coordinates":[1.629,42.552]},"properties":{"code":"Q228","status":"independent","s":15560101,"e":16391231,"c":3,"country_name":"Andorra","wiki":"Andorra","qid":"Q228","rank":0}},{"type":"Feature","id":1000362,"geometry":{"type":"Point","coordinates":[11.855,49.439]},"properties":{"code":"Q1794352","status":"independent","s":15560101,"e":16111231,"c":9,"country_name":"Electorate of Trier","wiki":"Electorate of Trier","qid":"Q1794352","rank":-1}},{"type":"Feature","id":1000374,"geometry":{"type":"Point","coordinates":[9.089,42.142]},"properties":{"code":"Q174306","status":"independent","s":15640101,"e":16311231,"c":5,"country_name":"Republic of Genoa","wiki":"Republic of Genoa","qid":"Q174306","rank":-1}},{"type":"Feature","id":1000413,"geometry":{"type":"Point","coordinates":[8.794,46.954]},"properties":{"code":"225","status":"independent","s":15720101,"e":16011231,"c":4,"country_name":"Swiss Confederation","wiki":"Switzerland","qid":"Q39","rank":-5}},{"type":"Feature","id":1000427,"geometry":{"type":"Point","coordinates":[-4.409,56.582]},"properties":{"code":"Q230791","status":"independent","s":15790101,"e":16011231,"c":6,"country_name":"Kingdom of Scotland","wiki":"Kingdom of Scotland","qid":"Q230791","rank":-12}},{"type":"Feature","id":1000452,"geometry":{"type":"Point","coordinates":[6.161,48.291]},"properties":{"code":"Q155019","status":"independent","s":15880101,"e":16011231,"c":5,"country_name":"Duchy of Lorraine","wiki":"Duchy of Lorraine","qid":"Q155019","rank":-1}},{"type":"Feature","id":1000461,"geometry":{"type":"Point","coordinates":[13.649,52.892]},"properties":{"code":"Q148499","status":"independent","s":15880101,"e":16111231,"c":3,"country_name":"Electorate of Brandenburg","wiki":"Margraviate of Brandenburg","qid":"Q148499","rank":-6}},{"type":"Feature","id":1000462,"geometry":{"type":"Point","coordinates":[13.283,51.184]},"properties":{"code":"Q156199","status":"independent","s":15880101,"e":16181231,"c":1,"country_name":"Electorate of Saxony","wiki":"Electorate of Saxony","qid":"Q156199","rank":-3}},{"type":"Feature","id":1000469,"geometry":{"type":"Point","coordinates":[40.054,46.012]},"properties":{"code":"Q631210","status":"independent","s":15880101,"e":16351231,"c":2,"country_name":"Small Horde","wiki":"Nogai Horde","qid":"Q631210","rank":-10}},{"type":"Feature","id":1000479,"geometry":{"type":"Point","coordinates":[7.355,45.066]},"properties":{"code":"325","status":"independent","s":15950101,"e":16011231,"c":2,"country_name":"House of Savoy","wiki":"House of Savoy","qid":"Q200229","rank":-5}},{"type":"Feature","id":1000482,"geometry":{"type":"Point","coordinates":[9.2,56.1]},"properties":{"code":"390","status":"independent","s":15950101,"e":16111231,"c":9,"country_name":"Denmark-Norway","wiki":"Denmark-Norway","qid":"Q62651","rank":-8}},{"type":"Feature","id":1000484,"geometry":{"type":"Point","coordinates":[1.368,46.97]},"properties":{"code":"220","status":"independent","s":15950101,"e":16011231,"c":1,"country_name":"Kingdom of France","wiki":"Kingdom of France","qid":"Q207162","rank":-54}},{"type":"Feature","id":1000486,"geometry":{"type":"Point","coordinates":[27.018,63.111]},"properties":{"code":"380","status":"independent","s":15950101,"e":16111231,"c":7,"country_name":"Kingdom of Sweden","wiki":"Sweden","qid":"Q34","rank":-127}},{"type":"Feature","id":1000489,"geometry":{"type":"Point","coordinates":[40.856,48.49]},"properties":{"code":"Q1057292","status":"independent","s":15950101,"e":16351231,"c":7,"country_name":"Don Cossacks","wiki":"Don Cossacks","qid":"Q1057292","rank":-8}},{"type":"Feature","id":1000493,"geometry":{"type":"Point","coordinates":[34.639,46.837]},"properties":{"code":"Q160440","status":"independent","s":15950101,"e":16471231,"c":8,"country_name":"Crimean Khanate","wiki":"Crimean Khanate","qid":"Q160440","rank":-5}},{"type":"Feature","id":1000497,"geometry":{"type":"Point","coordinates":[16.487,49.06]},"properties":{"code":"300","status":"independent","s":16000101,"e":16181231,"c":7,"country_name":"Habsburg Monarchy","wiki":"Habsburg monarchy","qid":"Q66504140","rank":-42}},{"type":"Feature","id":1000498,"geometry":{"type":"Point","coordinates":[44.164,37.626]},"properties":{"code":"640","status":"independent","s":16000101,"e":16011231,"c":3,"country_name":"Ottoman Empire","wiki":"Ottoman Empire","qid":"Q12560","rank":-302}},{"type":"Feature","id":1000499,"geometry":{"type":"Point","coordinates":[49.109,60.319]},"properties":{"code":"365","status":"independent","s":16000101,"e":16011231,"c":0,"country_name":"Tsardom of Russia","wiki":"Tsardom of Russia","qid":"Q186096","rank":-459}},{"type":"Feature","id":1000500,"geometry":{"type":"Point","coordinates":[11.595,45.519]},"properties":{"code":"Q4948","status":"independent","s":16000101,"e":16441231,"c":6,"country_name":"Republic of Venice","wiki":"Republic of Venice","qid":"Q4948","rank":-4}},{"type":"Feature","id":1000501,"geometry":{"type":"Point","coordinates":[24.498,45.782]},"properties":{"code":"Q10957559","status":"independent","s":16000101,"e":16011231,"c":5,"country_name":"Principality of Moldavia","wiki":"Moldavia","qid":"Q10957559","rank":-30}},{"type":"Feature","id":1000502,"geometry":{"type":"Point","coordinates":[11.251,43.468]},"properties":{"code":"Q154849","status":"independent","s":16000101,"e":17081231,"c":5,"country_name":"Grand Duchy of Tuscany","wiki":"Grand Duchy of Tuscany","qid":"Q154849","rank":-2}},{"type":"Feature","id":1000504,"geometry":{"type":"Point","coordinates":[6.157,52.699]},"properties":{"code":"210","status":"independent","s":16000101,"e":16081231,"c":9,"country_name":"Dutch Republic","wiki":"Dutch Republic","qid":"Q170072","rank":-5}},{"type":"Feature","id":1000505,"geometry":{"type":"Point","coordinates":[26.279,52.724]},"properties":{"code":"Q172107","status":"independent","s":16000101,"e":16011231,"c":10,"country_name":"Polish-Lithuanian Commonwealth","wiki":"Polish-Lithuanian Commonwealth","qid":"Q172107","rank":-112}},{"type":"Feature","id":1000506,"geometry":{"type":"Point","coordinates":[12.721,43.16]},"properties":{"code":"Q170174","status":"independent","s":16000101,"e":16521231,"c":3,"country_name":"Papal States","wiki":"Papal States","qid":"Q170174","rank":-5}},{"type":"Feature","id":1000507,"geometry":{"type":"Point","coordinates":[-5.98,32.158]},"properties":{"code":"Q1136188","status":"independent","s":16000101,"e":16081231,"c":8,"country_name":"Saadi Sultanate","wiki":"Saadi Sultanate","qid":"Q1136188","rank":-29}},{"type":"Feature","id":1000508,"geometry":{"type":"Point","coordinates":[-1.624,52.597]},"properties":{"code":"200","status":"independent","s":16000101,"e":16011231,"c":4,"country_name":"Kingdom of England","wiki":"Kingdom of England","qid":"Q179876","rank":-21}},{"type":"Feature","id":1000509,"geometry":{"type":"Point","coordinates":[52.486,33.292]},"properties":{"code":"Q161205","status":"independent","s":16000101,"e":16081231,"c":2,"country_name":"Safavid Dynasty","wiki":"Safavid dynasty","qid":"Q161205","rank":-49}},{"type":"Feature","id":1000510,"geometry":{"type":"Point","coordinates":[53.992,49.823]},"properties":{"code":"Q1433867","status":"independent","s":16000101,"e":16081231,"c":11,"country_name":"Kazakh Khanate","wiki":"Kazakh Khanate","qid":"Q1433867","rank":-37}},{"type":"Feature","id":1000511,"geometry":{"type":"Point","coordinates":[8.448,51.434]},"properties":{"code":"Q12548","status":"independent","s":16000101,"e":16011231,"c":8,"country_name":"Holy Roman Empire","wiki":"Holy Roman Empire","qid":"Q12548","rank":-33}},{"type":"Feature","id":1000512,"geometry":{"type":"Point","coordinates":[-5.751,35.637]},"properties":{"code":"Q80702","status":"colony","owner":"230","s":16000101,"e":16081231,"c":11,"country_name":"Spanish Empire","wiki":"Spanish Empire","qid":"Q80702","rank":0}},{"type":"Feature","id":1000513,"geometry":{"type":"Point","coordinates":[-4.107,40.092]},"properties":{"code":"Q377350","status":"independent","s":16000101,"e":16011231,"c":10,"country_name":"Iberian Union","wiki":"Iberian Union","qid":"Q377350","rank":-62}},{"type":"Feature","id":1000514,"geometry":{"type":"Point","coordinates":[1.368,46.97]},"properties":{"code":"220","status":"independent","s":16020101,"e":16211231,"c":1,"country_name":"Kingdom of France","wiki":"Kingdom of France","qid":"Q207162","rank":-54}},{"type":"Feature","id":1000515,"geometry":{"type":"Point","coordinates":[-1.624,52.597]},"properties":{"code":"200","status":"independent","s":16020101,"e":16081231,"c":4,"country_name":"Kingdom of England","wiki":"Kingdom of England","qid":"Q179876","rank":-21}},{"type":"Feature","id":1000516,"geometry":{"type":"Point","coordinates":[8.448,51.434]},"properties":{"code":"Q12548","status":"independent","s":16020101,"e":16081231,"c":8,"country_name":"Holy Roman Empire","wiki":"Holy Roman Empire","qid":"Q12548","rank":-33}},{"type":"Feature","id":1000517,"geometry":{"type":"Point","coordinates":[6.161,48.291]},"properties":{"code":"Q155019","status":"independent","s":16020101,"e":16081231,"c":5,"country_name":"Duchy of Lorraine","wiki":"Duchy of Lorraine","qid":"Q155019","rank":-1}},{"type":"Feature","id":1000518,"geometry":{"type":"Point","coordinates":[-4.107,40.092]},"properties":{"code":"Q377350","status":"independent","s":16020101,"e":16081231,"c":10,"country_name":"Iberian Union","wiki":"Iberian Union","qid":"Q377350","rank":-62}},{"type":"Feature","id":1000519,"geometry":{"type":"Point","coordinates":[-4.409,56.582]},"properties":{"code":"Q230791","status":"independent","s":16020101,"e":16081231,"c":6,"country_name":"Kingdom of Scotland","wiki":"Kingdom of Scotland","qid":"Q230791","rank":-12}},{"type":"Feature","id":1000520,"geometry":{"type":"Point","coordinates":[24.561,44.647]},"properties":{"code":"Q171393","status":"independent","s":16020101,"e":16901231,"c":11,"country_name":"Principality of Wallachia","wiki":"Wallachia","qid":"Q171393","rank":-9}},{"type":"Feature","id":1000521,"geometry":{"type":"Point","coordinates":[44.164,37.626]},"properties":{"code":"640","status":"independent","s":16020101,"e":16081231,"c":3,"country_name":"Ottoman Empire","wiki":"Ottoman Empire","qid":"Q12560","rank":-302}},{"type":"Feature","id":1000522,"geometry":{"type":"Point","coordinates":[49.109,60.319]},"properties":{"code":"365","status":"independent","s":16020101,"e":16081231,"c":0,"country_name":"Tsardom of Russia","wiki":"Tsardom of Russia","qid":"Q186096","rank":-459}},{"type":"Feature","id":1000523,"geometry":{"type":"Point","coordinates":[27.454,47.081]},"properties":{"code":"Q10957559","status":"independent","s":16020101,"e":16581231,"c":5,"country_name":"Principality of Moldavia","wiki":"Moldavia","qid":"Q10957559","rank":-10}},{"type":"Feature","id":1000524,"geometry":{"type":"Point","coordinates":[8.794,46.954]},"properties":{"code":"225","status":"independent","s":16020101,"e":16311231,"c":4,"country_name":"Swiss Confederation","wiki":"Switzerland","qid":"Q39","rank":-5}},{"type":"Feature","id":1000525,"geometry":{"type":"Point","coordinates":[23.7,46.883]},"properties":{"code":"Q655621","status":"independent","s":16020101,"e":16211231,"c":1,"country_name":"Principality of Transylvania","wiki":"Principality of Transylvania (1570-1711)","qid":"Q655621","rank":-12}},{"type":"Feature","id":1000526,"geometry":{"type":"Point","coordinates":[7.37,45.066]},"properties":{"code":"325","status":"independent","s":16020101,"e":16311231,"c":2,"country_name":"House of Savoy","wiki":"House of Savoy","qid":"Q200229","rank":-5}},{"type":"Feature","id":1000527,"geometry":{"type":"Point","coordinates":[26.325,52.724]},"properties":{"code":"Q172107","status":"independent","s":16020101,"e":16081231,"c":10,"country_name":"Polish-Lithuanian Commonwealth","wiki":"Polish-Lithuanian Commonwealth","qid":"Q172107","rank":-112}},{"type":"Feature","id":1000528,"geometry":{"type":"Point","coordinates":[6.161,48.291]},"properties":{"code":"Q155019","status":"independent","s":16090101,"e":16311231,"c":5,"country_name":"Duchy of Lorraine","wiki":"Duchy of Lorraine","qid":"Q155019","rank":-1}},{"type":"Feature","id":1000529,"geometry":{"type":"Point","coordinates":[53.992,49.823]},"properties":{"code":"Q1433867","status":"independent","s":16090101,"e":16351231,"c":11,"country_name":"Kazakh Khanate","wiki":"Kazakh Khanate","qid":"Q1433867","rank":-37}},{"type":"Feature","id":1000530,"geometry":{"type":"Point","coordinates":[47.671,33.913]},"properties":{"code":"Q161205","status":"independent","s":16090101,"e":16111231,"c":2,"country_name":"Safavid Dynasty","wiki":"Safavid dynasty","qid":"Q161205","rank":-92}},{"type":"Feature","id":1000531,"geometry":{"type":"Point","coordinates":[8.389,51.552]},"properties":{"code":"Q12548","status":"independent","s":16090101,"e":16181231,"c":8,"country_name":"Holy Roman Empire","wiki":"Holy Roman Empire","qid":"Q12548","rank":-33}},{"type":"Feature","id":1000533,"geometry":{"type":"Point","coordinates":[-1.624,52.592]},"properties":{"code":"200","status":"independent","s":16090101,"e":16391231,"c":4,"country_name":"Kingdom of England","wiki":"Kingdom of England","qid":"Q179876","rank":-21}},{"type":"Feature","id":1000534,"geometry":{"type":"Point","coordinates":[-6.176,32.049]},"properties":{"code":"Q1136188","status":"independent","s":16090101,"e":16111231,"c":8,"country_name":"Saadi Sultanate","wiki":"Saadi Sultanate","qid":"Q1136188","rank":-29}},{"type":"Feature","id":1000535,"geometry":{"type":"Point","coordinates":[-4.107,40.092]},"properties":{"code":"Q377350","status":"independent","s":16090101,"e":16181231,"c":10,"country_name":"Iberian Union","wiki":"Iberian Union","qid":"Q377350","rank":-62}},{"type":"Feature","id":1000536,"geometry":{"type":"Point","coordinates":[-5.751,35.637]},"properties":{"code":"Q80702","status":"colony","owner":"230","s":16090101,"e":16111231,"c":11,"country_name":"Spanish Empire","wiki":"Spanish Empire","qid":"Q80702","rank":0}},{"type":"Feature","id":1000538,"geometry":{"type":"Point","coordinates":[49.109,60.319]},"properties":{"code":"365","status":"independent","s":16090101,"e":16111231,"c":0,"country_name":"Tsardom of Russia","wiki":"Tsardom of Russia","qid":"Q186096","rank":-419}},{"type":"Feature","id":1000539,"geometry":{"type":"Point","coordinates":[39.912,37.451]},"properties":{"code":"640","status":"independent","s":16090101,"e":16111231,"c":3,"country_name":"Ottoman Empire","wiki":"Ottoman Empire","qid":"Q12560","rank":-258}},{"type":"Feature","id":1000540,"geometry":{"type":"Point","coordinates":[26.325,52.724]},"properties":{"code":"Q172107","status":"independent","s":16090101,"e":16111231,"c":10,"country_name":"Polish-Lithuanian Commonwealth","wiki":"Polish-Lithuanian Commonwealth","qid":"Q172107","rank":-112}},{"type":"Feature","id":1000541,"geometry":{"type":"Point","coordinates":[5.985,52.824]},"properties":{"code":"210","status":"independent","s":16090101,"e":16111231,"c":9,"country_name":"Dutch Republic","wiki":"Dutch Republic","qid":"Q170072","rank":-4}},{"type":"Feature","id":1000543,"geometry":{"type":"Point","coordinates":[49.109,60.319]},"properties":{"code":"365","status":"independent","s":16120101,"e":16181231,"c":0,"country_name":"Tsardom of Russia","wiki":"Tsardom of Russia","qid":"Q186096","rank":-444}},{"type":"Feature","id":1000544,"geometry":{"type":"Point","coordinates":[13.649,52.892]},"properties":{"code":"Q148499","status":"independent","s":16120101,"e":16181231,"c":3,"country_name":"Electorate of Brandenburg","wiki":"Margraviate of Brandenburg","qid":"Q148499","rank":-6}},{"type":"Feature","id":1000546,"geometry":{"type":"Point","coordinates":[42.102,41.782]},"properties":{"code":"Q2195101","status":"independent","s":16120101,"e":17261231,"c":10,"country_name":"Principality of Guria","wiki":"Principality of Guria","qid":"Q2195101","rank":0}},{"type":"Feature","id":1000547,"geometry":{"type":"Point","coordinates":[41.353,37.556]},"properties":{"code":"640","status":"independent","s":16120101,"e":16251231,"c":3,"country_name":"Ottoman Empire","wiki":"Ottoman Empire","qid":"Q12560","rank":-253}},{"type":"Feature","id":1000548,"geometry":{"type":"Point","coordinates":[9.2,56.1]},"properties":{"code":"390","status":"independent","s":16120101,"e":16181231,"c":9,"country_name":"Denmark-Norway","wiki":"Denmark-Norway","qid":"Q62651","rank":-8}},{"type":"Feature","id":1000549,"geometry":{"type":"Point","coordinates":[5.985,52.824]},"properties":{"code":"210","status":"independent","s":16120101,"e":16181231,"c":9,"country_name":"Dutch Republic","wiki":"Dutch Republic","qid":"Q170072","rank":-4}},{"type":"Feature","id":1000550,"geometry":{"type":"Point","coordinates":[26.673,52.887]},"properties":{"code":"Q172107","status":"independent","s":16120101,"e":16181231,"c":10,"country_name":"Polish-Lithuanian Commonwealth","wiki":"Polish-Lithuanian Commonwealth","qid":"Q172107","rank":-127}},{"type":"Feature","id":1000551,"geometry":{"type":"Point","coordinates":[44.156,42.267]},"properties":{"code":"Q195972","status":"independent","s":16120101,"e":17011231,"c":1,"country_name":"Kingdom of Kartli","wiki":"Kingdom of Kartli","qid":"Q195972","rank":-2}},{"type":"Feature","id":1000552,"geometry":{"type":"Point","coordinates":[50.056,33.518]},"properties":{"code":"Q161205","status":"independent","s":16120101,"e":16251231,"c":2,"country_name":"Safavid Dynasty","wiki":"Safavid dynasty","qid":"Q161205","rank":-92}},{"type":"Feature","id":1000553,"geometry":{"type":"Point","coordinates":[11.855,49.439]},"properties":{"code":"Q1794352","status":"independent","s":16120101,"e":16181231,"c":9,"country_name":"Electorate of Trier","wiki":"Electorate of Trier","qid":"Q1794352","rank":-1}},{"type":"Feature","id":1000554,"geometry":{"type":"Point","coordinates":[27.017,63.111]},"properties":{"code":"Q215443","status":"independent","s":16120101,"e":16181231,"c":2,"country_name":"Swedish Empire","wiki":"Swedish Empire","qid":"Q215443","rank":-127}},{"type":"Feature","id":1000555,"geometry":{"type":"Point","coordinates":[-6.176,32.049]},"properties":{"code":"Q1136188","status":"independent","s":16120101,"e":16281231,"c":8,"country_name":"Saadi Sultanate","wiki":"Saadi Sultanate","qid":"Q1136188","rank":-29}},{"type":"Feature","id":1000556,"geometry":{"type":"Point","coordinates":[42.087,42.756]},"properties":{"code":"Q2907860","status":"independent","s":16120101,"e":16991231,"c":2,"country_name":"Principality of Mingrelia","wiki":"Principality of Mingrelia","qid":"Q2907860","rank":-1}},{"type":"Feature","id":1000557,"geometry":{"type":"Point","coordinates":[21.636,54.372]},"properties":{"code":"Q153091","status":"independent","s":16120101,"e":16181231,"c":0,"country_name":"Duchy of Prussia","wiki":"Duchy of Prussia","qid":"Q153091","rank":-5}},{"type":"Feature","id":1000558,"geometry":{"type":"Point","coordinates":[40.601,43.359]},"properties":{"code":"Q1760473","status":"independent","s":16120101,"e":16991231,"c":7,"country_name":"Principality of Abkhazia","wiki":"Principality of Abkhazia","qid":"Q1760473","rank":-1}},{"type":"Feature","id":1000559,"geometry":{"type":"Point","coordinates":[43.153,42.355]},"properties":{"code":"Q1069959","status":"independent","s":16120101,"e":16991231,"c":4,"country_name":"Kingdom of Imereti","wiki":"Kingdom of Imereti","qid":"Q1069959","rank":-1}},{"type":"Feature","id":1000560,"geometry":{"type":"Point","coordinates":[-5.751,35.637]},"properties":{"code":"Q80702","status":"colony","owner":"230","s":16120101,"e":16181231,"c":11,"country_name":"Spanish Empire","wiki":"Spanish Empire","qid":"Q80702","rank":0}},{"type":"Feature","id":1000561,"geometry":{"type":"Point","coordinates":[15.435,47.056]},"properties":{"code":"300","status":"independent","s":16190101,"e":16211231,"c":7,"country_name":"Habsburg Monarchy","wiki":"Habsburg monarchy","qid":"Q66504140","rank":-25}},{"type":"Feature","id":1000562,"geometry":{"type":"Point","coordinates":[12.859,51.487]},"properties":{"code":"Q156199","status":"independent","s":16190101,"e":16211231,"c":1,"country_name":"Electorate of Saxony","wiki":"Electorate of Saxony","qid":"Q156199","rank":-3}},{"type":"Feature","id":1000563,"geometry":{"type":"Point","coordinates":[13.649,52.892]},"properties":{"code":"255","status":"independent","s":16190101,"e":16251231,"c":6,"country_name":"Brandenburg-Prussia","wiki":"Brandenburg-Prussia","qid":"Q157367","rank":-6}},{"type":"Feature","id":1000564,"geometry":{"type":"Point","coordinates":[49.109,60.319]},"properties":{"code":"365","status":"independent","s":16190101,"e":16281231,"c":0,"country_name":"Tsardom of Russia","wiki":"Tsardom of Russia","qid":"Q186096","rank":-436}},{"type":"Feature","id":1000565,"geometry":{"type":"Point","coordinates":[26.743,52.864]},"properties":{"code":"Q172107","status":"independent","s":16190101,"e":16211231,"c":10,"country_name":"Polish-Lithuanian Commonwealth","wiki":"Polish-Lithuanian Commonwealth","qid":"Q172107","rank":-125}},{"type":"Feature","id":1000566,"geometry":{"type":"Point","coordinates":[5.985,52.556]},"properties":{"code":"210","status":"independent","s":16190101,"e":16211231,"c":9,"country_name":"Dutch Republic","wiki":"Dutch Republic","qid":"Q170072","rank":-4}},{"type":"Feature","id":1000567,"geometry":{"type":"Point","coordinates":[9.2,56.1]},"properties":{"code":"390","status":"independent","s":16190101,"e":16211231,"c":9,"country_name":"Denmark-Norway","wiki":"Denmark-Norway","qid":"Q62651","rank":-8}},{"type":"Feature","id":1000568,"geometry":{"type":"Point","coordinates":[11.337,48.255]},"properties":{"code":"Q47261","status":"independent","s":16190101,"e":16211231,"c":10,"country_name":"Duchy of Bavaria","wiki":"Duchy of Bavaria","qid":"Q47261","rank":-4}},{"type":"Feature","id":1000569,"geometry":{"type":"Point","coordinates":[27.395,63.272]},"properties":{"code":"Q215443","status":"independent","s":16190101,"e":16281231,"c":2,"country_name":"Swedish Empire","wiki":"Swedish Empire","qid":"Q215443","rank":-137}},{"type":"Feature","id":1000570,"geometry":{"type":"Point","coordinates":[8.939,50.785]},"properties":{"code":"Q12548","status":"independent","s":16190101,"e":16211231,"c":8,"country_name":"Holy Roman Empire","wiki":"Holy Roman Empire","qid":"Q12548","rank":-33}},{"type":"Feature","id":1000571,"geometry":{"type":"Point","coordinates":[-5.751,35.637]},"properties":{"code":"Q80702","status":"colony","owner":"230","s":16190101,"e":16211231,"c":11,"country_name":"Spanish Empire","wiki":"Spanish Empire","qid":"Q80702","rank":0}},{"type":"Feature","id":1000572,"geometry":{"type":"Point","coordinates":[16.361,50.213]},"properties":{"code":"Q12548","status":"independent","s":16190101,"e":16211231,"c":8,"country_name":"Holy Roman Empire","wiki":"Holy Roman Empire","qid":"Q12548","rank":-18}},{"type":"Feature","id":1000573,"geometry":{"type":"Point","coordinates":[-4.107,40.092]},"properties":{"code":"Q377350","status":"independent","s":16190101,"e":16211231,"c":10,"country_name":"Iberian Union","wiki":"Iberian Union","qid":"Q377350","rank":-62}},{"type":"Feature","id":1000574,"geometry":{"type":"Point","coordinates":[-5.751,35.637]},"properties":{"code":"Q80702","status":"colony","owner":"230","s":16220101,"e":16251231,"c":11,"country_name":"Spanish Empire","wiki":"Spanish Empire","qid":"Q80702","rank":0}},{"type":"Feature","id":1000575,"geometry":{"type":"Point","coordinates":[-4.107,40.092]},"properties":{"code":"Q377350","status":"independent","s":16220101,"e":16251231,"c":10,"country_name":"Iberian Union","wiki":"Iberian Union","qid":"Q377350","rank":-62}},{"type":"Feature","id":1000576,"geometry":{"type":"Point","coordinates":[1.468,47.204]},"properties":{"code":"220","status":"independent","s":16220101,"e":16281231,"c":1,"country_name":"Kingdom of France","wiki":"Kingdom of France","qid":"Q207162","rank":-54}},{"type":"Feature","id":1000577,"geometry":{"type":"Point","coordinates":[8.939,50.785]},"properties":{"code":"Q12548","status":"independent","s":16220101,"e":16251231,"c":8,"country_name":"Holy Roman Empire","wiki":"Holy Roman Empire","qid":"Q12548","rank":-33}},{"type":"Feature","id":1000578,"geometry":{"type":"Point","coordinates":[12.09,48.595]},"properties":{"code":"Q47261","status":"independent","s":16220101,"e":16251231,"c":10,"country_name":"Duchy of Bavaria","wiki":"Duchy of Bavaria","qid":"Q47261","rank":-6}},{"type":"Feature","id":1000579,"geometry":{"type":"Point","coordinates":[6.004,52.566]},"properties":{"code":"210","status":"independent","s":16220101,"e":16251231,"c":9,"country_name":"Dutch Republic","wiki":"Dutch Republic","qid":"Q170072","rank":-4}},{"type":"Feature","id":1000580,"geometry":{"type":"Point","coordinates":[9.2,56.1]},"properties":{"code":"390","status":"independent","s":16220101,"e":16251231,"c":9,"country_name":"Denmark-Norway","wiki":"Denmark-Norway","qid":"Q62651","rank":-8}},{"type":"Feature","id":1000581,"geometry":{"type":"Point","coordinates":[-1.096,46.002]},"properties":{"code":"220","status":"independent","s":16220101,"e":16281231,"c":1,"country_name":"Kingdom of France","wiki":"Kingdom of France","qid":"Q207162","rank":0}},{"type":"Feature","id":1000582,"geometry":{"type":"Point","coordinates":[26.743,52.864]},"properties":{"code":"Q172107","status":"independent","s":16220101,"e":16251231,"c":10,"country_name":"Polish-Lithuanian Commonwealth","wiki":"Polish-Lithuanian Commonwealth","qid":"Q172107","rank":-125}},{"type":"Feature","id":1000583,"geometry":{"type":"Point","coordinates":[16.487,49.06]},"properties":{"code":"300","status":"independent","s":16220101,"e":16251231,"c":7,"country_name":"Habsburg Monarchy","wiki":"Habsburg monarchy","qid":"Q66504140","rank":-40}},{"type":"Feature","id":1000584,"geometry":{"type":"Point","coordinates":[13.283,51.184]},"properties":{"code":"Q156199","status":"independent","s":16220101,"e":16251231,"c":1,"country_name":"Electorate of Saxony","wiki":"Electorate of Saxony","qid":"Q156199","rank":-3}},{"type":"Feature","id":1000585,"geometry":{"type":"Point","coordinates":[23.694,46.883]},"properties":{"code":"Q655621","status":"independent","s":16220101,"e":16611231,"c":1,"country_name":"Principality of Transylvania","wiki":"Principality of Transylvania (1570-1711)","qid":"Q655621","rank":-13}},{"type":"Feature","id":1000586,"geometry":{"type":"Point","coordinates":[6.004,52.566]},"properties":{"code":"210","status":"independent","s":16260101,"e":16281231,"c":9,"country_name":"Dutch Republic","wiki":"Dutch Republic","qid":"Q170072","rank":-4}},{"type":"Feature","id":1000587,"geometry":{"type":"Point","coordinates":[9.2,56.1]},"properties":{"code":"390","status":"independent","s":16260101,"e":16281231,"c":9,"country_name":"Denmark-Norway","wiki":"Denmark-Norway","qid":"Q62651","rank":-9}},{"type":"Feature","id":1000588,"geometry":{"type":"Point","coordinates":[26.743,52.864]},"properties":{"code":"Q172107","status":"independent","s":16260101,"e":16281231,"c":10,"country_name":"Polish-Lithuanian Commonwealth","wiki":"Polish-Lithuanian Commonwealth","qid":"Q172107","rank":-125}},{"type":"Feature","id":1000590,"geometry":{"type":"Point","coordinates":[16.487,49.06]},"properties":{"code":"300","status":"independent","s":16260101,"e":16281231,"c":7,"country_name":"Habsburg Monarchy","wiki":"Habsburg monarchy","qid":"Q66504140","rank":-40}},{"type":"Feature","id":1000591,"geometry":{"type":"Point","coordinates":[13.649,52.892]},"properties":{"code":"255","status":"independent","s":16260101,"e":16281231,"c":6,"country_name":"Brandenburg-Prussia","wiki":"Brandenburg-Prussia","qid":"Q157367","rank":-6}},{"type":"Feature","id":1000592,"geometry":{"type":"Point","coordinates":[13.283,51.184]},"properties":{"code":"Q156199","status":"independent","s":16260101,"e":16281231,"c":1,"country_name":"Electorate of Saxony","wiki":"Electorate of Saxony","qid":"Q156199","rank":-3}},{"type":"Feature","id":1000593,"geometry":{"type":"Point","coordinates":[39.947,37.486]},"properties":{"code":"640","status":"independent","s":16260101,"e":16351231,"c":3,"country_name":"Ottoman Empire","wiki":"Ottoman Empire","qid":"Q12560","rank":-235}},{"type":"Feature","id":1000594,"geometry":{"type":"Point","coordinates":[-4.107,40.092]},"properties":{"code":"Q377350","status":"independent","s":16260101,"e":16311231,"c":10,"country_name":"Iberian Union","wiki":"Iberian Union","qid":"Q377350","rank":-62}},{"type":"Feature","id":1000595,"geometry":{"type":"Point","coordinates":[-5.751,35.637]},"properties":{"code":"Q80702","status":"colony","owner":"230","s":16260101,"e":16281231,"c":11,"country_name":"Spanish Empire","wiki":"Spanish Empire","qid":"Q80702","rank":0}},{"type":"Feature","id":1000596,"geometry":{"type":"Point","coordinates":[47.691,33.936]},"properties":{"code":"Q161205","status":"independent","s":16260101,"e":16351231,"c":2,"country_name":"Safavid Dynasty","wiki":"Safavid dynasty","qid":"Q161205","rank":-110}},{"type":"Feature","id":1000597,"geometry":{"type":"Point","coordinates":[8.896,50.785]},"properties":{"code":"Q12548","status":"independent","s":16260101,"e":16281231,"c":8,"country_name":"Holy Roman Empire","wiki":"Holy Roman Empire","qid":"Q12548","rank":-25}},{"type":"Feature","id":1000598,"geometry":{"type":"Point","coordinates":[12.09,48.595]},"properties":{"code":"Q47261","status":"independent","s":16260101,"e":16311231,"c":10,"country_name":"Duchy of Bavaria","wiki":"Duchy of Bavaria","qid":"Q47261","rank":-6}},{"type":"Feature","id":1000599,"geometry":{"type":"Point","coordinates":[-5.751,35.637]},"properties":{"code":"Q80702","status":"colony","owner":"230","s":16290101,"e":16311231,"c":11,"country_name":"Spanish Empire","wiki":"Spanish Empire","qid":"Q80702","rank":0}},{"type":"Feature","id":1000600,"geometry":{"type":"Point","coordinates":[8.896,50.785]},"properties":{"code":"Q12548","status":"independent","s":16290101,"e":16311231,"c":8,"country_name":"Holy Roman Empire","wiki":"Holy Roman Empire","qid":"Q12548","rank":-25}},{"type":"Feature","id":1000601,"geometry":{"type":"Point","coordinates":[27.395,63.272]},"properties":{"code":"Q215443","status":"independent","s":16290101,"e":16311231,"c":2,"country_name":"Swedish Empire","wiki":"Swedish Empire","qid":"Q215443","rank":-145}},{"type":"Feature","id":1000602,"geometry":{"type":"Point","coordinates":[1.468,47.204]},"properties":{"code":"220","status":"independent","s":16290101,"e":16311231,"c":1,"country_name":"Kingdom of France","wiki":"Kingdom of France","qid":"Q207162","rank":-54}},{"type":"Feature","id":1000603,"geometry":{"type":"Point","coordinates":[-6.176,32.049]},"properties":{"code":"Q1136188","status":"independent","s":16290101,"e":16391231,"c":8,"country_name":"Saadi Sultanate","wiki":"Saadi Sultanate","qid":"Q1136188","rank":-29}},{"type":"Feature","id":1000604,"geometry":{"type":"Point","coordinates":[-1.104,46.012]},"properties":{"code":"220","status":"independent","s":16290101,"e":16311231,"c":1,"country_name":"Kingdom of France","wiki":"Kingdom of France","qid":"Q207162","rank":0}},{"type":"Feature","id":1000605,"geometry":{"type":"Point","coordinates":[27.577,52.676]},"properties":{"code":"Q172107","status":"independent","s":16290101,"e":16311231,"c":10,"country_name":"Polish-Lithuanian Commonwealth","wiki":"Polish-Lithuanian Commonwealth","qid":"Q172107","rank":-118}},{"type":"Feature","id":1000606,"geometry":{"type":"Point","coordinates":[9.2,56.1]},"properties":{"code":"390","status":"independent","s":16290101,"e":16311231,"c":9,"country_name":"Denmark-Norway","wiki":"Denmark-Norway","qid":"Q62651","rank":-6}},{"type":"Feature","id":1000607,"geometry":{"type":"Point","coordinates":[6.004,52.566]},"properties":{"code":"210","status":"independent","s":16290101,"e":16311231,"c":9,"country_name":"Dutch Republic","wiki":"Dutch Republic","qid":"Q170072","rank":-4}},{"type":"Feature","id":1000608,"geometry":{"type":"Point","coordinates":[49.122,60.319]},"properties":{"code":"365","status":"independent","s":16290101,"e":16311231,"c":0,"country_name":"Tsardom of Russia","wiki":"Tsardom of Russia","qid":"Q186096","rank":-436}},{"type":"Feature","id":1000609,"geometry":{"type":"Point","coordinates":[13.649,52.892]},"properties":{"code":"255","status":"independent","s":16290101,"e":16311231,"c":6,"country_name":"Brandenburg-Prussia","wiki":"Brandenburg-Prussia","qid":"Q157367","rank":-6}},{"type":"Feature","id":1000610,"geometry":{"type":"Point","coordinates":[13.283,51.184]},"properties":{"code":"Q156199","status":"independent","s":16290101,"e":16311231,"c":1,"country_name":"Electorate of Saxony","wiki":"Electorate of Saxony","qid":"Q156199","rank":-3}},{"type":"Feature","id":1000611,"geometry":{"type":"Point","coordinates":[16.487,49.06]},"properties":{"code":"300","status":"independent","s":16290101,"e":16311231,"c":7,"country_name":"Habsburg Monarchy","wiki":"Habsburg monarchy","qid":"Q66504140","rank":-40}},{"type":"Feature","id":1000612,"geometry":{"type":"Point","coordinates":[6.021,52.627]},"properties":{"code":"210","status":"independent","s":16320101,"e":16351231,"c":9,"country_name":"Dutch Republic","wiki":"Dutch Republic","qid":"Q170072","rank":-5}},{"type":"Feature","id":1000613,"geometry":{"type":"Point","coordinates":[9.2,56.1]},"properties":{"code":"390","status":"independent","s":16320101,"e":16441231,"c":9,"country_name":"Denmark-Norway","wiki":"Denmark-Norway","qid":"Q62651","rank":-8}},{"type":"Feature","id":1000614,"geometry":{"type":"Point","coordinates":[27.582,52.676]},"properties":{"code":"Q172107","status":"independent","s":16320101,"e":16351231,"c":10,"country_name":"Polish-Lithuanian Commonwealth","wiki":"Polish-Lithuanian Commonwealth","qid":"Q172107","rank":-116}},{"type":"Feature","id":1000615,"geometry":{"type":"Point","coordinates":[7.393,45.043]},"properties":{"code":"325","status":"independent","s":16320101,"e":16411231,"c":2,"country_name":"House of Savoy","wiki":"House of Savoy","qid":"Q200229","rank":-5}},{"type":"Feature","id":1000616,"geometry":{"type":"Point","coordinates":[49.122,60.319]},"properties":{"code":"365","status":"independent","s":16320101,"e":16351231,"c":0,"country_name":"Tsardom of Russia","wiki":"Tsardom of Russia","qid":"Q186096","rank":-438}},{"type":"Feature","id":1000617,"geometry":{"type":"Point","coordinates":[8.794,46.954]},"properties":{"code":"225","status":"independent","s":16320101,"e":16351231,"c":4,"country_name":"Swiss Confederation","wiki":"Switzerland","qid":"Q39","rank":-5}},{"type":"Feature","id":1000618,"geometry":{"type":"Point","coordinates":[9.089,42.142]},"properties":{"code":"Q174306","status":"independent","s":16320101,"e":16411231,"c":5,"country_name":"Republic of Genoa","wiki":"Republic of Genoa","qid":"Q174306","rank":-1}},{"type":"Feature","id":1000619,"geometry":{"type":"Point","coordinates":[16.034,48.263]},"properties":{"code":"300","status":"independent","s":16320101,"e":16351231,"c":7,"country_name":"Habsburg Monarchy","wiki":"Habsburg monarchy","qid":"Q66504140","rank":-34}},{"type":"Feature","id":1000620,"geometry":{"type":"Point","coordinates":[13.649,52.892]},"properties":{"code":"255","status":"independent","s":16320101,"e":16351231,"c":6,"country_name":"Brandenburg-Prussia","wiki":"Brandenburg-Prussia","qid":"Q157367","rank":-6}},{"type":"Feature","id":1000621,"geometry":{"type":"Point","coordinates":[-4.107,40.092]},"properties":{"code":"Q377350","status":"independent","s":16320101,"e":16351231,"c":10,"country_name":"Iberian Union","wiki":"Iberian Union","qid":"Q377350","rank":-62}},{"type":"Feature","id":1000622,"geometry":{"type":"Point","coordinates":[-5.751,35.637]},"properties":{"code":"Q80702","status":"colony","owner":"230","s":16320101,"e":16351231,"c":11,"country_name":"Spanish Empire","wiki":"Spanish Empire","qid":"Q80702","rank":0}},{"type":"Feature","id":1000623,"geometry":{"type":"Point","coordinates":[27.395,63.272]},"properties":{"code":"Q215443","status":"independent","s":16320101,"e":16351231,"c":2,"country_name":"Swedish Empire","wiki":"Swedish Empire","qid":"Q215443","rank":-145}},{"type":"Feature","id":1000625,"geometry":{"type":"Point","coordinates":[9.46,52.678]},"properties":{"code":"Q12548","status":"independent","s":16320101,"e":16351231,"c":8,"country_name":"Holy Roman Empire","wiki":"Holy Roman Empire","qid":"Q12548","rank":-15}},{"type":"Feature","id":1000626,"geometry":{"type":"Point","coordinates":[6.161,48.291]},"properties":{"code":"Q155019","status":"independent","s":16320101,"e":16351231,"c":5,"country_name":"Duchy of Lorraine","wiki":"Duchy of Lorraine","qid":"Q155019","rank":-1}},{"type":"Feature","id":1000627,"geometry":{"type":"Point","coordinates":[12.095,48.239]},"properties":{"code":"Q47261","status":"independent","s":16320101,"e":16351231,"c":10,"country_name":"Duchy of Bavaria","wiki":"Duchy of Bavaria","qid":"Q47261","rank":-3}},{"type":"Feature","id":1000628,"geometry":{"type":"Point","coordinates":[45.581,46.604]},"properties":{"code":"Q4210248","status":"independent","s":16320101,"e":16351231,"c":3,"country_name":"Kalmyk Khanate","wiki":"Kalmyk Khanate","qid":"Q4210248","rank":-7}},{"type":"Feature","id":1000629,"geometry":{"type":"Point","coordinates":[1.368,46.97]},"properties":{"code":"220","status":"independent","s":16320101,"e":16351231,"c":1,"country_name":"Kingdom of France","wiki":"Kingdom of France","qid":"Q207162","rank":-54}},{"type":"Feature","id":1000631,"geometry":{"type":"Point","coordinates":[-5.751,35.637]},"properties":{"code":"Q80702","status":"colony","owner":"230","s":16360101,"e":16391231,"c":11,"country_name":"Spanish Empire","wiki":"Spanish Empire","qid":"Q80702","rank":0}},{"type":"Feature","id":1000633,"geometry":{"type":"Point","coordinates":[-4.107,40.092]},"properties":{"code":"Q377350","status":"independent","s":16360101,"e":16391231,"c":10,"country_name":"Iberian Union","wiki":"Iberian Union","qid":"Q377350","rank":-62}},{"type":"Feature","id":1000634,"geometry":{"type":"Point","coordinates":[44.72,45.775]},"properties":{"code":"Q4210248","status":"independent","s":16360101,"e":17371231,"c":3,"country_name":"Kalmyk Khanate","wiki":"Kalmyk Khanate","qid":"Q4210248","rank":-19}},{"type":"Feature","id":1000635,"geometry":{"type":"Point","coordinates":[1.368,46.97]},"properties":{"code":"220","status":"independent","s":16360101,"e":16391231,"c":1,"country_name":"Kingdom of France","wiki":"Kingdom of France","qid":"Q207162","rank":-56}},{"type":"Feature","id":1000636,"geometry":{"type":"Point","coordinates":[53.992,49.823]},"properties":{"code":"Q1433867","status":"independent","s":16360101,"e":16581231,"c":11,"country_name":"Kazakh Khanate","wiki":"Kazakh Khanate","qid":"Q1433867","rank":-37}},{"type":"Feature","id":1000637,"geometry":{"type":"Point","coordinates":[47.691,33.936]},"properties":{"code":"Q161205","status":"independent","s":16360101,"e":16391231,"c":2,"country_name":"Safavid Dynasty","wiki":"Safavid dynasty","qid":"Q161205","rank":-109}},{"type":"Feature","id":1000638,"geometry":{"type":"Point","coordinates":[27.395,63.272]},"properties":{"code":"Q215443","status":"independent","s":16360101,"e":16391231,"c":2,"country_name":"Swedish Empire","wiki":"Swedish Empire","qid":"Q215443","rank":-145}},{"type":"Feature","id":1000639,"geometry":{"type":"Point","coordinates":[42.662,49.61]},"properties":{"code":"Q1057292","status":"independent","s":16360101,"e":16391231,"c":7,"country_name":"Don Cossacks","wiki":"Don Cossacks","qid":"Q1057292","rank":-16}},{"type":"Feature","id":1000640,"geometry":{"type":"Point","coordinates":[8.948,50.789]},"properties":{"code":"Q12548","status":"independent","s":16360101,"e":16391231,"c":8,"country_name":"Holy Roman Empire","wiki":"Holy Roman Empire","qid":"Q12548","rank":-29}},{"type":"Feature","id":1000641,"geometry":{"type":"Point","coordinates":[12.09,48.595]},"properties":{"code":"Q47261","status":"independent","s":16360101,"e":17011231,"c":10,"country_name":"Duchy of Bavaria","wiki":"Duchy of Bavaria","qid":"Q47261","rank":-6}},{"type":"Feature","id":1000642,"geometry":{"type":"Point","coordinates":[40.054,46.012]},"properties":{"code":"Q631210","status":"independent","s":16360101,"e":16691231,"c":2,"country_name":"Small Horde","wiki":"Nogai Horde","qid":"Q631210","rank":-10}},{"type":"Feature","id":1000644,"geometry":{"type":"Point","coordinates":[6.021,52.627]},"properties":{"code":"210","status":"independent","s":16360101,"e":16391231,"c":9,"country_name":"Dutch Republic","wiki":"Dutch Republic","qid":"Q170072","rank":-5}},{"type":"Feature","id":1000645,"geometry":{"type":"Point","coordinates":[27.577,52.676]},"properties":{"code":"Q172107","status":"independent","s":16360101,"e":16391231,"c":10,"country_name":"Polish-Lithuanian Commonwealth","wiki":"Polish-Lithuanian Commonwealth","qid":"Q172107","rank":-118}},{"type":"Feature","id":1000646,"geometry":{"type":"Point","coordinates":[16.518,49.029]},"properties":{"code":"300","status":"independent","s":16360101,"e":16391231,"c":7,"country_name":"Habsburg Monarchy","wiki":"Habsburg monarchy","qid":"Q66504140","rank":-39}},{"type":"Feature","id":1000647,"geometry":{"type":"Point","coordinates":[13.754,51.463]},"properties":{"code":"Q156199","status":"independent","s":16360101,"e":16391231,"c":1,"country_name":"Electorate of Saxony","wiki":"Electorate of Saxony","qid":"Q156199","rank":-5}},{"type":"Feature","id":1000648,"geometry":{"type":"Point","coordinates":[13.649,52.892]},"properties":{"code":"255","status":"independent","s":16360101,"e":16391231,"c":6,"country_name":"Brandenburg-Prussia","wiki":"Brandenburg-Prussia","qid":"Q157367","rank":-6}},{"type":"Feature","id":1000649,"geometry":{"type":"Point","coordinates":[39.947,37.486]},"properties":{"code":"640","status":"independent","s":16360101,"e":16391231,"c":3,"country_name":"Ottoman Empire","wiki":"Ottoman Empire","qid":"Q12560","rank":-236}},{"type":"Feature","id":1000650,"geometry":{"type":"Point","coordinates":[49.148,60.294]},"properties":{"code":"365","status":"independent","s":16360101,"e":16391231,"c":0,"country_name":"Tsardom of Russia","wiki":"Tsardom of Russia","qid":"Q186096","rank":-438}},{"type":"Feature","id":1000651,"geometry":{"type":"Point","coordinates":[8.794,46.954]},"properties":{"code":"225","status":"independent","s":16360101,"e":16721231,"c":4,"country_name":"Swiss Confederation","wiki":"Switzerland","qid":"Q39","rank":-5}},{"type":"Feature","id":1000652,"geometry":{"type":"Point","coordinates":[1.368,46.97]},"properties":{"code":"220","status":"independent","s":16400101,"e":16411231,"c":1,"country_name":"Kingdom of France","wiki":"Kingdom of France","qid":"Q207162","rank":-58}},{"type":"Feature","id":1000653,"geometry":{"type":"Point","coordinates":[-1.576,52.512]},"properties":{"code":"200","status":"independent","s":16400101,"e":16411231,"c":4,"country_name":"Kingdom of England","wiki":"Kingdom of England","qid":"Q179876","rank":-21}},{"type":"Feature","id":1000654,"geometry":{"type":"Point","coordinates":[-6.228,32.03]},"properties":{"code":"Q1136188","status":"independent","s":16400101,"e":16691231,"c":8,"country_name":"Saadi Sultanate","wiki":"Saadi Sultanate","qid":"Q1136188","rank":-29}},{"type":"Feature","id":1000655,"geometry":{"type":"Point","coordinates":[-8.749,32.902]},"properties":{"code":"Q200464","status":"colony","owner":"235","s":16400101,"e":16411231,"c":4,"country_name":"Portuguese Empire","wiki":"Portuguese Empire","qid":"Q200464","rank":0}},{"type":"Feature","id":1000656,"geometry":{"type":"Point","coordinates":[27.395,63.272]},"properties":{"code":"Q215443","status":"independent","s":16400101,"e":16411231,"c":2,"country_name":"Swedish Empire","wiki":"Swedish Empire","qid":"Q215443","rank":-145}},{"type":"Feature","id":1000657,"geometry":{"type":"Point","coordinates":[52.694,33.306]},"properties":{"code":"Q161205","status":"independent","s":16400101,"e":16471231,"c":2,"country_name":"Safavid Dynasty","wiki":"Safavid dynasty","qid":"Q161205","rank":-92}},{"type":"Feature","id":1000658,"geometry":{"type":"Point","coordinates":[8.948,50.789]},"properties":{"code":"Q12548","status":"independent","s":16400101,"e":16411231,"c":8,"country_name":"Holy Roman Empire","wiki":"Holy Roman Empire","qid":"Q12548","rank":-28}},{"type":"Feature","id":1000659,"geometry":{"type":"Point","coordinates":[42.662,49.61]},"properties":{"code":"Q1057292","status":"independent","s":16400101,"e":16411231,"c":7,"country_name":"Don Cossacks","wiki":"Don Cossacks","qid":"Q1057292","rank":-16}},{"type":"Feature","id":1000660,"geometry":{"type":"Point","coordinates":[-0.698,35.586]},"properties":{"code":"Q80702","status":"colony","owner":"230","s":16400101,"e":16581231,"c":11,"country_name":"Spanish Empire","wiki":"Spanish Empire","qid":"Q80702","rank":0}},{"type":"Feature","id":1000661,"geometry":{"type":"Point","coordinates":[1.633,42.545]},"properties":{"code":"Q228","status":"independent","s":16400101,"e":16411231,"c":3,"country_name":"Andorra","wiki":"Andorra","qid":"Q228","rank":0}},{"type":"Feature","id":1000662,"geometry":{"type":"Point","coordinates":[39.912,37.451]},"properties":{"code":"640","status":"independent","s":16400101,"e":16441231,"c":3,"country_name":"Ottoman Empire","wiki":"Ottoman Empire","qid":"Q12560","rank":-253}},{"type":"Feature","id":1000664,"geometry":{"type":"Point","coordinates":[16.641,48.968]},"properties":{"code":"300","status":"independent","s":16400101,"e":16411231,"c":7,"country_name":"Habsburg Monarchy","wiki":"Habsburg monarchy","qid":"Q66504140","rank":-39}},{"type":"Feature","id":1000665,"geometry":{"type":"Point","coordinates":[13.64,52.88]},"properties":{"code":"255","status":"independent","s":16400101,"e":16411231,"c":6,"country_name":"Brandenburg-Prussia","wiki":"Brandenburg-Prussia","qid":"Q157367","rank":-6}},{"type":"Feature","id":1000666,"geometry":{"type":"Point","coordinates":[13.343,51.366]},"properties":{"code":"Q156199","status":"independent","s":16400101,"e":16411231,"c":1,"country_name":"Electorate of Saxony","wiki":"Electorate of Saxony","qid":"Q156199","rank":-3}},{"type":"Feature","id":1000667,"geometry":{"type":"Point","coordinates":[-7.826,40.58]},"properties":{"code":"235","status":"independent","s":16400101,"e":17051231,"c":4,"country_name":"Kingdom of Portugal","wiki":"Kingdom of Portugal","qid":"Q45670","rank":-10}},{"type":"Feature","id":1000668,"geometry":{"type":"Point","coordinates":[47.993,58.984]},"properties":{"code":"365","status":"independent","s":16400101,"e":16411231,"c":0,"country_name":"Tsardom of Russia","wiki":"Tsardom of Russia","qid":"Q186096","rank":-451}},{"type":"Feature","id":1000669,"geometry":{"type":"Point","coordinates":[1.247,41.86]},"properties":{"code":"Q42345047","status":"independent","s":16400101,"e":16411231,"c":4,"country_name":"Catalan Republic","wiki":"Catalan Republic (1640–1641)","qid":"Q42345047","rank":-4}},{"type":"Feature","id":1000670,"geometry":{"type":"Point","coordinates":[27.577,52.676]},"properties":{"code":"Q172107","status":"independent","s":16400101,"e":16411231,"c":10,"country_name":"Polish-Lithuanian Commonwealth","wiki":"Polish-Lithuanian Commonwealth","qid":"Q172107","rank":-119}},{"type":"Feature","id":1000671,"geometry":{"type":"Point","coordinates":[-3.438,40.092]},"properties":{"code":"230","status":"independent","s":16400101,"e":16411231,"c":11,"country_name":"Kingdom of Spain","wiki":"Spain","qid":"Q29","rank":-49}},{"type":"Feature","id":1000672,"geometry":{"type":"Point","coordinates":[6.021,52.627]},"properties":{"code":"210","status":"independent","s":16400101,"e":16411231,"c":9,"country_name":"Dutch Republic","wiki":"Dutch Republic","qid":"Q170072","rank":-5}},{"type":"Feature","id":1000673,"geometry":{"type":"Point","coordinates":[13.649,52.892]},"properties":{"code":"255","status":"independent","s":16420101,"e":16441231,"c":6,"country_name":"Brandenburg-Prussia","wiki":"Brandenburg-Prussia","qid":"Q157367","rank":-6}},{"type":"Feature","id":1000674,"geometry":{"type":"Point","coordinates":[12.919,51.548]},"properties":{"code":"Q156199","status":"independent","s":16420101,"e":16441231,"c":1,"country_name":"Electorate of Saxony","wiki":"Electorate of Saxony","qid":"Q156199","rank":-3}},{"type":"Feature","id":1000675,"geometry":{"type":"Point","coordinates":[9.089,42.142]},"properties":{"code":"Q174306","status":"independent","s":16420101,"e":16441231,"c":5,"country_name":"Republic of Genoa","wiki":"Republic of Genoa","qid":"Q174306","rank":-1}},{"type":"Feature","id":1000676,"geometry":{"type":"Point","coordinates":[16.518,49.029]},"properties":{"code":"300","status":"independent","s":16420101,"e":16441231,"c":7,"country_name":"Habsburg Monarchy","wiki":"Habsburg monarchy","qid":"Q66504140","rank":-39}},{"type":"Feature","id":1000677,"geometry":{"type":"Point","coordinates":[47.993,58.984]},"properties":{"code":"365","status":"independent","s":16420101,"e":16441231,"c":0,"country_name":"Tsardom of Russia","wiki":"Tsardom of Russia","qid":"Q186096","rank":-451}},{"type":"Feature","id":1000678,"geometry":{"type":"Point","coordinates":[7.393,45.043]},"properties":{"code":"325","status":"independent","s":16420101,"e":16441231,"c":2,"country_name":"House of Savoy","wiki":"House of Savoy","qid":"Q200229","rank":-5}},{"type":"Feature","id":1000679,"geometry":{"type":"Point","coordinates":[7.39,43.831]},"properties":{"code":"Q235","status":"independent","s":16420101,"e":16441231,"c":8,"country_name":"Principality of Monaco","wiki":"Monaco","qid":"Q235","rank":0}},{"type":"Feature","id":1000680,"geometry":{"type":"Point","coordinates":[27.577,52.676]},"properties":{"code":"Q172107","status":"independent","s":16420101,"e":16441231,"c":10,"country_name":"Polish-Lithuanian Commonwealth","wiki":"Polish-Lithuanian Commonwealth","qid":"Q172107","rank":-118}},{"type":"Feature","id":1000681,"geometry":{"type":"Point","coordinates":[-3.438,40.092]},"properties":{"code":"230","status":"independent","s":16420101,"e":16441231,"c":11,"country_name":"Kingdom of Spain","wiki":"Spain","qid":"Q29","rank":-51}},{"type":"Feature","id":1000682,"geometry":{"type":"Point","coordinates":[6.021,52.627]},"properties":{"code":"210","status":"independent","s":16420101,"e":16441231,"c":9,"country_name":"Dutch Republic","wiki":"Dutch Republic","qid":"Q170072","rank":-5}},{"type":"Feature","id":1000683,"geometry":{"type":"Point","coordinates":[-1.624,52.643]},"properties":{"code":"200","status":"independent","s":16420101,"e":16441231,"c":4,"country_name":"Kingdom of England","wiki":"Kingdom of England","qid":"Q179876","rank":-21}},{"type":"Feature","id":1000684,"geometry":{"type":"Point","coordinates":[1.339,47.007]},"properties":{"code":"220","status":"independent","s":16420101,"e":16441231,"c":1,"country_name":"Kingdom of France","wiki":"Kingdom of France","qid":"Q207162","rank":-61}},{"type":"Feature","id":1000685,"geometry":{"type":"Point","coordinates":[-8.749,32.902]},"properties":{"code":"Q200464","status":"colony","owner":"235","s":16420101,"e":16441231,"c":4,"country_name":"Portuguese Empire","wiki":"Portuguese Empire","qid":"Q200464","rank":0}},{"type":"Feature","id":1000686,"geometry":{"type":"Point","coordinates":[8.902,50.773]},"properties":{"code":"Q12548","status":"independent","s":16420101,"e":16441231,"c":8,"country_name":"Holy Roman Empire","wiki":"Holy Roman Empire","qid":"Q12548","rank":-26}},{"type":"Feature","id":1000687,"geometry":{"type":"Point","coordinates":[27.395,63.272]},"properties":{"code":"Q215443","status":"independent","s":16420101,"e":16441231,"c":2,"country_name":"Swedish Empire","wiki":"Swedish Empire","qid":"Q215443","rank":-145}},{"type":"Feature","id":1000688,"geometry":{"type":"Point","coordinates":[42.662,49.61]},"properties":{"code":"Q210163","status":"independent","s":16420101,"e":16471231,"c":10,"country_name":"Astrakhan Khanate","wiki":"Astrakhan Khanate","qid":"Q210163","rank":-16}},{"type":"Feature","id":1000689,"geometry":{"type":"Point","coordinates":[1.629,42.552]},"properties":{"code":"Q228","status":"independent","s":16420101,"e":17011231,"c":3,"country_name":"Andorra","wiki":"Andorra","qid":"Q228","rank":0}},{"type":"Feature","id":1000690,"geometry":{"type":"Point","coordinates":[-7.745,54.414]},"properties":{"code":"Q1407718","status":"independent","s":16420101,"e":16441231,"c":9,"country_name":"Irish Catholic Confederation","wiki":"Confederate Ireland","qid":"Q1407718","rank":-8}},{"type":"Feature","id":1000691,"geometry":{"type":"Point","coordinates":[27.577,52.676]},"properties":{"code":"Q172107","status":"independent","s":16450101,"e":16471231,"c":10,"country_name":"Polish-Lithuanian Commonwealth","wiki":"Polish-Lithuanian Commonwealth","qid":"Q172107","rank":-118}},{"type":"Feature","id":1000692,"geometry":{"type":"Point","coordinates":[7.433,43.837]},"properties":{"code":"Q235","status":"independent","s":16450101,"e":17931231,"c":8,"country_name":"Principality of Monaco","wiki":"Monaco","qid":"Q235","rank":0}},{"type":"Feature","id":1000693,"geometry":{"type":"Point","coordinates":[6.021,52.627]},"properties":{"code":"210","status":"independent","s":16450101,"e":16471231,"c":9,"country_name":"Dutch Republic","wiki":"Dutch Republic","qid":"Q170072","rank":-5}},{"type":"Feature","id":1000694,"geometry":{"type":"Point","coordinates":[-3.438,40.092]},"properties":{"code":"230","status":"independent","s":16450101,"e":16471231,"c":11,"country_name":"Kingdom of Spain","wiki":"Spain","qid":"Q29","rank":-52}},{"type":"Feature","id":1000695,"geometry":{"type":"Point","coordinates":[9.2,56.1]},"properties":{"code":"390","status":"independent","s":16450101,"e":16581231,"c":9,"country_name":"Denmark-Norway","wiki":"Denmark-Norway","qid":"Q62651","rank":-8}},{"type":"Feature","id":1000696,"geometry":{"type":"Point","coordinates":[7.393,45.043]},"properties":{"code":"325","status":"independent","s":16450101,"e":16901231,"c":2,"country_name":"House of Savoy","wiki":"House of Savoy","qid":"Q200229","rank":-5}},{"type":"Feature","id":1000697,"geometry":{"type":"Point","coordinates":[11.595,45.519]},"properties":{"code":"Q4948","status":"independent","s":16450101,"e":16471231,"c":6,"country_name":"Republic of Venice","wiki":"Republic of Venice","qid":"Q4948","rank":-4}},{"type":"Feature","id":1000698,"geometry":{"type":"Point","coordinates":[47.993,58.984]},"properties":{"code":"365","status":"independent","s":16450101,"e":16471231,"c":0,"country_name":"Tsardom of Russia","wiki":"Tsardom of Russia","qid":"Q186096","rank":-451}},{"type":"Feature","id":1000699,"geometry":{"type":"Point","coordinates":[39.912,37.451]},"properties":{"code":"640","status":"independent","s":16450101,"e":16471231,"c":3,"country_name":"Ottoman Empire","wiki":"Ottoman Empire","qid":"Q12560","rank":-253}},{"type":"Feature","id":1000700,"geometry":{"type":"Point","coordinates":[9.089,42.142]},"properties":{"code":"Q174306","status":"independent","s":16450101,"e":17081231,"c":5,"country_name":"Republic of Genoa","wiki":"Republic of Genoa","qid":"Q174306","rank":-1}},{"type":"Feature","id":1000701,"geometry":{"type":"Point","coordinates":[16.518,49.029]},"properties":{"code":"300","status":"independent","s":16450101,"e":16471231,"c":7,"country_name":"Habsburg Monarchy","wiki":"Habsburg monarchy","qid":"Q66504140","rank":-39}},{"type":"Feature","id":1000702,"geometry":{"type":"Point","coordinates":[12.919,51.548]},"properties":{"code":"Q156199","status":"independent","s":16450101,"e":16471231,"c":1,"country_name":"Electorate of Saxony","wiki":"Electorate of Saxony","qid":"Q156199","rank":-3}},{"type":"Feature","id":1000703,"geometry":{"type":"Point","coordinates":[13.649,52.892]},"properties":{"code":"255","status":"independent","s":16450101,"e":16471231,"c":6,"country_name":"Brandenburg-Prussia","wiki":"Brandenburg-Prussia","qid":"Q157367","rank":-6}},{"type":"Feature","id":1000704,"geometry":{"type":"Point","coordinates":[-7.98,53.971]},"properties":{"code":"Q1407718","status":"independent","s":16450101,"e":16471231,"c":9,"country_name":"Irish Catholic Confederation","wiki":"Confederate Ireland","qid":"Q1407718","rank":-5}},{"type":"Feature","id":1000705,"geometry":{"type":"Point","coordinates":[-1.08,52.182]},"properties":{"code":"200","status":"independent","s":16450101,"e":16471231,"c":4,"country_name":"Commonwealth of England","wiki":"Commonwealth of England","qid":"Q330362","rank":-18}},{"type":"Feature","id":1000706,"geometry":{"type":"Point","coordinates":[-8.749,32.902]},"properties":{"code":"Q200464","status":"colony","owner":"235","s":16450101,"e":16471231,"c":4,"country_name":"Portuguese Empire","wiki":"Portuguese Empire","qid":"Q200464","rank":0}},{"type":"Feature","id":1000707,"geometry":{"type":"Point","coordinates":[27.395,63.272]},"properties":{"code":"Q215443","status":"independent","s":16450101,"e":16471231,"c":2,"country_name":"Swedish Empire","wiki":"Swedish Empire","qid":"Q215443","rank":-156}},{"type":"Feature","id":1000708,"geometry":{"type":"Point","coordinates":[8.902,50.773]},"properties":{"code":"Q12548","status":"independent","s":16450101,"e":16471231,"c":8,"country_name":"Holy Roman Empire","wiki":"Holy Roman Empire","qid":"Q12548","rank":-24}},{"type":"Feature","id":1000709,"geometry":{"type":"Point","coordinates":[-6.807,52.966]},"properties":{"code":"200","status":"independent","s":16450101,"e":16471231,"c":4,"country_name":"Kingdom of England","wiki":"Kingdom of England","qid":"Q179876","rank":-4}},{"type":"Feature","id":1000710,"geometry":{"type":"Point","coordinates":[1.36,46.995]},"properties":{"code":"220","status":"independent","s":16450101,"e":16471231,"c":1,"country_name":"Kingdom of France","wiki":"Kingdom of France","qid":"Q207162","rank":-61}},{"type":"Feature","id":1000711,"geometry":{"type":"Point","coordinates":[6.004,52.566]},"properties":{"code":"210","status":"independent","s":16480101,"e":16521231,"c":9,"country_name":"Dutch Republic","wiki":"Dutch Republic","qid":"Q170072","rank":-5}},{"type":"Feature","id":1000712,"geometry":{"type":"Point","coordinates":[-3.438,40.092]},"properties":{"code":"230","status":"independent","s":16480101,"e":16521231,"c":11,"country_name":"Kingdom of Spain","wiki":"Spain","qid":"Q29","rank":-52}},{"type":"Feature","id":1000713,"geometry":{"type":"Point","coordinates":[27.582,52.676]},"properties":{"code":"Q172107","status":"independent","s":16480101,"e":16521231,"c":10,"country_name":"Polish-Lithuanian Commonwealth","wiki":"Polish-Lithuanian Commonwealth","qid":"Q172107","rank":-118}},{"type":"Feature","id":1000714,"geometry":{"type":"Point","coordinates":[11.595,45.519]},"properties":{"code":"Q4948","status":"independent","s":16480101,"e":16721231,"c":6,"country_name":"Republic of Venice","wiki":"Republic of Venice","qid":"Q4948","rank":-4}},{"type":"Feature","id":1000715,"geometry":{"type":"Point","coordinates":[47.993,58.984]},"properties":{"code":"365","status":"independent","s":16480101,"e":16521231,"c":0,"country_name":"Tsardom of Russia","wiki":"Tsardom of Russia","qid":"Q186096","rank":-453}},{"type":"Feature","id":1000716,"geometry":{"type":"Point","coordinates":[16.518,49.029]},"properties":{"code":"300","status":"independent","s":16480101,"e":16521231,"c":7,"country_name":"Habsburg Monarchy","wiki":"Habsburg monarchy","qid":"Q66504140","rank":-39}},{"type":"Feature","id":1000718,"geometry":{"type":"Point","coordinates":[13.754,51.463]},"properties":{"code":"Q156199","status":"independent","s":16480101,"e":16821231,"c":1,"country_name":"Electorate of Saxony","wiki":"Electorate of Saxony","qid":"Q156199","rank":-4}},{"type":"Feature","id":1000719,"geometry":{"type":"Point","coordinates":[15.344,53.434]},"properties":{"code":"255","status":"independent","s":16480101,"e":16581231,"c":6,"country_name":"Brandenburg-Prussia","wiki":"Brandenburg-Prussia","qid":"Q157367","rank":-8}},{"type":"Feature","id":1000720,"geometry":{"type":"Point","coordinates":[39.912,37.451]},"properties":{"code":"640","status":"independent","s":16480101,"e":16611231,"c":3,"country_name":"Ottoman Empire","wiki":"Ottoman Empire","qid":"Q12560","rank":-253}},{"type":"Feature","id":1000721,"geometry":{"type":"Point","coordinates":[-7.751,54.39]},"properties":{"code":"Q1407718","status":"independent","s":16480101,"e":16521231,"c":9,"country_name":"Irish Catholic Confederation","wiki":"Confederate Ireland","qid":"Q1407718","rank":-6}},{"type":"Feature","id":1000722,"geometry":{"type":"Point","coordinates":[-1.554,52.435]},"properties":{"code":"200","status":"independent","s":16480101,"e":16521231,"c":4,"country_name":"Commonwealth of England","wiki":"Commonwealth of England","qid":"Q330362","rank":-20}},{"type":"Feature","id":1000723,"geometry":{"type":"Point","coordinates":[42.655,49.599]},"properties":{"code":"Q210163","status":"independent","s":16480101,"e":16611231,"c":10,"country_name":"Astrakhan Khanate","wiki":"Astrakhan Khanate","qid":"Q210163","rank":-16}},{"type":"Feature","id":1000724,"geometry":{"type":"Point","coordinates":[34.662,46.861]},"properties":{"code":"Q160440","status":"independent","s":16480101,"e":16611231,"c":8,"country_name":"Crimean Khanate","wiki":"Crimean Khanate","qid":"Q160440","rank":-5}},{"type":"Feature","id":1000725,"geometry":{"type":"Point","coordinates":[52.694,33.306]},"properties":{"code":"Q161205","status":"independent","s":16480101,"e":17051231,"c":2,"country_name":"Safavid Dynasty","wiki":"Safavid dynasty","qid":"Q161205","rank":-92}},{"type":"Feature","id":1000726,"geometry":{"type":"Point","coordinates":[27.395,63.272]},"properties":{"code":"Q215443","status":"independent","s":16480101,"e":16521231,"c":2,"country_name":"Swedish Empire","wiki":"Swedish Empire","qid":"Q215443","rank":-156}},{"type":"Feature","id":1000727,"geometry":{"type":"Point","coordinates":[8.82,50.237]},"properties":{"code":"Q12548","status":"independent","s":16480101,"e":16521231,"c":8,"country_name":"Holy Roman Empire","wiki":"Holy Roman Empire","qid":"Q12548","rank":-29}},{"type":"Feature","id":1000728,"geometry":{"type":"Point","coordinates":[-8.749,32.902]},"properties":{"code":"Q200464","status":"colony","owner":"235","s":16480101,"e":16581231,"c":4,"country_name":"Portuguese Empire","wiki":"Portuguese Empire","qid":"Q200464","rank":0}},{"type":"Feature","id":1000729,"geometry":{"type":"Point","coordinates":[6.161,48.291]},"properties":{"code":"Q155019","status":"independent","s":16480101,"e":16581231,"c":5,"country_name":"Duchy of Lorraine","wiki":"Duchy of Lorraine","qid":"Q155019","rank":-1}},{"type":"Feature","id":1000730,"geometry":{"type":"Point","coordinates":[1.36,46.995]},"properties":{"code":"220","status":"independent","s":16480101,"e":16521231,"c":1,"country_name":"Kingdom of France","wiki":"Kingdom of France","qid":"Q207162","rank":-56}},{"type":"Feature","id":1000731,"geometry":{"type":"Point","coordinates":[-6.923,52.716]},"properties":{"code":"200","status":"independent","s":16480101,"e":16521231,"c":4,"country_name":"Kingdom of England","wiki":"Kingdom of England","qid":"Q179876","rank":-3}},{"type":"Feature","id":1000732,"geometry":{"type":"Point","coordinates":[-1.637,52.621]},"properties":{"code":"200","status":"independent","s":16530101,"e":16581231,"c":4,"country_name":"Commonwealth of England","wiki":"Commonwealth of England","qid":"Q330362","rank":-33}},{"type":"Feature","id":1000733,"geometry":{"type":"Point","coordinates":[8.82,50.237]},"properties":{"code":"Q12548","status":"independent","s":16530101,"e":16611231,"c":8,"country_name":"Holy Roman Empire","wiki":"Holy Roman Empire","qid":"Q12548","rank":-29}},{"type":"Feature","id":1000734,"geometry":{"type":"Point","coordinates":[27.395,63.272]},"properties":{"code":"Q215443","status":"independent","s":16530101,"e":16581231,"c":2,"country_name":"Swedish Empire","wiki":"Swedish Empire","qid":"Q215443","rank":-156}},{"type":"Feature","id":1000735,"geometry":{"type":"Point","coordinates":[1.374,47.013]},"properties":{"code":"220","status":"independent","s":16530101,"e":16581231,"c":1,"country_name":"Kingdom of France","wiki":"Kingdom of France","qid":"Q207162","rank":-56}},{"type":"Feature","id":1000736,"geometry":{"type":"Point","coordinates":[12.721,43.16]},"properties":{"code":"Q170174","status":"independent","s":16530101,"e":17081231,"c":3,"country_name":"Papal States","wiki":"Papal States","qid":"Q170174","rank":-5}},{"type":"Feature","id":1000737,"geometry":{"type":"Point","coordinates":[26.963,52.634]},"properties":{"code":"Q172107","status":"independent","s":16530101,"e":16581231,"c":10,"country_name":"Polish-Lithuanian Commonwealth","wiki":"Polish-Lithuanian Commonwealth","qid":"Q172107","rank":-110}},{"type":"Feature","id":1000738,"geometry":{"type":"Point","coordinates":[-3.438,40.092]},"properties":{"code":"230","status":"independent","s":16530101,"e":16581231,"c":11,"country_name":"Kingdom of Spain","wiki":"Spain","qid":"Q29","rank":-52}},{"type":"Feature","id":1000739,"geometry":{"type":"Point","coordinates":[6.004,52.566]},"properties":{"code":"210","status":"independent","s":16530101,"e":16581231,"c":9,"country_name":"Dutch Republic","wiki":"Dutch Republic","qid":"Q170072","rank":-5}},{"type":"Feature","id":1000740,"geometry":{"type":"Point","coordinates":[47.993,58.984]},"properties":{"code":"365","status":"independent","s":16530101,"e":16581231,"c":0,"country_name":"Tsardom of Russia","wiki":"Tsardom of Russia","qid":"Q186096","rank":-454}},{"type":"Feature","id":1000742,"geometry":{"type":"Point","coordinates":[16.518,49.029]},"properties":{"code":"300","status":"independent","s":16530101,"e":16691231,"c":7,"country_name":"Habsburg Monarchy","wiki":"Habsburg monarchy","qid":"Q66504140","rank":-39}},{"type":"Feature","id":1000743,"geometry":{"type":"Point","coordinates":[1.374,47.013]},"properties":{"code":"220","status":"independent","s":16590101,"e":16611231,"c":1,"country_name":"Kingdom of France","wiki":"Kingdom of France","qid":"Q207162","rank":-56}},{"type":"Feature","id":1000744,"geometry":{"type":"Point","coordinates":[53.992,49.823]},"properties":{"code":"Q1433867","status":"independent","s":16590101,"e":16761231,"c":11,"country_name":"Kazakh Khanate","wiki":"Kazakh Khanate","qid":"Q1433867","rank":-37}},{"type":"Feature","id":1000745,"geometry":{"type":"Point","coordinates":[14.912,62.779]},"properties":{"code":"Q215443","status":"independent","s":16590101,"e":16611231,"c":2,"country_name":"Swedish Empire","wiki":"Swedish Empire","qid":"Q215443","rank":-155}},{"type":"Feature","id":1000746,"geometry":{"type":"Point","coordinates":[-8.749,32.902]},"properties":{"code":"Q200464","status":"colony","owner":"235","s":16590101,"e":16611231,"c":4,"country_name":"Portuguese Empire","wiki":"Portuguese Empire","qid":"Q200464","rank":0}},{"type":"Feature","id":1000747,"geometry":{"type":"Point","coordinates":[6.161,48.291]},"properties":{"code":"Q155019","status":"independent","s":16590101,"e":16691231,"c":5,"country_name":"Duchy of Lorraine","wiki":"Duchy of Lorraine","qid":"Q155019","rank":-1}},{"type":"Feature","id":1000748,"geometry":{"type":"Point","coordinates":[-0.698,35.586]},"properties":{"code":"Q80702","status":"colony","owner":"230","s":16590101,"e":16691231,"c":11,"country_name":"Spanish Empire","wiki":"Spanish Empire","qid":"Q80702","rank":0}},{"type":"Feature","id":1000749,"geometry":{"type":"Point","coordinates":[-1.637,52.621]},"properties":{"code":"200","status":"independent","s":16590101,"e":16601231,"c":4,"country_name":"Commonwealth of England","wiki":"Commonwealth of England","qid":"Q330362","rank":-33}},{"type":"Feature","id":1000750,"geometry":{"type":"Point","coordinates":[-1.624,52.592]},"properties":{"code":"200","status":"independent","s":16610101,"e":16611231,"c":4,"country_name":"Commonwealth of England","wiki":"Commonwealth of England","qid":"Q330362","rank":-21}},{"type":"Feature","id":1000753,"geometry":{"type":"Point","coordinates":[15.358,53.423]},"properties":{"code":"255","status":"independent","s":16590101,"e":16721231,"c":6,"country_name":"Brandenburg-Prussia","wiki":"Brandenburg-Prussia","qid":"Q157367","rank":-9}},{"type":"Feature","id":1000754,"geometry":{"type":"Point","coordinates":[27.454,47.025]},"properties":{"code":"Q10957559","status":"independent","s":16590101,"e":16611231,"c":5,"country_name":"Principality of Moldavia","wiki":"Moldavia","qid":"Q10957559","rank":-10}},{"type":"Feature","id":1000755,"geometry":{"type":"Point","coordinates":[48.035,58.984]},"properties":{"code":"365","status":"independent","s":16590101,"e":16611231,"c":0,"country_name":"Tsardom of Russia","wiki":"Tsardom of Russia","qid":"Q186096","rank":-502}},{"type":"Feature","id":1000756,"geometry":{"type":"Point","coordinates":[6.004,52.566]},"properties":{"code":"210","status":"independent","s":16590101,"e":16611231,"c":9,"country_name":"Dutch Republic","wiki":"Dutch Republic","qid":"Q170072","rank":-5}},{"type":"Feature","id":1000757,"geometry":{"type":"Point","coordinates":[-3.438,40.092]},"properties":{"code":"230","status":"independent","s":16590101,"e":16691231,"c":11,"country_name":"Kingdom of Spain","wiki":"Spain","qid":"Q29","rank":-52}},{"type":"Feature","id":1000758,"geometry":{"type":"Point","coordinates":[9.2,56.1]},"properties":{"code":"390","status":"independent","s":16590101,"e":16611231,"c":9,"country_name":"Denmark-Norway","wiki":"Denmark-Norway","qid":"Q62651","rank":-8}},{"type":"Feature","id":1000759,"geometry":{"type":"Point","coordinates":[23.391,51.423]},"properties":{"code":"Q172107","status":"independent","s":16590101,"e":16611231,"c":10,"country_name":"Polish-Lithuanian Commonwealth","wiki":"Polish-Lithuanian Commonwealth","qid":"Q172107","rank":-57}},{"type":"Feature","id":1000760,"geometry":{"type":"Point","coordinates":[26.736,52.655]},"properties":{"code":"Q172107","status":"independent","s":16620101,"e":16721231,"c":10,"country_name":"Polish-Lithuanian Commonwealth","wiki":"Polish-Lithuanian Commonwealth","qid":"Q172107","rank":-101}},{"type":"Feature","id":1000761,"geometry":{"type":"Point","coordinates":[6.004,52.566]},"properties":{"code":"210","status":"independent","s":16620101,"e":16691231,"c":9,"country_name":"Dutch Republic","wiki":"Dutch Republic","qid":"Q170072","rank":-5}},{"type":"Feature","id":1000762,"geometry":{"type":"Point","coordinates":[33.532,48.416]},"properties":{"code":"Q1076173","status":"independent","s":16620101,"e":16691231,"c":4,"country_name":"Zaporozhian Cossacks","wiki":"Zaporozhian Cossacks","qid":"Q1076173","rank":-15}},{"type":"Feature","id":1000763,"geometry":{"type":"Point","coordinates":[9.2,56.1]},"properties":{"code":"390","status":"independent","s":16620101,"e":16691231,"c":9,"country_name":"Denmark-Norway","wiki":"Denmark-Norway","qid":"Q62651","rank":-4}},{"type":"Feature","id":1000764,"geometry":{"type":"Point","coordinates":[39.912,37.451]},"properties":{"code":"640","status":"independent","s":16620101,"e":16691231,"c":3,"country_name":"Ottoman Empire","wiki":"Ottoman Empire","qid":"Q12560","rank":-253}},{"type":"Feature","id":1000766,"geometry":{"type":"Point","coordinates":[-5.829,35.638]},"properties":{"code":"Q617219","status":"colony","owner":"200","s":16620101,"e":16691231,"c":4,"country_name":"English Colonial Empire","wiki":"English overseas possessions","qid":"Q617219","rank":0}},{"type":"Feature","id":1000767,"geometry":{"type":"Point","coordinates":[23.694,46.883]},"properties":{"code":"Q655621","status":"independent","s":16620101,"e":16691231,"c":1,"country_name":"Principality of Transylvania","wiki":"Principality of Transylvania (1570-1711)","qid":"Q655621","rank":-13}},{"type":"Feature","id":1000768,"geometry":{"type":"Point","coordinates":[47.993,58.984]},"properties":{"code":"365","status":"independent","s":16620101,"e":16691231,"c":0,"country_name":"Tsardom of Russia","wiki":"Tsardom of Russia","qid":"Q186096","rank":-469}},{"type":"Feature","id":1000769,"geometry":{"type":"Point","coordinates":[27.454,47.081]},"properties":{"code":"Q10957559","status":"independent","s":16620101,"e":16721231,"c":5,"country_name":"Principality of Moldavia","wiki":"Moldavia","qid":"Q10957559","rank":-10}},{"type":"Feature","id":1000770,"geometry":{"type":"Point","coordinates":[34.662,46.861]},"properties":{"code":"Q160440","status":"independent","s":16620101,"e":16691231,"c":8,"country_name":"Crimean Khanate","wiki":"Crimean Khanate","qid":"Q160440","rank":-5}},{"type":"Feature","id":1000771,"geometry":{"type":"Point","coordinates":[42.696,49.617]},"properties":{"code":"Q210163","status":"independent","s":16620101,"e":16691231,"c":10,"country_name":"Astrakhan Khanate","wiki":"Astrakhan Khanate","qid":"Q210163","rank":-16}},{"type":"Feature","id":1000772,"geometry":{"type":"Point","coordinates":[-1.624,52.592]},"properties":{"code":"200","status":"independent","s":16620101,"e":16901231,"c":4,"country_name":"Kingdom of England","wiki":"Kingdom of England","qid":"Q179876","rank":-21}},{"type":"Feature","id":1000773,"geometry":{"type":"Point","coordinates":[2.092,46.773]},"properties":{"code":"220","status":"independent","s":16620101,"e":16691231,"c":1,"country_name":"Kingdom of France","wiki":"Kingdom of France","qid":"Q207162","rank":-56}},{"type":"Feature","id":1000774,"geometry":{"type":"Point","coordinates":[-8.749,32.902]},"properties":{"code":"Q200464","status":"colony","owner":"235","s":16620101,"e":16691231,"c":4,"country_name":"Portuguese Empire","wiki":"Portuguese Empire","qid":"Q200464","rank":0}},{"type":"Feature","id":1000775,"geometry":{"type":"Point","coordinates":[27.392,63.237]},"properties":{"code":"Q215443","status":"independent","s":16620101,"e":16691231,"c":2,"country_name":"Swedish Empire","wiki":"Swedish Empire","qid":"Q215443","rank":-159}},{"type":"Feature","id":1000776,"geometry":{"type":"Point","coordinates":[8.82,50.237]},"properties":{"code":"Q12548","status":"independent","s":16620101,"e":16691231,"c":8,"country_name":"Holy Roman Empire","wiki":"Holy Roman Empire","qid":"Q12548","rank":-29}},{"type":"Feature","id":1000777,"geometry":{"type":"Point","coordinates":[39.057,50.12]},"properties":{"code":"Q598570","status":"independent","s":16700101,"e":17511231,"c":3,"country_name":"Sloboda Ukraine","wiki":"Sloboda Ukraine","qid":"Q598570","rank":-12}},{"type":"Feature","id":1000778,"geometry":{"type":"Point","coordinates":[9.2,56.1]},"properties":{"code":"390","status":"independent","s":16700101,"e":17081231,"c":9,"country_name":"Denmark-Norway","wiki":"Denmark-Norway","qid":"Q62651","rank":-4}},{"type":"Feature","id":1000779,"geometry":{"type":"Point","coordinates":[6.004,52.566]},"properties":{"code":"210","status":"independent","s":16700101,"e":16721231,"c":9,"country_name":"Dutch Republic","wiki":"Dutch Republic","qid":"Q170072","rank":-5}},{"type":"Feature","id":1000780,"geometry":{"type":"Point","coordinates":[33.532,48.416]},"properties":{"code":"Q1076173","status":"independent","s":16700101,"e":16721231,"c":4,"country_name":"Zaporozhian Cossacks","wiki":"Zaporozhian Cossacks","qid":"Q1076173","rank":-15}},{"type":"Feature","id":1000781,"geometry":{"type":"Point","coordinates":[-3.438,40.092]},"properties":{"code":"230","status":"independent","s":16700101,"e":16721231,"c":11,"country_name":"Kingdom of Spain","wiki":"Spain","qid":"Q29","rank":-52}},{"type":"Feature","id":1000782,"geometry":{"type":"Point","coordinates":[40.054,46.012]},"properties":{"code":"Q631210","status":"independent","s":16700101,"e":16721231,"c":2,"country_name":"Small Horde","wiki":"Nogai Horde","qid":"Q631210","rank":-10}},{"type":"Feature","id":1000783,"geometry":{"type":"Point","coordinates":[23.686,46.883]},"properties":{"code":"Q655621","status":"independent","s":16700101,"e":16721231,"c":1,"country_name":"Principality of Transylvania","wiki":"Principality of Transylvania (1570-1711)","qid":"Q655621","rank":-13}},{"type":"Feature","id":1000784,"geometry":{"type":"Point","coordinates":[47.993,58.984]},"properties":{"code":"365","status":"independent","s":16700101,"e":16721231,"c":0,"country_name":"Tsardom of Russia","wiki":"Tsardom of Russia","qid":"Q186096","rank":-469}},{"type":"Feature","id":1000785,"geometry":{"type":"Point","coordinates":[39.912,37.451]},"properties":{"code":"640","status":"independent","s":16700101,"e":16721231,"c":3,"country_name":"Ottoman Empire","wiki":"Ottoman Empire","qid":"Q12560","rank":-254}},{"type":"Feature","id":1000786,"geometry":{"type":"Point","coordinates":[-6.228,32.03]},"properties":{"code":"600","status":"independent","s":16700101,"e":16861231,"c":0,"country_name":"Morocco","wiki":"Morocco","qid":"Q1028","rank":-29}},{"type":"Feature","id":1000787,"geometry":{"type":"Point","coordinates":[16.272,49.091]},"properties":{"code":"300","status":"independent","s":16700101,"e":16721231,"c":7,"country_name":"Habsburg Monarchy","wiki":"Habsburg monarchy","qid":"Q66504140","rank":-39}},{"type":"Feature","id":1000788,"geometry":{"type":"Point","coordinates":[-5.829,35.638]},"properties":{"code":"Q617219","status":"colony","owner":"200","s":16700101,"e":16721231,"c":4,"country_name":"English Colonial Empire","wiki":"English overseas possessions","qid":"Q617219","rank":0}},{"type":"Feature","id":1000791,"geometry":{"type":"Point","coordinates":[42.696,49.617]},"properties":{"code":"Q210163","status":"independent","s":16700101,"e":17621231,"c":10,"country_name":"Astrakhan Khanate","wiki":"Astrakhan Khanate","qid":"Q210163","rank":-15}},{"type":"Feature","id":1000792,"geometry":{"type":"Point","coordinates":[34.662,46.861]},"properties":{"code":"Q160440","status":"independent","s":16700101,"e":16721231,"c":8,"country_name":"Crimean Khanate","wiki":"Crimean Khanate","qid":"Q160440","rank":-5}},{"type":"Feature","id":1000793,"geometry":{"type":"Point","coordinates":[-0.698,35.586]},"properties":{"code":"Q80702","status":"colony","owner":"230","s":16700101,"e":16761231,"c":11,"country_name":"Spanish Empire","wiki":"Spanish Empire","qid":"Q80702","rank":0}},{"type":"Feature","id":1000794,"geometry":{"type":"Point","coordinates":[6.161,48.291]},"properties":{"code":"Q155019","status":"independent","s":16700101,"e":16721231,"c":5,"country_name":"Duchy of Lorraine","wiki":"Duchy of Lorraine","qid":"Q155019","rank":-1}},{"type":"Feature","id":1000795,"geometry":{"type":"Point","coordinates":[-8.749,32.902]},"properties":{"code":"Q200464","status":"colony","owner":"235","s":16700101,"e":16761231,"c":4,"country_name":"Portuguese Empire","wiki":"Portuguese Empire","qid":"Q200464","rank":0}},{"type":"Feature","id":1000796,"geometry":{"type":"Point","coordinates":[8.82,50.237]},"properties":{"code":"Q12548","status":"independent","s":16700101,"e":16721231,"c":8,"country_name":"Holy Roman Empire","wiki":"Holy Roman Empire","qid":"Q12548","rank":-28}},{"type":"Feature","id":1000797,"geometry":{"type":"Point","coordinates":[27.392,63.237]},"properties":{"code":"Q215443","status":"independent","s":16700101,"e":16821231,"c":2,"country_name":"Swedish Empire","wiki":"Swedish Empire","qid":"Q215443","rank":-159}},{"type":"Feature","id":1000798,"geometry":{"type":"Point","coordinates":[2.095,46.737]},"properties":{"code":"220","status":"independent","s":16700101,"e":16721231,"c":1,"country_name":"Kingdom of France","wiki":"Kingdom of France","qid":"Q207162","rank":-57}},{"type":"Feature","id":1000799,"geometry":{"type":"Point","coordinates":[8.807,50.237]},"properties":{"code":"Q12548","status":"independent","s":16730101,"e":16761231,"c":8,"country_name":"Holy Roman Empire","wiki":"Holy Roman Empire","qid":"Q12548","rank":-27}},{"type":"Feature","id":1000800,"geometry":{"type":"Point","coordinates":[5.089,44.077]},"properties":{"code":"Q1122980","status":"independent","s":16730101,"e":16761231,"c":7,"country_name":"Comtat Venaissin","wiki":"Comtat Venaissin","qid":"Q1122980","rank":0}},{"type":"Feature","id":1000801,"geometry":{"type":"Point","coordinates":[2.09,46.763]},"properties":{"code":"220","status":"independent","s":16730101,"e":16761231,"c":1,"country_name":"Kingdom of France","wiki":"Kingdom of France","qid":"Q207162","rank":-62}},{"type":"Feature","id":1000802,"geometry":{"type":"Point","coordinates":[34.662,46.861]},"properties":{"code":"Q160440","status":"independent","s":16730101,"e":16821231,"c":8,"country_name":"Crimean Khanate","wiki":"Crimean Khanate","qid":"Q160440","rank":-5}},{"type":"Feature","id":1000804,"geometry":{"type":"Point","coordinates":[23.694,46.883]},"properties":{"code":"Q655621","status":"independent","s":16730101,"e":16821231,"c":1,"country_name":"Principality of Transylvania","wiki":"Principality of Transylvania (1570-1711)","qid":"Q655621","rank":-13}},{"type":"Feature","id":1000805,"geometry":{"type":"Point","coordinates":[8.794,46.954]},"properties":{"code":"225","status":"independent","s":16730101,"e":16761231,"c":4,"country_name":"Swiss Confederation","wiki":"Switzerland","qid":"Q39","rank":-5}},{"type":"Feature","id":1000806,"geometry":{"type":"Point","coordinates":[11.595,45.519]},"properties":{"code":"Q4948","status":"independent","s":16730101,"e":16861231,"c":6,"country_name":"Republic of Venice","wiki":"Republic of Venice","qid":"Q4948","rank":-4}},{"type":"Feature","id":1000807,"geometry":{"type":"Point","coordinates":[47.993,58.984]},"properties":{"code":"365","status":"independent","s":16730101,"e":16761231,"c":0,"country_name":"Tsardom of Russia","wiki":"Tsardom of Russia","qid":"Q186096","rank":-469}},{"type":"Feature","id":1000808,"geometry":{"type":"Point","coordinates":[27.407,47.104]},"properties":{"code":"Q10957559","status":"independent","s":16730101,"e":16951231,"c":5,"country_name":"Principality of Moldavia","wiki":"Moldavia","qid":"Q10957559","rank":-10}},{"type":"Feature","id":1000809,"geometry":{"type":"Point","coordinates":[39.754,37.439]},"properties":{"code":"640","status":"independent","s":16730101,"e":16761231,"c":3,"country_name":"Ottoman Empire","wiki":"Ottoman Empire","qid":"Q12560","rank":-267}},{"type":"Feature","id":1000810,"geometry":{"type":"Point","coordinates":[-5.829,35.638]},"properties":{"code":"Q617219","status":"colony","owner":"200","s":16730101,"e":16761231,"c":4,"country_name":"English Colonial Empire","wiki":"English overseas possessions","qid":"Q617219","rank":0}},{"type":"Feature","id":1000812,"geometry":{"type":"Point","coordinates":[16.272,49.091]},"properties":{"code":"300","status":"independent","s":16730101,"e":16821231,"c":7,"country_name":"Habsburg Monarchy","wiki":"Habsburg monarchy","qid":"Q66504140","rank":-40}},{"type":"Feature","id":1000813,"geometry":{"type":"Point","coordinates":[15.358,53.423]},"properties":{"code":"255","status":"independent","s":16730101,"e":16761231,"c":6,"country_name":"Brandenburg-Prussia","wiki":"Brandenburg-Prussia","qid":"Q157367","rank":-9}},{"type":"Feature","id":1000814,"geometry":{"type":"Point","coordinates":[25.999,52.972]},"properties":{"code":"Q172107","status":"independent","s":16730101,"e":16761231,"c":10,"country_name":"Polish-Lithuanian Commonwealth","wiki":"Polish-Lithuanian Commonwealth","qid":"Q172107","rank":-91}},{"type":"Feature","id":1000815,"geometry":{"type":"Point","coordinates":[-3.438,40.092]},"properties":{"code":"230","status":"independent","s":16730101,"e":16761231,"c":11,"country_name":"Kingdom of Spain","wiki":"Spain","qid":"Q29","rank":-52}},{"type":"Feature","id":1000816,"geometry":{"type":"Point","coordinates":[33.525,48.394]},"properties":{"code":"Q1076173","status":"independent","s":16730101,"e":16761231,"c":4,"country_name":"Zaporozhian Cossacks","wiki":"Zaporozhian Cossacks","qid":"Q1076173","rank":-15}},{"type":"Feature","id":1000817,"geometry":{"type":"Point","coordinates":[6.001,52.683]},"properties":{"code":"210","status":"independent","s":16730101,"e":16761231,"c":9,"country_name":"Dutch Republic","wiki":"Dutch Republic","qid":"Q170072","rank":-2}},{"type":"Feature","id":1000818,"geometry":{"type":"Point","coordinates":[40.054,46.012]},"properties":{"code":"Q631210","status":"independent","s":16730101,"e":16861231,"c":2,"country_name":"Small Horde","wiki":"Nogai Horde","qid":"Q631210","rank":-10}},{"type":"Feature","id":1000819,"geometry":{"type":"Point","coordinates":[39.861,37.445]},"properties":{"code":"640","status":"independent","s":16770101,"e":16821231,"c":3,"country_name":"Ottoman Empire","wiki":"Ottoman Empire","qid":"Q12560","rank":-261}},{"type":"Feature","id":1000820,"geometry":{"type":"Point","coordinates":[-5.829,35.638]},"properties":{"code":"Q617219","status":"colony","owner":"200","s":16770101,"e":16821231,"c":4,"country_name":"English Colonial Empire","wiki":"English overseas possessions","qid":"Q617219","rank":0}},{"type":"Feature","id":1000822,"geometry":{"type":"Point","coordinates":[15.358,53.423]},"properties":{"code":"255","status":"independent","s":16770101,"e":16821231,"c":6,"country_name":"Brandenburg-Prussia","wiki":"Brandenburg-Prussia","qid":"Q157367","rank":-9}},{"type":"Feature","id":1000823,"geometry":{"type":"Point","coordinates":[8.765,46.954]},"properties":{"code":"225","status":"independent","s":16770101,"e":16901231,"c":4,"country_name":"Swiss Confederation","wiki":"Switzerland","qid":"Q39","rank":-5}},{"type":"Feature","id":1000824,"geometry":{"type":"Point","coordinates":[47.993,58.984]},"properties":{"code":"365","status":"independent","s":16770101,"e":16861231,"c":0,"country_name":"Tsardom of Russia","wiki":"Tsardom of Russia","qid":"Q186096","rank":-469}},{"type":"Feature","id":1000825,"geometry":{"type":"Point","coordinates":[27.293,53.168]},"properties":{"code":"Q172107","status":"independent","s":16770101,"e":16821231,"c":10,"country_name":"Polish-Lithuanian Commonwealth","wiki":"Polish-Lithuanian Commonwealth","qid":"Q172107","rank":-97}},{"type":"Feature","id":1000827,"geometry":{"type":"Point","coordinates":[-3.438,40.092]},"properties":{"code":"230","status":"independent","s":16770101,"e":16821231,"c":11,"country_name":"Kingdom of Spain","wiki":"Spain","qid":"Q29","rank":-52}},{"type":"Feature","id":1000828,"geometry":{"type":"Point","coordinates":[6.021,52.584]},"properties":{"code":"210","status":"independent","s":16770101,"e":16821231,"c":9,"country_name":"Dutch Republic","wiki":"Dutch Republic","qid":"Q170072","rank":-4}},{"type":"Feature","id":1000829,"geometry":{"type":"Point","coordinates":[33.54,48.416]},"properties":{"code":"Q1076173","status":"independent","s":16770101,"e":16821231,"c":4,"country_name":"Zaporozhian Cossacks","wiki":"Zaporozhian Cossacks","qid":"Q1076173","rank":-15}},{"type":"Feature","id":1000830,"geometry":{"type":"Point","coordinates":[2.249,46.737]},"properties":{"code":"220","status":"independent","s":16770101,"e":16821231,"c":1,"country_name":"Kingdom of France","wiki":"Kingdom of France","qid":"Q207162","rank":-63}},{"type":"Feature","id":1000831,"geometry":{"type":"Point","coordinates":[-8.749,32.902]},"properties":{"code":"Q200464","status":"colony","owner":"235","s":16770101,"e":16821231,"c":4,"country_name":"Portuguese Empire","wiki":"Portuguese Empire","qid":"Q200464","rank":0}},{"type":"Feature","id":1000832,"geometry":{"type":"Point","coordinates":[53.992,49.823]},"properties":{"code":"Q1433867","status":"independent","s":16770101,"e":16821231,"c":11,"country_name":"Kazakh Khanate","wiki":"Kazakh Khanate","qid":"Q1433867","rank":-37}},{"type":"Feature","id":1000833,"geometry":{"type":"Point","coordinates":[8.826,50.237]},"properties":{"code":"Q12548","status":"independent","s":16770101,"e":16821231,"c":8,"country_name":"Holy Roman Empire","wiki":"Holy Roman Empire","qid":"Q12548","rank":-28}},{"type":"Feature","id":1000834,"geometry":{"type":"Point","coordinates":[5.089,44.077]},"properties":{"code":"Q1122980","status":"independent","s":16770101,"e":17011231,"c":7,"country_name":"Comtat Venaissin","wiki":"Comtat Venaissin","qid":"Q1122980","rank":0}},{"type":"Feature","id":1000835,"geometry":{"type":"Point","coordinates":[-0.698,35.586]},"properties":{"code":"Q80702","status":"colony","owner":"230","s":16770101,"e":16821231,"c":11,"country_name":"Spanish Empire","wiki":"Spanish Empire","qid":"Q80702","rank":0}},{"type":"Feature","id":1000837,"geometry":{"type":"Point","coordinates":[34.662,46.861]},"properties":{"code":"Q160440","status":"independent","s":16830101,"e":16861231,"c":8,"country_name":"Crimean Khanate","wiki":"Crimean Khanate","qid":"Q160440","rank":-5}},{"type":"Feature","id":1000838,"geometry":{"type":"Point","coordinates":[-0.698,35.586]},"properties":{"code":"Q80702","status":"colony","owner":"230","s":16830101,"e":16861231,"c":11,"country_name":"Spanish Empire","wiki":"Spanish Empire","qid":"Q80702","rank":0}},{"type":"Feature","id":1000839,"geometry":{"type":"Point","coordinates":[8.82,50.347]},"properties":{"code":"Q12548","status":"independent","s":16830101,"e":16861231,"c":8,"country_name":"Holy Roman Empire","wiki":"Holy Roman Empire","qid":"Q12548","rank":-27}},{"type":"Feature","id":1000840,"geometry":{"type":"Point","coordinates":[53.992,49.823]},"properties":{"code":"Q1433867","status":"independent","s":16830101,"e":16861231,"c":11,"country_name":"Kazakh Khanate","wiki":"Kazakh Khanate","qid":"Q1433867","rank":-37}},{"type":"Feature","id":1000841,"geometry":{"type":"Point","coordinates":[27.392,63.237]},"properties":{"code":"Q215443","status":"independent","s":16830101,"e":17011231,"c":2,"country_name":"Swedish Empire","wiki":"Swedish Empire","qid":"Q215443","rank":-159}},{"type":"Feature","id":1000842,"geometry":{"type":"Point","coordinates":[-8.749,32.902]},"properties":{"code":"Q200464","status":"colony","owner":"235","s":16830101,"e":16861231,"c":4,"country_name":"Portuguese Empire","wiki":"Portuguese Empire","qid":"Q200464","rank":0}},{"type":"Feature","id":1000843,"geometry":{"type":"Point","coordinates":[2.244,46.767]},"properties":{"code":"220","status":"independent","s":16830101,"e":16861231,"c":1,"country_name":"Kingdom of France","wiki":"Kingdom of France","qid":"Q207162","rank":-62}},{"type":"Feature","id":1000844,"geometry":{"type":"Point","coordinates":[6.004,52.566]},"properties":{"code":"210","status":"independent","s":16830101,"e":16861231,"c":9,"country_name":"Dutch Republic","wiki":"Dutch Republic","qid":"Q170072","rank":-5}},{"type":"Feature","id":1000845,"geometry":{"type":"Point","coordinates":[33.532,48.416]},"properties":{"code":"Q1076173","status":"independent","s":16830101,"e":17511231,"c":4,"country_name":"Zaporozhian Cossacks","wiki":"Zaporozhian Cossacks","qid":"Q1076173","rank":-15}},{"type":"Feature","id":1000847,"geometry":{"type":"Point","coordinates":[-3.438,40.092]},"properties":{"code":"230","status":"independent","s":16830101,"e":16901231,"c":11,"country_name":"Kingdom of Spain","wiki":"Spain","qid":"Q29","rank":-52}},{"type":"Feature","id":1000848,"geometry":{"type":"Point","coordinates":[27.293,53.168]},"properties":{"code":"Q172107","status":"independent","s":16830101,"e":16861231,"c":10,"country_name":"Polish-Lithuanian Commonwealth","wiki":"Polish-Lithuanian Commonwealth","qid":"Q172107","rank":-97}},{"type":"Feature","id":1000849,"geometry":{"type":"Point","coordinates":[21.532,48.383]},"properties":{"code":"Q7245120","status":"independent","s":16830101,"e":16861231,"c":2,"country_name":"Principality of Upper Hungary","wiki":"Principality of Upper Hungary","qid":"Q7245120","rank":-8}},{"type":"Feature","id":1000850,"geometry":{"type":"Point","coordinates":[23.854,46.762]},"properties":{"code":"Q655621","status":"independent","s":16830101,"e":16861231,"c":1,"country_name":"Principality of Transylvania","wiki":"Principality of Transylvania (1570-1711)","qid":"Q655621","rank":-10}},{"type":"Feature","id":1000851,"geometry":{"type":"Point","coordinates":[13.55,51.436]},"properties":{"code":"Q156199","status":"independent","s":16830101,"e":16991231,"c":1,"country_name":"Electorate of Saxony","wiki":"Electorate of Saxony","qid":"Q156199","rank":-4}},{"type":"Feature","id":1000852,"geometry":{"type":"Point","coordinates":[15.247,53.408]},"properties":{"code":"255","status":"independent","s":16830101,"e":16861231,"c":6,"country_name":"Brandenburg-Prussia","wiki":"Brandenburg-Prussia","qid":"Q157367","rank":-10}},{"type":"Feature","id":1000853,"geometry":{"type":"Point","coordinates":[16.026,49.152]},"properties":{"code":"300","status":"independent","s":16830101,"e":16861231,"c":7,"country_name":"Habsburg Monarchy","wiki":"Habsburg monarchy","qid":"Q66504140","rank":-35}},{"type":"Feature","id":1000854,"geometry":{"type":"Point","coordinates":[-5.829,35.638]},"properties":{"code":"Q617219","status":"colony","owner":"200","s":16830101,"e":16861231,"c":4,"country_name":"English Colonial Empire","wiki":"English overseas possessions","qid":"Q617219","rank":0}},{"type":"Feature","id":1000855,"geometry":{"type":"Point","coordinates":[39.861,37.445]},"properties":{"code":"640","status":"independent","s":16830101,"e":16861231,"c":3,"country_name":"Ottoman Empire","wiki":"Ottoman Empire","qid":"Q12560","rank":-260}},{"type":"Feature","id":1000856,"geometry":{"type":"Point","coordinates":[40.054,46.012]},"properties":{"code":"Q631210","status":"independent","s":16870101,"e":16901231,"c":2,"country_name":"Small Horde","wiki":"Nogai Horde","qid":"Q631210","rank":-10}},{"type":"Feature","id":1000858,"geometry":{"type":"Point","coordinates":[6.004,52.566]},"properties":{"code":"210","status":"independent","s":16870101,"e":16901231,"c":9,"country_name":"Dutch Republic","wiki":"Dutch Republic","qid":"Q170072","rank":-5}},{"type":"Feature","id":1000860,"geometry":{"type":"Point","coordinates":[27.293,53.168]},"properties":{"code":"Q172107","status":"independent","s":16870101,"e":16951231,"c":10,"country_name":"Polish-Lithuanian Commonwealth","wiki":"Polish-Lithuanian Commonwealth","qid":"Q172107","rank":-97}},{"type":"Feature","id":1000861,"geometry":{"type":"Point","coordinates":[15.247,53.408]},"properties":{"code":"255","status":"independent","s":16870101,"e":16901231,"c":6,"country_name":"Brandenburg-Prussia","wiki":"Brandenburg-Prussia","qid":"Q157367","rank":-10}},{"type":"Feature","id":1000862,"geometry":{"type":"Point","coordinates":[16.641,48.23]},"properties":{"code":"300","status":"independent","s":16870101,"e":16901231,"c":7,"country_name":"Habsburg Monarchy","wiki":"Habsburg monarchy","qid":"Q66504140","rank":-45}},{"type":"Feature","id":1000864,"geometry":{"type":"Point","coordinates":[39.861,37.445]},"properties":{"code":"640","status":"independent","s":16870101,"e":16901231,"c":3,"country_name":"Ottoman Empire","wiki":"Ottoman Empire","qid":"Q12560","rank":-252}},{"type":"Feature","id":1000865,"geometry":{"type":"Point","coordinates":[-6.228,32.03]},"properties":{"code":"600","status":"independent","s":16870101,"e":17401231,"c":0,"country_name":"Morocco","wiki":"Morocco","qid":"Q1028","rank":-29}},{"type":"Feature","id":1000866,"geometry":{"type":"Point","coordinates":[47.993,58.984]},"properties":{"code":"365","status":"independent","s":16870101,"e":16901231,"c":0,"country_name":"Tsardom of Russia","wiki":"Tsardom of Russia","qid":"Q186096","rank":-469}},{"type":"Feature","id":1000867,"geometry":{"type":"Point","coordinates":[11.595,45.519]},"properties":{"code":"Q4948","status":"independent","s":16870101,"e":16901231,"c":6,"country_name":"Republic of Venice","wiki":"Republic of Venice","qid":"Q4948","rank":-4}},{"type":"Feature","id":1000868,"geometry":{"type":"Point","coordinates":[23.682,46.883]},"properties":{"code":"Q655621","status":"independent","s":16870101,"e":16901231,"c":1,"country_name":"Principality of Transylvania","wiki":"Principality of Transylvania (1570-1711)","qid":"Q655621","rank":-13}},{"type":"Feature","id":1000869,"geometry":{"type":"Point","coordinates":[34.662,46.861]},"properties":{"code":"Q160440","status":"independent","s":16870101,"e":17371231,"c":8,"country_name":"Crimean Khanate","wiki":"Crimean Khanate","qid":"Q160440","rank":-5}},{"type":"Feature","id":1000870,"geometry":{"type":"Point","coordinates":[-0.698,35.586]},"properties":{"code":"Q80702","status":"colony","owner":"230","s":16870101,"e":16901231,"c":11,"country_name":"Spanish Empire","wiki":"Spanish Empire","qid":"Q80702","rank":0}},{"type":"Feature","id":1000871,"geometry":{"type":"Point","coordinates":[2.214,46.738]},"properties":{"code":"220","status":"independent","s":16870101,"e":16901231,"c":1,"country_name":"Kingdom of France","wiki":"Kingdom of France","qid":"Q207162","rank":-64}},{"type":"Feature","id":1000872,"geometry":{"type":"Point","coordinates":[8.82,50.347]},"properties":{"code":"Q12548","status":"independent","s":16870101,"e":16901231,"c":8,"country_name":"Holy Roman Empire","wiki":"Holy Roman Empire","qid":"Q12548","rank":-26}},{"type":"Feature","id":1000873,"geometry":{"type":"Point","coordinates":[53.992,49.823]},"properties":{"code":"Q1433867","status":"independent","s":16870101,"e":17171231,"c":11,"country_name":"Kazakh Khanate","wiki":"Kazakh Khanate","qid":"Q1433867","rank":-37}},{"type":"Feature","id":1000874,"geometry":{"type":"Point","coordinates":[-8.749,32.902]},"properties":{"code":"Q200464","status":"colony","owner":"235","s":16870101,"e":16951231,"c":4,"country_name":"Portuguese Empire","wiki":"Portuguese Empire","qid":"Q200464","rank":0}},{"type":"Feature","id":1000875,"geometry":{"type":"Point","coordinates":[-0.698,35.586]},"properties":{"code":"Q80702","status":"colony","owner":"230","s":16910101,"e":16951231,"c":11,"country_name":"Spanish Empire","wiki":"Spanish Empire","qid":"Q80702","rank":0}},{"type":"Feature","id":1000876,"geometry":{"type":"Point","coordinates":[2.469,46.795]},"properties":{"code":"220","status":"independent","s":16910101,"e":16951231,"c":1,"country_name":"Kingdom of France","wiki":"Kingdom of France","qid":"Q207162","rank":-67}},{"type":"Feature","id":1000877,"geometry":{"type":"Point","coordinates":[-1.624,52.592]},"properties":{"code":"200","status":"independent","s":16910101,"e":17051231,"c":4,"country_name":"Kingdom of England","wiki":"Kingdom of England","qid":"Q179876","rank":-21}},{"type":"Feature","id":1000878,"geometry":{"type":"Point","coordinates":[8.828,50.347]},"properties":{"code":"Q12548","status":"independent","s":16910101,"e":16951231,"c":8,"country_name":"Holy Roman Empire","wiki":"Holy Roman Empire","qid":"Q12548","rank":-26}},{"type":"Feature","id":1000879,"geometry":{"type":"Point","coordinates":[40.054,46.012]},"properties":{"code":"Q631210","status":"independent","s":16910101,"e":17331231,"c":2,"country_name":"Small Horde","wiki":"Nogai Horde","qid":"Q631210","rank":-10}},{"type":"Feature","id":1000880,"geometry":{"type":"Point","coordinates":[7.603,45.443]},"properties":{"code":"325","status":"independent","s":16910101,"e":16951231,"c":2,"country_name":"House of Savoy","wiki":"House of Savoy","qid":"Q200229","rank":-2}},{"type":"Feature","id":1000882,"geometry":{"type":"Point","coordinates":[-3.438,40.092]},"properties":{"code":"230","status":"independent","s":16910101,"e":16951231,"c":11,"country_name":"Kingdom of Spain","wiki":"Spain","qid":"Q29","rank":-52}},{"type":"Feature","id":1000883,"geometry":{"type":"Point","coordinates":[6.004,52.566]},"properties":{"code":"210","status":"independent","s":16910101,"e":16991231,"c":9,"country_name":"Dutch Republic","wiki":"Dutch Republic","qid":"Q170072","rank":-5}},{"type":"Feature","id":1000885,"geometry":{"type":"Point","coordinates":[16.641,48.23]},"properties":{"code":"300","status":"independent","s":16910101,"e":16951231,"c":7,"country_name":"Habsburg Monarchy","wiki":"Habsburg monarchy","qid":"Q66504140","rank":-48}},{"type":"Feature","id":1000886,"geometry":{"type":"Point","coordinates":[15.247,53.408]},"properties":{"code":"255","status":"independent","s":16910101,"e":16991231,"c":6,"country_name":"Brandenburg-Prussia","wiki":"Brandenburg-Prussia","qid":"Q157367","rank":-10}},{"type":"Feature","id":1000887,"geometry":{"type":"Point","coordinates":[39.861,37.445]},"properties":{"code":"640","status":"independent","s":16910101,"e":16951231,"c":3,"country_name":"Ottoman Empire","wiki":"Ottoman Empire","qid":"Q12560","rank":-249}},{"type":"Feature","id":1000888,"geometry":{"type":"Point","coordinates":[24.625,44.647]},"properties":{"code":"Q171393","status":"independent","s":16910101,"e":16951231,"c":11,"country_name":"Principality of Wallachia","wiki":"Wallachia","qid":"Q171393","rank":-9}},{"type":"Feature","id":1000889,"geometry":{"type":"Point","coordinates":[47.993,58.984]},"properties":{"code":"365","status":"independent","s":16910101,"e":16951231,"c":0,"country_name":"Tsardom of Russia","wiki":"Tsardom of Russia","qid":"Q186096","rank":-469}},{"type":"Feature","id":1000890,"geometry":{"type":"Point","coordinates":[11.595,45.519]},"properties":{"code":"Q4948","status":"independent","s":16910101,"e":16951231,"c":6,"country_name":"Republic of Venice","wiki":"Republic of Venice","qid":"Q4948","rank":-4}},{"type":"Feature","id":1000891,"geometry":{"type":"Point","coordinates":[23.677,46.903]},"properties":{"code":"Q655621","status":"independent","s":16910101,"e":16951231,"c":1,"country_name":"Principality of Transylvania","wiki":"Principality of Transylvania (1570-1711)","qid":"Q655621","rank":-13}},{"type":"Feature","id":1000892,"geometry":{"type":"Point","coordinates":[8.765,46.954]},"properties":{"code":"225","status":"independent","s":16910101,"e":16951231,"c":4,"country_name":"Swiss Confederation","wiki":"Switzerland","qid":"Q39","rank":-5}},{"type":"Feature","id":1000893,"geometry":{"type":"Point","coordinates":[8.828,50.568]},"properties":{"code":"Q12548","status":"independent","s":16960101,"e":16991231,"c":8,"country_name":"Holy Roman Empire","wiki":"Holy Roman Empire","qid":"Q12548","rank":-25}},{"type":"Feature","id":1000894,"geometry":{"type":"Point","coordinates":[-8.749,32.902]},"properties":{"code":"Q200464","status":"colony","owner":"235","s":16960101,"e":16991231,"c":4,"country_name":"Portuguese Empire","wiki":"Portuguese Empire","qid":"Q200464","rank":0}},{"type":"Feature","id":1000895,"geometry":{"type":"Point","coordinates":[2.241,46.715]},"properties":{"code":"220","status":"independent","s":16960101,"e":16991231,"c":1,"country_name":"Kingdom of France","wiki":"Kingdom of France","qid":"Q207162","rank":-65}},{"type":"Feature","id":1000896,"geometry":{"type":"Point","coordinates":[-0.698,35.586]},"properties":{"code":"Q80702","status":"colony","owner":"230","s":16960101,"e":16991231,"c":11,"country_name":"Spanish Empire","wiki":"Spanish Empire","qid":"Q80702","rank":0}},{"type":"Feature","id":1000897,"geometry":{"type":"Point","coordinates":[27.454,47.081]},"properties":{"code":"Q10957559","status":"independent","s":16960101,"e":17121231,"c":5,"country_name":"Principality of Moldavia","wiki":"Moldavia","qid":"Q10957559","rank":-10}},{"type":"Feature","id":1000898,"geometry":{"type":"Point","coordinates":[47.993,58.984]},"properties":{"code":"365","status":"independent","s":16960101,"e":17011231,"c":0,"country_name":"Tsardom of Russia","wiki":"Tsardom of Russia","qid":"Q186096","rank":-469}},{"type":"Feature","id":1000899,"geometry":{"type":"Point","coordinates":[11.595,45.519]},"properties":{"code":"Q4948","status":"independent","s":16960101,"e":16991231,"c":6,"country_name":"Republic of Venice","wiki":"Republic of Venice","qid":"Q4948","rank":-4}},{"type":"Feature","id":1000900,"geometry":{"type":"Point","coordinates":[8.765,46.954]},"properties":{"code":"225","status":"independent","s":16960101,"e":17331231,"c":4,"country_name":"Swiss Confederation","wiki":"Switzerland","qid":"Q39","rank":-5}},{"type":"Feature","id":1000901,"geometry":{"type":"Point","coordinates":[16.702,47.923]},"properties":{"code":"300","status":"independent","s":16960101,"e":16991231,"c":7,"country_name":"Habsburg Monarchy","wiki":"Habsburg monarchy","qid":"Q66504140","rank":-62}},{"type":"Feature","id":1000902,"geometry":{"type":"Point","coordinates":[24.625,44.647]},"properties":{"code":"Q171393","status":"independent","s":16960101,"e":17171231,"c":11,"country_name":"Principality of Wallachia","wiki":"Wallachia","qid":"Q171393","rank":-9}},{"type":"Feature","id":1000903,"geometry":{"type":"Point","coordinates":[39.787,37.444]},"properties":{"code":"640","status":"independent","s":16960101,"e":16991231,"c":3,"country_name":"Ottoman Empire","wiki":"Ottoman Empire","qid":"Q12560","rank":-244}},{"type":"Feature","id":1000904,"geometry":{"type":"Point","coordinates":[-3.438,40.092]},"properties":{"code":"230","status":"independent","s":16960101,"e":16991231,"c":11,"country_name":"Kingdom of Spain","wiki":"Spain","qid":"Q29","rank":-52}},{"type":"Feature","id":1000906,"geometry":{"type":"Point","coordinates":[26.736,52.655]},"properties":{"code":"Q172107","status":"independent","s":16960101,"e":16991231,"c":10,"country_name":"Polish-Lithuanian Commonwealth","wiki":"Polish-Lithuanian Commonwealth","qid":"Q172107","rank":-101}},{"type":"Feature","id":1000907,"geometry":{"type":"Point","coordinates":[7.393,45.043]},"properties":{"code":"325","status":"independent","s":16960101,"e":17011231,"c":2,"country_name":"House of Savoy","wiki":"House of Savoy","qid":"Q200229","rank":-5}},{"type":"Feature","id":1002287,"geometry":{"type":"Point","coordinates":[13.283,51.184]},"properties":{"code":"Q156199","status":"independent","s":16320101,"e":16351231,"c":1,"country_name":"Electorate of Saxony","wiki":"Electorate of Saxony","qid":"Q156199","rank":-3}},{"type":"Feature","id":1002288,"geometry":{"type":"Point","coordinates":[-4.409,56.582]},"properties":{"code":"Q230791","status":"independent","s":16090101,"e":16521231,"c":6,"country_name":"Kingdom of Scotland","wiki":"Kingdom of Scotland","qid":"Q230791","rank":-12}},{"type":"Feature","id":1002289,"geometry":{"type":"Point","coordinates":[-4.409,56.582]},"properties":{"code":"Q230791","status":"independent","s":16610101,"e":17070430,"c":6,"country_name":"Kingdom of Scotland","wiki":"Kingdom of Scotland","qid":"Q230791","rank":-12}}]}