{"type":"FeatureCollection","features":[{"type":"Feature","id":1000004,"geometry":{"type":"Point","coordinates":[18.023,42.895]},"properties":{"code":"Q208169","status":"independent","s":15000101,"e":17711231,"c":4,"country_name":"Republic of Ragusa","wiki":"Republic of Ragusa","qid":"Q208169","rank":0}},{"type":"Feature","id":1000502,"geometry":{"type":"Point","coordinates":[11.251,43.468]},"properties":{"code":"Q154849","status":"independent","s":16000101,"e":17081231,"c":5,"country_name":"Grand Duchy of Tuscany","wiki":"Grand Duchy of Tuscany","qid":"Q154849","rank":-2}},{"type":"Feature","id":1000546,"geometry":{"type":"Point","coordinates":[42.102,41.782]},"properties":{"code":"Q2195101","status":"independent","s":16120101,"e":17261231,"c":10,"country_name":"Principality of Guria","wiki":"Principality of Guria","qid":"Q2195101","rank":0}},{"type":"Feature","id":1000551,"geometry":{"type":"Point","coordinates":[44.156,42.267]},"properties":{"code":"Q195972","status":"independent","s":16120101,"e":17011231,"c":1,"country_name":"Kingdom of Kartli","wiki":"Kingdom of Kartli","qid":"Q195972","rank":-2}},{"type":"Feature","id":1000634,"geometry":{"type":"Point","coordinates":[44.72,45.775]},"properties":{"code":"Q4210248","status":"independent","s":16360101,"e":17371231,"c":3,"country_name":"Kalmyk Khanate","wiki":"Kalmyk Khanate","qid":"Q4210248","rank":-19}},{"type":"Feature","id":1000641,"geometry":{"type":"Point","coordinates":[12.09,48.595]},"properties":{"code":"Q47261","status":"independent","s":16360101,"e":17011231,"c":10,"country_name":"Duchy of Bavaria","wiki":"Duchy of Bavaria","qid":"Q47261","rank":-6}},{"type":"Feature","id":1000667,"geometry":{"type":"Point","coordinates":[-7.826,40.58]},"properties":{"code":"235","status":"independent","s":16400101,"e":17051231,"c":4,"country_name":"Kingdom of Portugal","wiki":"Kingdom of Portugal","qid":"Q45670","rank":-10}},{"type":"Feature","id":1000689,"geometry":{"type":"Point","coordinates":[1.629,42.552]},"properties":{"code":"Q228","status":"independent","s":16420101,"e":17011231,"c":3,"country_name":"Andorra","wiki":"Andorra","qid":"Q228","rank":0}},{"type":"Feature","id":1000692,"geometry":{"type":"Point","coordinates":[7.433,43.837]},"properties":{"code":"Q235","status":"independent","s":16450101,"e":17931231,"c":8,"country_name":"Principality of Monaco","wiki":"Monaco","qid":"Q235","rank":0}},{"type":"Feature","id":1000700,"geometry":{"type":"Point","coordinates":[9.089,42.142]},"properties":{"code":"Q174306","status":"independent","s":16450101,"e":17081231,"c":5,"country_name":"Republic of Genoa","wiki":"Republic of Genoa","qid":"Q174306","rank":-1}},{"type":"Feature","id":1000725,"geometry":{"type":"Point","coordinates":[52.694,33.306]},"properties":{"code":"Q161205","status":"independent","s":16480101,"e":17051231,"c":2,"country_name":"Safavid Dynasty","wiki":"Safavid dynasty","qid":"Q161205","rank":-92}},{"type":"Feature","id":1000736,"geometry":{"type":"Point","coordinates":[12.721,43.16]},"properties":{"code":"Q170174","status":"independent","s":16530101,"e":17081231,"c":3,"country_name":"Papal States","wiki":"Papal States","qid":"Q170174","rank":-5}},{"type":"Feature","id":1000777,"geometry":{"type":"Point","coordinates":[39.057,50.12]},"properties":{"code":"Q598570","status":"independent","s":16700101,"e":17511231,"c":3,"country_name":"Sloboda Ukraine","wiki":"Sloboda Ukraine","qid":"Q598570","rank":-12}},{"type":"Feature","id":1000778,"geometry":{"type":"Point","coordinates":[9.2,56.1]},"properties":{"code":"390","status":"independent","s":16700101,"e":17081231,"c":9,"country_name":"Denmark-Norway","wiki":"Denmark-Norway","qid":"Q62651","rank":-4}},{"type":"Feature","id":1000791,"geometry":{"type":"Point","coordinates":[42.696,49.617]},"properties":{"code":"Q210163","status":"independent","s":16700101,"e":17621231,"c":10,"country_name":"Astrakhan Khanate","wiki":"Astrakhan Khanate","qid":"Q210163","rank":-15}},{"type":"Feature","id":1000834,"geometry":{"type":"Point","coordinates":[5.089,44.077]},"properties":{"code":"Q1122980","status":"independent","s":16770101,"e":17011231,"c":7,"country_name":"Comtat Venaissin","wiki":"Comtat Venaissin","qid":"Q1122980","rank":0}},{"type":"Feature","id":1000841,"geometry":{"type":"Point","coordinates":[27.392,63.237]},"properties":{"code":"Q215443","status":"independent","s":16830101,"e":17011231,"c":2,"country_name":"Swedish Empire","wiki":"Swedish Empire","qid":"Q215443","rank":-159}},{"type":"Feature","id":1000845,"geometry":{"type":"Point","coordinates":[33.532,48.416]},"properties":{"code":"Q1076173","status":"independent","s":16830101,"e":17511231,"c":4,"country_name":"Zaporozhian Cossacks","wiki":"Zaporozhian Cossacks","qid":"Q1076173","rank":-15}},{"type":"Feature","id":1000865,"geometry":{"type":"Point","coordinates":[-6.228,32.03]},"properties":{"code":"600","status":"independent","s":16870101,"e":17401231,"c":0,"country_name":"Morocco","wiki":"Morocco","qid":"Q1028","rank":-29}},{"type":"Feature","id":1000869,"geometry":{"type":"Point","coordinates":[34.662,46.861]},"properties":{"code":"Q160440","status":"independent","s":16870101,"e":17371231,"c":8,"country_name":"Crimean Khanate","wiki":"Crimean Khanate","qid":"Q160440","rank":-5}},{"type":"Feature","id":1000873,"geometry":{"type":"Point","coordinates":[53.992,49.823]},"properties":{"code":"Q1433867","status":"independent","s":16870101,"e":17171231,"c":11,"country_name":"Kazakh Khanate","wiki":"Kazakh Khanate","qid":"Q1433867","rank":-37}},{"type":"Feature","id":1000877,"geometry":{"type":"Point","coordinates":[-1.624,52.592]},"properties":{"code":"200","status":"independent","s":16910101,"e":17051231,"c":4,"country_name":"Kingdom of England","wiki":"Kingdom of England","qid":"Q179876","rank":-21}},{"type":"Feature","id":1000879,"geometry":{"type":"Point","coordinates":[40.054,46.012]},"properties":{"code":"Q631210","status":"independent","s":16910101,"e":17331231,"c":2,"country_name":"Small Horde","wiki":"Nogai Horde","qid":"Q631210","rank":-10}},{"type":"Feature","id":1000897,"geometry":{"type":"Point","coordinates":[27.454,47.081]},"properties":{"code":"Q10957559","status":"independent","s":16960101,"e":17121231,"c":5,"country_name":"Principality of Moldavia","wiki":"Moldavia","qid":"Q10957559","rank":-10}},{"type":"Feature","id":1000898,"geometry":{"type":"Point","coordinates":[47.993,58.984]},"properties":{"code":"365","status":"independent","s":16960101,"e":17011231,"c":0,"country_name":"Tsardom of Russia","wiki":"Tsardom of Russia","qid":"Q186096","rank":-469}},{"type":"Feature","id":1000900,"geometry":{"type":"Point","coordinates":[8.765,46.954]},"properties":{"code":"225","status":"independent","s":16960101,"e":17331231,"c":4,"country_name":"Swiss Confederation","wiki":"Switzerland","qid":"Q39","rank":-5}},{"type":"Feature","id":1000902,"geometry":{"type":"Point","coordinates":[24.625,44.647]},"properties":{"code":"Q171393","status":"independent","s":16960101,"e":17171231,"c":11,"country_name":"Principality of Wallachia","wiki":"Wallachia","qid":"Q171393","rank":-9}},{"type":"Feature","id":1000907,"geometry":{"type":"Point","coordinates":[7.393,45.043]},"properties":{"code":"325","status":"independent","s":16960101,"e":17011231,"c":2,"country_name":"House of Savoy","wiki":"House of Savoy","qid":"Q200229","rank":-5}},{"type":"Feature","id":1000908,"geometry":{"type":"Point","coordinates":[6.208,48.475]},"properties":{"code":"Q155019","status":"independent","s":17000101,"e":17011231,"c":5,"country_name":"Duchy of Lorraine","wiki":"Duchy of Lorraine","qid":"Q155019","rank":-1}},{"type":"Feature","id":1000909,"geometry":{"type":"Point","coordinates":[-8.749,32.902]},"properties":{"code":"Q200464","status":"colony","owner":"235","s":17000101,"e":17051231,"c":4,"country_name":"Portuguese Empire","wiki":"Portuguese Empire","qid":"Q200464","rank":0}},{"type":"Feature","id":1000910,"geometry":{"type":"Point","coordinates":[8.792,50.375]},"properties":{"code":"Q12548","status":"independent","s":17000101,"e":17011231,"c":8,"country_name":"Holy Roman Empire","wiki":"Holy Roman Empire","qid":"Q12548","rank":-27}},{"type":"Feature","id":1000911,"geometry":{"type":"Point","coordinates":[2.214,46.738]},"properties":{"code":"220","status":"independent","s":17000101,"e":17011231,"c":1,"country_name":"Kingdom of France","wiki":"Kingdom of France","qid":"Q207162","rank":-62}},{"type":"Feature","id":1000912,"geometry":{"type":"Point","coordinates":[42.357,42.7]},"properties":{"code":"Q2907860","status":"independent","s":17000101,"e":17201231,"c":2,"country_name":"Principality of Mingrelia","wiki":"Principality of Mingrelia","qid":"Q2907860","rank":-1}},{"type":"Feature","id":1000913,"geometry":{"type":"Point","coordinates":[43.153,42.355]},"properties":{"code":"Q1069959","status":"independent","s":17000101,"e":17201231,"c":4,"country_name":"Kingdom of Imereti","wiki":"Kingdom of Imereti","qid":"Q1069959","rank":-1}},{"type":"Feature","id":1000914,"geometry":{"type":"Point","coordinates":[41.673,42.965]},"properties":{"code":"Q1760473","status":"independent","s":17000101,"e":17261231,"c":7,"country_name":"Principality of Abkhazia","wiki":"Principality of Abkhazia","qid":"Q1760473","rank":-1}},{"type":"Feature","id":1000915,"geometry":{"type":"Point","coordinates":[-0.698,35.586]},"properties":{"code":"Q80702","status":"colony","owner":"230","s":17000101,"e":17011231,"c":11,"country_name":"Spanish Empire","wiki":"Spanish Empire","qid":"Q80702","rank":0}},{"type":"Feature","id":1000916,"geometry":{"type":"Point","coordinates":[11.595,45.519]},"properties":{"code":"Q4948","status":"independent","s":17000101,"e":17081231,"c":6,"country_name":"Republic of Venice","wiki":"Republic of Venice","qid":"Q4948","rank":-4}},{"type":"Feature","id":1000917,"geometry":{"type":"Point","coordinates":[39.787,37.444]},"properties":{"code":"640","status":"independent","s":17000101,"e":17051231,"c":3,"country_name":"Ottoman Empire","wiki":"Ottoman Empire","qid":"Q12560","rank":-243}},{"type":"Feature","id":1000918,"geometry":{"type":"Point","coordinates":[15.247,53.408]},"properties":{"code":"255","status":"independent","s":17000101,"e":17010117,"c":6,"country_name":"Brandenburg-Prussia","wiki":"Brandenburg-Prussia","qid":"Q157367","rank":-10}},{"type":"Feature","id":1000919,"geometry":{"type":"Point","coordinates":[15.247,53.408]},"properties":{"code":"255","status":"independent","s":17010118,"e":17171231,"c":6,"country_name":"Kingdom of Prussia","wiki":"Kingdom of Prussia","qid":"Q27306","rank":-10}},{"type":"Feature","id":1000921,"geometry":{"type":"Point","coordinates":[16.71,47.914]},"properties":{"code":"300","status":"independent","s":17000101,"e":17011231,"c":7,"country_name":"Habsburg Monarchy","wiki":"Habsburg monarchy","qid":"Q66504140","rank":-62}},{"type":"Feature","id":1000922,"geometry":{"type":"Point","coordinates":[26.736,52.655]},"properties":{"code":"Q172107","status":"independent","s":17000101,"e":17011231,"c":10,"country_name":"Polish-Lithuanian Commonwealth","wiki":"Polish-Lithuanian Commonwealth","qid":"Q172107","rank":-101}},{"type":"Feature","id":1000923,"geometry":{"type":"Point","coordinates":[-3.438,40.092]},"properties":{"code":"230","status":"independent","s":17000101,"e":17011231,"c":11,"country_name":"Kingdom of Spain","wiki":"Spain","qid":"Q29","rank":-52}},{"type":"Feature","id":1000924,"geometry":{"type":"Point","coordinates":[6.004,52.566]},"properties":{"code":"210","status":"independent","s":17000101,"e":17011231,"c":9,"country_name":"Dutch Republic","wiki":"Dutch Republic","qid":"Q170072","rank":-5}},{"type":"Feature","id":1000925,"geometry":{"type":"Point","coordinates":[47.963,58.984]},"properties":{"code":"365","status":"independent","s":17020101,"e":17051231,"c":0,"country_name":"Tsardom of Russia","wiki":"Tsardom of Russia","qid":"Q186096","rank":-469}},{"type":"Feature","id":1000926,"geometry":{"type":"Point","coordinates":[15.247,53.408]},"properties":{"code":"255","status":"independent","s":17020101,"e":17051231,"c":6,"country_name":"Kingdom of Prussia","wiki":"Kingdom of Prussia","qid":"Q27306","rank":-10}},{"type":"Feature","id":1000927,"geometry":{"type":"Point","coordinates":[16.71,47.914]},"properties":{"code":"300","status":"independent","s":17020101,"e":17051231,"c":7,"country_name":"Habsburg Monarchy","wiki":"Habsburg monarchy","qid":"Q66504140","rank":-62}},{"type":"Feature","id":1000928,"geometry":{"type":"Point","coordinates":[26.736,52.655]},"properties":{"code":"Q172107","status":"independent","s":17020101,"e":17051231,"c":10,"country_name":"Polish-Lithuanian Commonwealth","wiki":"Polish-Lithuanian Commonwealth","qid":"Q172107","rank":-101}},{"type":"Feature","id":1000929,"geometry":{"type":"Point","coordinates":[-4.22,39.431]},"properties":{"code":"230","status":"independent","s":17020101,"e":17051231,"c":11,"country_name":"Kingdom of Spain","wiki":"Spain","qid":"Q29","rank":-42}},{"type":"Feature","id":1000930,"geometry":{"type":"Point","coordinates":[6.004,52.566]},"properties":{"code":"210","status":"independent","s":17020101,"e":17051231,"c":9,"country_name":"Dutch Republic","wiki":"Dutch Republic","qid":"Q170072","rank":-5}},{"type":"Feature","id":1000931,"geometry":{"type":"Point","coordinates":[6.421,45.673]},"properties":{"code":"325","status":"independent","s":17020101,"e":17051231,"c":2,"country_name":"House of Savoy","wiki":"House of Savoy","qid":"Q200229","rank":-3}},{"type":"Feature","id":1000932,"geometry":{"type":"Point","coordinates":[-0.318,41.519]},"properties":{"code":"Q600093","status":"independent","s":17020101,"e":17051231,"c":5,"country_name":"Pro-Habsburg Spain","wiki":"Habsburg Spain","qid":"Q600093","rank":-10}},{"type":"Feature","id":1000933,"geometry":{"type":"Point","coordinates":[12.114,48.616]},"properties":{"code":"Q47261","status":"independent","s":17020101,"e":17051231,"c":10,"country_name":"Duchy of Bavaria","wiki":"Duchy of Bavaria","qid":"Q47261","rank":-6}},{"type":"Feature","id":1000934,"geometry":{"type":"Point","coordinates":[27.392,63.237]},"properties":{"code":"Q215443","status":"independent","s":17020101,"e":17051231,"c":2,"country_name":"Swedish Empire","wiki":"Swedish Empire","qid":"Q215443","rank":-159}},{"type":"Feature","id":1000935,"geometry":{"type":"Point","coordinates":[8.835,50.568]},"properties":{"code":"Q12548","status":"independent","s":17020101,"e":17051231,"c":8,"country_name":"Holy Roman Empire","wiki":"Holy Roman Empire","qid":"Q12548","rank":-25}},{"type":"Feature","id":1000936,"geometry":{"type":"Point","coordinates":[44.156,42.267]},"properties":{"code":"Q195972","status":"independent","s":17020101,"e":17051231,"c":1,"country_name":"Kingdom of Kartli","wiki":"Kingdom of Kartli","qid":"Q195972","rank":-2}},{"type":"Feature","id":1000937,"geometry":{"type":"Point","coordinates":[5.089,44.077]},"properties":{"code":"Q1122980","status":"independent","s":17020101,"e":17051231,"c":7,"country_name":"Comtat Venaissin","wiki":"Comtat Venaissin","qid":"Q1122980","rank":0}},{"type":"Feature","id":1000938,"geometry":{"type":"Point","coordinates":[2.204,46.761]},"properties":{"code":"220","status":"independent","s":17020101,"e":17051231,"c":1,"country_name":"Kingdom of France","wiki":"Kingdom of France","qid":"Q207162","rank":-65}},{"type":"Feature","id":1000939,"geometry":{"type":"Point","coordinates":[-0.698,35.586]},"properties":{"code":"Q80702","status":"colony","owner":"230","s":17020101,"e":17051231,"c":11,"country_name":"Spanish Empire","wiki":"Spanish Empire","qid":"Q80702","rank":0}},{"type":"Feature","id":1000940,"geometry":{"type":"Point","coordinates":[1.633,42.545]},"properties":{"code":"Q228","status":"independent","s":17020101,"e":17081231,"c":3,"country_name":"Andorra","wiki":"Andorra","qid":"Q228","rank":0}},{"type":"Feature","id":1000941,"geometry":{"type":"Point","coordinates":[2.214,46.738]},"properties":{"code":"220","status":"independent","s":17060101,"e":17081231,"c":1,"country_name":"Kingdom of France","wiki":"Kingdom of France","qid":"Q207162","rank":-62}},{"type":"Feature","id":1000942,"geometry":{"type":"Point","coordinates":[-1.624,52.592]},"properties":{"code":"200","status":"independent","s":17060101,"e":17070430,"c":4,"country_name":"Kingdom of England","wiki":"Kingdom of England","qid":"Q179876","rank":-21}},{"type":"Feature","id":1000943,"geometry":{"type":"Point","coordinates":[-1.637,52.621]},"properties":{"code":"Q23666","status":"independent","s":17070501,"e":17081231,"c":0,"country_name":"Kingdom of Great Britain","wiki":"Great Britain","qid":"Q23666","rank":-33}},{"type":"Feature","id":1000944,"geometry":{"type":"Point","coordinates":[-8.749,32.902]},"properties":{"code":"Q200464","status":"colony","owner":"235","s":17060101,"e":17121231,"c":4,"country_name":"Portuguese Empire","wiki":"Portuguese Empire","qid":"Q200464","rank":0}},{"type":"Feature","id":1000945,"geometry":{"type":"Point","coordinates":[12.09,48.595]},"properties":{"code":"Q47261","status":"independent","s":17060101,"e":17401231,"c":10,"country_name":"Duchy of Bavaria","wiki":"Duchy of Bavaria","qid":"Q47261","rank":-6}},{"type":"Feature","id":1000946,"geometry":{"type":"Point","coordinates":[27.392,63.237]},"properties":{"code":"Q215443","status":"independent","s":17060101,"e":17081231,"c":2,"country_name":"Swedish Empire","wiki":"Swedish Empire","qid":"Q215443","rank":-147}},{"type":"Feature","id":1000947,"geometry":{"type":"Point","coordinates":[52.654,33.298]},"properties":{"code":"Q161205","status":"independent","s":17060101,"e":17081231,"c":2,"country_name":"Safavid Dynasty","wiki":"Safavid dynasty","qid":"Q161205","rank":-87}},{"type":"Feature","id":1000948,"geometry":{"type":"Point","coordinates":[8.824,50.568]},"properties":{"code":"Q12548","status":"independent","s":17060101,"e":17081231,"c":8,"country_name":"Holy Roman Empire","wiki":"Holy Roman Empire","qid":"Q12548","rank":-26}},{"type":"Feature","id":1000949,"geometry":{"type":"Point","coordinates":[5.089,44.077]},"properties":{"code":"Q1122980","status":"independent","s":17060101,"e":17871231,"c":7,"country_name":"Comtat Venaissin","wiki":"Comtat Venaissin","qid":"Q1122980","rank":0}},{"type":"Feature","id":1000950,"geometry":{"type":"Point","coordinates":[-0.698,35.586]},"properties":{"code":"Q80702","status":"colony","owner":"230","s":17060101,"e":17081231,"c":11,"country_name":"Spanish Empire","wiki":"Spanish Empire","qid":"Q80702","rank":0}},{"type":"Feature","id":1000951,"geometry":{"type":"Point","coordinates":[-5.386,36.231]},"properties":{"code":"Q8680","status":"colony","owner":"200","s":17060101,"e":17081231,"c":4,"country_name":"British Colonial Empire","wiki":"British Empire","qid":"Q8680","rank":0}},{"type":"Feature","id":1000952,"geometry":{"type":"Point","coordinates":[43.94,41.635]},"properties":{"code":"Q154667","status":"independent","s":17060101,"e":17261231,"c":8,"country_name":"Kingdom of Georgia","wiki":"Kingdom of Georgia","qid":"Q154667","rank":-3}},{"type":"Feature","id":1000953,"geometry":{"type":"Point","coordinates":[39.765,37.444]},"properties":{"code":"640","status":"independent","s":17060101,"e":17121231,"c":3,"country_name":"Ottoman Empire","wiki":"Ottoman Empire","qid":"Q12560","rank":-214}},{"type":"Feature","id":1000954,"geometry":{"type":"Point","coordinates":[3.539,35.626]},"properties":{"code":"Q3045696","status":"independent","s":17060101,"e":17081231,"c":10,"country_name":"Regency of Algiers","wiki":"Regency of Algiers","qid":"Q3045696","rank":-21}},{"type":"Feature","id":1000956,"geometry":{"type":"Point","coordinates":[16.71,47.914]},"properties":{"code":"300","status":"independent","s":17060101,"e":17081231,"c":7,"country_name":"Habsburg Monarchy","wiki":"Habsburg monarchy","qid":"Q66504140","rank":-62}},{"type":"Feature","id":1000957,"geometry":{"type":"Point","coordinates":[15.247,53.408]},"properties":{"code":"255","status":"independent","s":17060101,"e":17081231,"c":6,"country_name":"Kingdom of Prussia","wiki":"Kingdom of Prussia","qid":"Q27306","rank":-10}},{"type":"Feature","id":1000958,"geometry":{"type":"Point","coordinates":[-7.897,40.011]},"properties":{"code":"235","status":"independent","s":17060101,"e":17081231,"c":4,"country_name":"Kingdom of Portugal","wiki":"Kingdom of Portugal","qid":"Q45670","rank":-11}},{"type":"Feature","id":1000959,"geometry":{"type":"Point","coordinates":[47.983,58.984]},"properties":{"code":"365","status":"independent","s":17060101,"e":17081231,"c":0,"country_name":"Tsardom of Russia","wiki":"Tsardom of Russia","qid":"Q186096","rank":-472}},{"type":"Feature","id":1000960,"geometry":{"type":"Point","coordinates":[21.322,51.316]},"properties":{"code":"Q10543737","status":"independent","s":17060101,"e":17081231,"c":1,"country_name":"Pro-Swedish Poland","wiki":"Swedish invasion of Poland (1701-1706)","qid":"Q10543737","rank":-47}},{"type":"Feature","id":1000961,"geometry":{"type":"Point","coordinates":[45.956,41.55]},"properties":{"code":"Q1209822","status":"independent","s":17060101,"e":17371231,"c":0,"country_name":"Kingdom of Kakheti","wiki":"Kingdom of Kakheti","qid":"Q1209822","rank":-3}},{"type":"Feature","id":1000962,"geometry":{"type":"Point","coordinates":[7.37,45.066]},"properties":{"code":"325","status":"independent","s":17060101,"e":17081231,"c":2,"country_name":"House of Savoy","wiki":"House of Savoy","qid":"Q200229","rank":-5}},{"type":"Feature","id":1000963,"geometry":{"type":"Point","coordinates":[-0.339,41.474]},"properties":{"code":"Q600093","status":"independent","s":17060101,"e":17081231,"c":5,"country_name":"Pro-Habsburg Spain","wiki":"Habsburg Spain","qid":"Q600093","rank":-10}},{"type":"Feature","id":1000964,"geometry":{"type":"Point","coordinates":[9.528,35.332]},"properties":{"code":"Q4899891","status":"independent","s":17060101,"e":17081231,"c":4,"country_name":"Beylik of Tunis","wiki":"Beylik of Tunis","qid":"Q4899891","rank":-8}},{"type":"Feature","id":1000965,"geometry":{"type":"Point","coordinates":[28.976,53.489]},"properties":{"code":"Q172107","status":"independent","s":17060101,"e":17081231,"c":10,"country_name":"Polish-Lithuanian Commonwealth","wiki":"Polish-Lithuanian Commonwealth","qid":"Q172107","rank":-54}},{"type":"Feature","id":1000966,"geometry":{"type":"Point","coordinates":[-4.641,41.777]},"properties":{"code":"230","status":"independent","s":17060101,"e":17081231,"c":11,"country_name":"Kingdom of Spain","wiki":"Spain","qid":"Q29","rank":-39}},{"type":"Feature","id":1000967,"geometry":{"type":"Point","coordinates":[6.004,52.566]},"properties":{"code":"210","status":"independent","s":17060101,"e":17081231,"c":9,"country_name":"Dutch Republic","wiki":"Dutch Republic","qid":"Q170072","rank":-5}},{"type":"Feature","id":1000969,"geometry":{"type":"Point","coordinates":[-1.637,52.621]},"properties":{"code":"Q23666","status":"independent","s":17090101,"e":17561231,"c":0,"country_name":"Kingdom of Great Britain","wiki":"Great Britain","qid":"Q23666","rank":-33}},{"type":"Feature","id":1000970,"geometry":{"type":"Point","coordinates":[9.089,42.142]},"properties":{"code":"Q174306","status":"independent","s":17090101,"e":17331231,"c":5,"country_name":"Republic of Genoa","wiki":"Republic of Genoa","qid":"Q174306","rank":-1}},{"type":"Feature","id":1000971,"geometry":{"type":"Point","coordinates":[16.71,47.914]},"properties":{"code":"300","status":"independent","s":17090101,"e":17121231,"c":7,"country_name":"Habsburg Monarchy","wiki":"Habsburg monarchy","qid":"Q66504140","rank":-62}},{"type":"Feature","id":1000972,"geometry":{"type":"Point","coordinates":[15.247,53.408]},"properties":{"code":"255","status":"independent","s":17090101,"e":17121231,"c":6,"country_name":"Kingdom of Prussia","wiki":"Kingdom of Prussia","qid":"Q27306","rank":-10}},{"type":"Feature","id":1000973,"geometry":{"type":"Point","coordinates":[3.539,35.626]},"properties":{"code":"Q3045696","status":"independent","s":17090101,"e":17911231,"c":10,"country_name":"Regency of Algiers","wiki":"Regency of Algiers","qid":"Q3045696","rank":-21}},{"type":"Feature","id":1000974,"geometry":{"type":"Point","coordinates":[26.736,52.655]},"properties":{"code":"Q10543737","status":"independent","s":17090101,"e":17121231,"c":1,"country_name":"Pro-Swedish Poland","wiki":"Swedish invasion of Poland (1701-1706)","qid":"Q10543737","rank":-101}},{"type":"Feature","id":1000975,"geometry":{"type":"Point","coordinates":[47.983,58.984]},"properties":{"code":"365","status":"independent","s":17090101,"e":17121231,"c":0,"country_name":"Tsardom of Russia","wiki":"Tsardom of Russia","qid":"Q186096","rank":-469}},{"type":"Feature","id":1000976,"geometry":{"type":"Point","coordinates":[11.595,45.519]},"properties":{"code":"Q4948","status":"independent","s":17090101,"e":17171231,"c":6,"country_name":"Republic of Venice","wiki":"Republic of Venice","qid":"Q4948","rank":-4}},{"type":"Feature","id":1000978,"geometry":{"type":"Point","coordinates":[-7.826,40.58]},"properties":{"code":"235","status":"independent","s":17090101,"e":18081231,"c":4,"country_name":"Kingdom of Portugal","wiki":"Kingdom of Portugal","qid":"Q45670","rank":-10}},{"type":"Feature","id":1000979,"geometry":{"type":"Point","coordinates":[11.251,43.468]},"properties":{"code":"Q154849","status":"independent","s":17090101,"e":17331231,"c":5,"country_name":"Grand Duchy of Tuscany","wiki":"Grand Duchy of Tuscany","qid":"Q154849","rank":-2}},{"type":"Feature","id":1000981,"geometry":{"type":"Point","coordinates":[7.437,44.998]},"properties":{"code":"325","status":"independent","s":17090101,"e":17121231,"c":2,"country_name":"House of Savoy","wiki":"House of Savoy","qid":"Q200229","rank":-5}},{"type":"Feature","id":1000982,"geometry":{"type":"Point","coordinates":[9.2,56.1]},"properties":{"code":"390","status":"independent","s":17090101,"e":17121231,"c":9,"country_name":"Denmark-Norway","wiki":"Denmark-Norway","qid":"Q62651","rank":-4}},{"type":"Feature","id":1000983,"geometry":{"type":"Point","coordinates":[-3.438,40.092]},"properties":{"code":"230","status":"independent","s":17090101,"e":17121231,"c":11,"country_name":"Kingdom of Spain","wiki":"Spain","qid":"Q29","rank":-52}},{"type":"Feature","id":1000985,"geometry":{"type":"Point","coordinates":[6.004,52.566]},"properties":{"code":"210","status":"independent","s":17090101,"e":17121231,"c":9,"country_name":"Dutch Republic","wiki":"Dutch Republic","qid":"Q170072","rank":-5}},{"type":"Feature","id":1000987,"geometry":{"type":"Point","coordinates":[9.528,35.332]},"properties":{"code":"Q4899891","status":"independent","s":17090101,"e":17561231,"c":4,"country_name":"Beylik of Tunis","wiki":"Beylik of Tunis","qid":"Q4899891","rank":-8}},{"type":"Feature","id":1000988,"geometry":{"type":"Point","coordinates":[12.721,43.16]},"properties":{"code":"Q170174","status":"independent","s":17090101,"e":17331231,"c":3,"country_name":"Papal States","wiki":"Papal States","qid":"Q170174","rank":-5}},{"type":"Feature","id":1000989,"geometry":{"type":"Point","coordinates":[2.214,46.738]},"properties":{"code":"220","status":"independent","s":17090101,"e":17121231,"c":1,"country_name":"Kingdom of France","wiki":"Kingdom of France","qid":"Q207162","rank":-62}},{"type":"Feature","id":1000990,"geometry":{"type":"Point","coordinates":[8.859,50.309]},"properties":{"code":"Q12548","status":"independent","s":17090101,"e":17121231,"c":8,"country_name":"Holy Roman Empire","wiki":"Holy Roman Empire","qid":"Q12548","rank":-21}},{"type":"Feature","id":1000991,"geometry":{"type":"Point","coordinates":[27.392,63.237]},"properties":{"code":"Q215443","status":"independent","s":17090101,"e":17121231,"c":2,"country_name":"Swedish Empire","wiki":"Swedish Empire","qid":"Q215443","rank":-147}},{"type":"Feature","id":1000992,"geometry":{"type":"Point","coordinates":[51.157,33.298]},"properties":{"code":"Q161205","status":"independent","s":17090101,"e":17121231,"c":2,"country_name":"Safavid Dynasty","wiki":"Safavid dynasty","qid":"Q161205","rank":-87}},{"type":"Feature","id":1000993,"geometry":{"type":"Point","coordinates":[10.09,52.921]},"properties":{"code":"Q706018","status":"independent","s":17090101,"e":17121231,"c":3,"country_name":"Electorate of Hanover","wiki":"Electorate of Hanover","qid":"Q706018","rank":-3}},{"type":"Feature","id":1000995,"geometry":{"type":"Point","coordinates":[1.629,42.552]},"properties":{"code":"Q228","status":"independent","s":17090101,"e":17121231,"c":3,"country_name":"Andorra","wiki":"Andorra","qid":"Q228","rank":0}},{"type":"Feature","id":1000996,"geometry":{"type":"Point","coordinates":[-5.386,36.231]},"properties":{"code":"Q8680","status":"colony","owner":"200","s":17090101,"e":17121231,"c":4,"country_name":"British Colonial Empire","wiki":"British Empire","qid":"Q8680","rank":0}},{"type":"Feature","id":1000997,"geometry":{"type":"Point","coordinates":[-0.698,35.586]},"properties":{"code":"Q80702","status":"colony","owner":"230","s":17090101,"e":17121231,"c":11,"country_name":"Spanish Empire","wiki":"Spanish Empire","qid":"Q80702","rank":0}},{"type":"Feature","id":1000998,"geometry":{"type":"Point","coordinates":[-0.698,35.586]},"properties":{"code":"Q80702","status":"colony","owner":"230","s":17130101,"e":17171231,"c":11,"country_name":"Spanish Empire","wiki":"Spanish Empire","qid":"Q80702","rank":0}},{"type":"Feature","id":1000999,"geometry":{"type":"Point","coordinates":[4.033,39.983]},"properties":{"code":"Q8680","status":"colony","owner":"200","s":17130101,"e":17171231,"c":4,"country_name":"British Colonial Empire","wiki":"British Empire","qid":"Q8680","rank":0}},{"type":"Feature","id":1001000,"geometry":{"type":"Point","coordinates":[1.633,42.545]},"properties":{"code":"Q228","status":"independent","s":17130101,"e":17331231,"c":3,"country_name":"Andorra","wiki":"Andorra","qid":"Q228","rank":0}},{"type":"Feature","id":1001001,"geometry":{"type":"Point","coordinates":[14.855,32.002]},"properties":{"code":"Q1929987","status":"independent","s":17130101,"e":17561231,"c":0,"country_name":"Karamanli Dynasty","wiki":"Karamanli dynasty","qid":"Q1929987","rank":-8}},{"type":"Feature","id":1001002,"geometry":{"type":"Point","coordinates":[2.201,46.728]},"properties":{"code":"220","status":"independent","s":17130101,"e":17331231,"c":1,"country_name":"Kingdom of France","wiki":"Kingdom of France","qid":"Q207162","rank":-61}},{"type":"Feature","id":1001003,"geometry":{"type":"Point","coordinates":[-8.749,32.902]},"properties":{"code":"Q200464","status":"colony","owner":"235","s":17130101,"e":17171231,"c":4,"country_name":"Portuguese Empire","wiki":"Portuguese Empire","qid":"Q200464","rank":0}},{"type":"Feature","id":1001004,"geometry":{"type":"Point","coordinates":[9.995,52.952]},"properties":{"code":"Q706018","status":"independent","s":17130101,"e":17201231,"c":3,"country_name":"Electorate of Hanover","wiki":"Electorate of Hanover","qid":"Q706018","rank":-3}},{"type":"Feature","id":1001005,"geometry":{"type":"Point","coordinates":[6.208,48.475]},"properties":{"code":"Q155019","status":"independent","s":17130101,"e":17331231,"c":5,"country_name":"Duchy of Lorraine","wiki":"Duchy of Lorraine","qid":"Q155019","rank":-1}},{"type":"Feature","id":1001006,"geometry":{"type":"Point","coordinates":[27.392,63.352]},"properties":{"code":"Q215443","status":"independent","s":17130101,"e":17171231,"c":2,"country_name":"Swedish Empire","wiki":"Swedish Empire","qid":"Q215443","rank":-143}},{"type":"Feature","id":1001007,"geometry":{"type":"Point","coordinates":[52.654,33.298]},"properties":{"code":"Q161205","status":"independent","s":17130101,"e":17171231,"c":2,"country_name":"Safavid Dynasty","wiki":"Safavid dynasty","qid":"Q161205","rank":-87}},{"type":"Feature","id":1001008,"geometry":{"type":"Point","coordinates":[8.845,50.334]},"properties":{"code":"Q12548","status":"independent","s":17130101,"e":17201231,"c":8,"country_name":"Holy Roman Empire","wiki":"Holy Roman Empire","qid":"Q12548","rank":-21}},{"type":"Feature","id":1001009,"geometry":{"type":"Point","coordinates":[7.595,45.021]},"properties":{"code":"325","status":"independent","s":17130101,"e":17171231,"c":2,"country_name":"House of Savoy","wiki":"House of Savoy","qid":"Q200229","rank":-5}},{"type":"Feature","id":1001011,"geometry":{"type":"Point","coordinates":[27.004,52.192]},"properties":{"code":"Q172107","status":"independent","s":17130101,"e":17201231,"c":10,"country_name":"Polish-Lithuanian Commonwealth","wiki":"Polish-Lithuanian Commonwealth","qid":"Q172107","rank":-97}},{"type":"Feature","id":1001012,"geometry":{"type":"Point","coordinates":[-3.438,40.092]},"properties":{"code":"230","status":"independent","s":17130101,"e":17171231,"c":11,"country_name":"Kingdom of Spain","wiki":"Spain","qid":"Q29","rank":-52}},{"type":"Feature","id":1001013,"geometry":{"type":"Point","coordinates":[6.021,52.584]},"properties":{"code":"210","status":"independent","s":17130101,"e":17201231,"c":9,"country_name":"Dutch Republic","wiki":"Dutch Republic","qid":"Q170072","rank":-5}},{"type":"Feature","id":1001014,"geometry":{"type":"Point","coordinates":[9.2,56.1]},"properties":{"code":"390","status":"independent","s":17130101,"e":17171231,"c":9,"country_name":"Denmark-Norway","wiki":"Denmark-Norway","qid":"Q62651","rank":-9}},{"type":"Feature","id":1001015,"geometry":{"type":"Point","coordinates":[39.733,37.444]},"properties":{"code":"640","status":"independent","s":17130101,"e":17171231,"c":3,"country_name":"Ottoman Empire","wiki":"Ottoman Empire","qid":"Q12560","rank":-195}},{"type":"Feature","id":1001017,"geometry":{"type":"Point","coordinates":[14.726,52.945]},"properties":{"code":"255","status":"independent","s":17130101,"e":17201231,"c":6,"country_name":"Kingdom of Prussia","wiki":"Kingdom of Prussia","qid":"Q27306","rank":-11}},{"type":"Feature","id":1001018,"geometry":{"type":"Point","coordinates":[16.71,47.914]},"properties":{"code":"300","status":"independent","s":17130101,"e":17171231,"c":7,"country_name":"Habsburg Monarchy","wiki":"Habsburg monarchy","qid":"Q66504140","rank":-62}},{"type":"Feature","id":1001020,"geometry":{"type":"Point","coordinates":[48.02,58.958]},"properties":{"code":"365","status":"independent","s":17130101,"e":17171231,"c":0,"country_name":"Tsardom of Russia","wiki":"Tsardom of Russia","qid":"Q186096","rank":-492}},{"type":"Feature","id":1001021,"geometry":{"type":"Point","coordinates":[27.454,47.081]},"properties":{"code":"Q10957559","status":"independent","s":17130101,"e":17681231,"c":5,"country_name":"Principality of Moldavia","wiki":"Moldavia","qid":"Q10957559","rank":-10}},{"type":"Feature","id":1001022,"geometry":{"type":"Point","coordinates":[4.033,39.983]},"properties":{"code":"Q8680","status":"colony","owner":"200","s":17180101,"e":17201231,"c":4,"country_name":"British Colonial Empire","wiki":"British Empire","qid":"Q8680","rank":0}},{"type":"Feature","id":1001023,"geometry":{"type":"Point","coordinates":[-0.698,35.586]},"properties":{"code":"Q80702","status":"colony","owner":"230","s":17180101,"e":17201231,"c":11,"country_name":"Spanish Empire","wiki":"Spanish Empire","qid":"Q80702","rank":0}},{"type":"Feature","id":1001024,"geometry":{"type":"Point","coordinates":[18.342,65.7]},"properties":{"code":"Q215443","status":"independent","s":17180101,"e":17201231,"c":2,"country_name":"Swedish Empire","wiki":"Swedish Empire","qid":"Q215443","rank":-89}},{"type":"Feature","id":1001025,"geometry":{"type":"Point","coordinates":[52.654,33.298]},"properties":{"code":"Q161205","status":"independent","s":17180101,"e":17201231,"c":2,"country_name":"Safavid Dynasty","wiki":"Safavid dynasty","qid":"Q161205","rank":-87}},{"type":"Feature","id":1001026,"geometry":{"type":"Point","coordinates":[53.992,49.823]},"properties":{"code":"Q1433867","status":"independent","s":17180101,"e":17201231,"c":11,"country_name":"Kazakh Khanate","wiki":"Kazakh Khanate","qid":"Q1433867","rank":-37}},{"type":"Feature","id":1001027,"geometry":{"type":"Point","coordinates":[-8.749,32.902]},"properties":{"code":"Q200464","status":"colony","owner":"235","s":17180101,"e":17201231,"c":4,"country_name":"Portuguese Empire","wiki":"Portuguese Empire","qid":"Q200464","rank":0}},{"type":"Feature","id":1001028,"geometry":{"type":"Point","coordinates":[9.2,56.1]},"properties":{"code":"390","status":"independent","s":17180101,"e":17201231,"c":9,"country_name":"Denmark-Norway","wiki":"Denmark-Norway","qid":"Q62651","rank":-9}},{"type":"Feature","id":1001029,"geometry":{"type":"Point","coordinates":[-3.438,40.092]},"properties":{"code":"230","status":"independent","s":17180101,"e":17331231,"c":11,"country_name":"Kingdom of Spain","wiki":"Spain","qid":"Q29","rank":-52}},{"type":"Feature","id":1001032,"geometry":{"type":"Point","coordinates":[7.595,45.021]},"properties":{"code":"325","status":"independent","s":17180101,"e":17201231,"c":2,"country_name":"House of Savoy","wiki":"House of Savoy","qid":"Q200229","rank":-5}},{"type":"Feature","id":1001033,"geometry":{"type":"Point","coordinates":[48.02,58.958]},"properties":{"code":"365","status":"independent","s":17180101,"e":17201231,"c":0,"country_name":"Tsardom of Russia","wiki":"Tsardom of Russia","qid":"Q186096","rank":-533}},{"type":"Feature","id":1001034,"geometry":{"type":"Point","coordinates":[11.595,45.519]},"properties":{"code":"Q4948","status":"independent","s":17180101,"e":17331231,"c":6,"country_name":"Republic of Venice","wiki":"Republic of Venice","qid":"Q4948","rank":-4}},{"type":"Feature","id":1001037,"geometry":{"type":"Point","coordinates":[20.902,46.568]},"properties":{"code":"300","status":"independent","s":17180101,"e":17201231,"c":7,"country_name":"Habsburg Monarchy","wiki":"Habsburg monarchy","qid":"Q66504140","rank":-72}},{"type":"Feature","id":1001038,"geometry":{"type":"Point","coordinates":[25.303,44.584]},"properties":{"code":"Q171393","status":"independent","s":17180101,"e":17401231,"c":11,"country_name":"Principality of Wallachia","wiki":"Wallachia","qid":"Q171393","rank":-6}},{"type":"Feature","id":1001039,"geometry":{"type":"Point","coordinates":[39.733,37.444]},"properties":{"code":"640","status":"independent","s":17180101,"e":17261231,"c":3,"country_name":"Ottoman Empire","wiki":"Ottoman Empire","qid":"Q12560","rank":-190}},{"type":"Feature","id":1001040,"geometry":{"type":"Point","coordinates":[-8.749,32.902]},"properties":{"code":"Q200464","status":"colony","owner":"235","s":17210101,"e":17261231,"c":4,"country_name":"Portuguese Empire","wiki":"Portuguese Empire","qid":"Q200464","rank":0}},{"type":"Feature","id":1001041,"geometry":{"type":"Point","coordinates":[9.427,52.952]},"properties":{"code":"Q706018","status":"independent","s":17210101,"e":17401231,"c":3,"country_name":"Electorate of Hanover","wiki":"Electorate of Hanover","qid":"Q706018","rank":-4}},{"type":"Feature","id":1001042,"geometry":{"type":"Point","coordinates":[53.992,49.823]},"properties":{"code":"Q1433867","status":"independent","s":17210101,"e":17371231,"c":11,"country_name":"Kazakh Khanate","wiki":"Kazakh Khanate","qid":"Q1433867","rank":-37}},{"type":"Feature","id":1001043,"geometry":{"type":"Point","coordinates":[52.654,33.298]},"properties":{"code":"Q161205","status":"independent","s":17210101,"e":17261231,"c":2,"country_name":"Safavid Dynasty","wiki":"Safavid dynasty","qid":"Q161205","rank":-87}},{"type":"Feature","id":1001044,"geometry":{"type":"Point","coordinates":[27.392,63.352]},"properties":{"code":"Q215443","status":"independent","s":17210101,"e":17210910,"c":2,"country_name":"Swedish Empire","wiki":"Swedish Empire","qid":"Q215443","rank":-143}},{"type":"Feature","id":1001045,"geometry":{"type":"Point","coordinates":[27.392,63.352]},"properties":{"code":"380","status":"independent","s":17210911,"e":17431231,"c":7,"country_name":"Kingdom of Sweden","wiki":"Sweden","qid":"Q34","rank":-143}},{"type":"Feature","id":1001046,"geometry":{"type":"Point","coordinates":[8.845,50.334]},"properties":{"code":"Q12548","status":"independent","s":17210101,"e":17331231,"c":8,"country_name":"Holy Roman Empire","wiki":"Holy Roman Empire","qid":"Q12548","rank":-21}},{"type":"Feature","id":1001047,"geometry":{"type":"Point","coordinates":[42.235,42.399]},"properties":{"code":"Q2907860","status":"independent","s":17210101,"e":17261231,"c":2,"country_name":"Principality of Mingrelia","wiki":"Principality of Mingrelia","qid":"Q2907860","rank":-1}},{"type":"Feature","id":1001048,"geometry":{"type":"Point","coordinates":[43.153,42.355]},"properties":{"code":"Q1069959","status":"independent","s":17210101,"e":17741231,"c":4,"country_name":"Kingdom of Imereti","wiki":"Kingdom of Imereti","qid":"Q1069959","rank":-1}},{"type":"Feature","id":1001049,"geometry":{"type":"Point","coordinates":[-0.698,35.586]},"properties":{"code":"Q80702","status":"colony","owner":"230","s":17210101,"e":17261231,"c":11,"country_name":"Spanish Empire","wiki":"Spanish Empire","qid":"Q80702","rank":0}},{"type":"Feature","id":1001050,"geometry":{"type":"Point","coordinates":[7.595,45.021]},"properties":{"code":"325","status":"independent","s":17210101,"e":17331231,"c":2,"country_name":"Kingdom of Sardinia","wiki":"Kingdom of Sardinia (1720-1861)","qid":"Q2577303","rank":-5}},{"type":"Feature","id":1001051,"geometry":{"type":"Point","coordinates":[4.033,39.983]},"properties":{"code":"Q8680","status":"colony","owner":"200","s":17210101,"e":17261231,"c":4,"country_name":"British Colonial Empire","wiki":"British Empire","qid":"Q8680","rank":0}},{"type":"Feature","id":1001053,"geometry":{"type":"Point","coordinates":[42.832,43.002]},"properties":{"code":"Q2919545","status":"independent","s":17210101,"e":17741231,"c":1,"country_name":"Principality of Svaneti","wiki":"Principality of Svaneti","qid":"Q2919545","rank":0}},{"type":"Feature","id":1001054,"geometry":{"type":"Point","coordinates":[14.726,52.945]},"properties":{"code":"255","status":"independent","s":17210101,"e":17331231,"c":6,"country_name":"Kingdom of Prussia","wiki":"Kingdom of Prussia","qid":"Q27306","rank":-11}},{"type":"Feature","id":1001055,"geometry":{"type":"Point","coordinates":[20.902,46.568]},"properties":{"code":"300","status":"independent","s":17210101,"e":17331231,"c":7,"country_name":"Habsburg Monarchy","wiki":"Habsburg monarchy","qid":"Q66504140","rank":-72}},{"type":"Feature","id":1001057,"geometry":{"type":"Point","coordinates":[27.004,52.192]},"properties":{"code":"Q172107","status":"independent","s":17210101,"e":17331231,"c":10,"country_name":"Polish-Lithuanian Commonwealth","wiki":"Polish-Lithuanian Commonwealth","qid":"Q172107","rank":-97}},{"type":"Feature","id":1001059,"geometry":{"type":"Point","coordinates":[6.021,52.584]},"properties":{"code":"210","status":"independent","s":17210101,"e":17331231,"c":9,"country_name":"Dutch Republic","wiki":"Dutch Republic","qid":"Q170072","rank":-5}},{"type":"Feature","id":1001061,"geometry":{"type":"Point","coordinates":[48.02,58.958]},"properties":{"code":"365","status":"independent","s":17210101,"e":17261231,"c":0,"country_name":"Russian Empire","wiki":"Russian Empire","qid":"Q34266","rank":-492}},{"type":"Feature","id":1001062,"geometry":{"type":"Point","coordinates":[9.2,56.1]},"properties":{"code":"390","status":"independent","s":17210101,"e":17431231,"c":9,"country_name":"Denmark-Norway","wiki":"Denmark-Norway","qid":"Q62651","rank":-8}},{"type":"Feature","id":1001063,"geometry":{"type":"Point","coordinates":[9.525,47.196]},"properties":{"code":"Q347","status":"independent","s":17210101,"e":18131231,"c":6,"country_name":"Principality of Liechtenstein","wiki":"Liechtenstein","qid":"Q347","rank":0}},{"type":"Feature","id":1001065,"geometry":{"type":"Point","coordinates":[42.177,42.348]},"properties":{"code":"Q2907860","status":"independent","s":17270101,"e":17741231,"c":2,"country_name":"Principality of Mingrelia","wiki":"Principality of Mingrelia","qid":"Q2907860","rank":-1}},{"type":"Feature","id":1001066,"geometry":{"type":"Point","coordinates":[-8.749,32.902]},"properties":{"code":"Q200464","status":"colony","owner":"235","s":17270101,"e":17331231,"c":4,"country_name":"Portuguese Empire","wiki":"Portuguese Empire","qid":"Q200464","rank":0}},{"type":"Feature","id":1001067,"geometry":{"type":"Point","coordinates":[55.047,37.997]},"properties":{"code":"Q161205","status":"independent","s":17270101,"e":17331231,"c":2,"country_name":"Safavid Dynasty","wiki":"Safavid dynasty","qid":"Q161205","rank":0}},{"type":"Feature","id":1001068,"geometry":{"type":"Point","coordinates":[4.033,39.983]},"properties":{"code":"Q8680","status":"colony","owner":"200","s":17270101,"e":17331231,"c":4,"country_name":"British Colonial Empire","wiki":"British Empire","qid":"Q8680","rank":0}},{"type":"Feature","id":1001069,"geometry":{"type":"Point","coordinates":[-0.698,35.586]},"properties":{"code":"Q80702","status":"colony","owner":"230","s":17270101,"e":17331231,"c":11,"country_name":"Spanish Empire","wiki":"Spanish Empire","qid":"Q80702","rank":0}},{"type":"Feature","id":1001070,"geometry":{"type":"Point","coordinates":[43.94,41.635]},"properties":{"code":"Q154667","status":"independent","s":17270101,"e":17331231,"c":8,"country_name":"Kingdom of Georgia","wiki":"Kingdom of Georgia","qid":"Q154667","rank":-3}},{"type":"Feature","id":1001071,"geometry":{"type":"Point","coordinates":[40.688,43.361]},"properties":{"code":"Q1760473","status":"independent","s":17270101,"e":17741231,"c":7,"country_name":"Principality of Abkhazia","wiki":"Principality of Abkhazia","qid":"Q1760473","rank":-1}},{"type":"Feature","id":1001072,"geometry":{"type":"Point","coordinates":[42.215,41.761]},"properties":{"code":"Q2195101","status":"independent","s":17270101,"e":17711231,"c":10,"country_name":"Principality of Guria","wiki":"Principality of Guria","qid":"Q2195101","rank":0}},{"type":"Feature","id":1001073,"geometry":{"type":"Point","coordinates":[44.636,36.555]},"properties":{"code":"640","status":"independent","s":17270101,"e":17331231,"c":3,"country_name":"Ottoman Empire","wiki":"Ottoman Empire","qid":"Q12560","rank":-221}},{"type":"Feature","id":1001075,"geometry":{"type":"Point","coordinates":[51.754,32.995]},"properties":{"code":"Q627449","status":"independent","s":17270101,"e":17331231,"c":4,"country_name":"Hotaki Dynasty","wiki":"Hotak dynasty","qid":"Q627449","rank":-49}},{"type":"Feature","id":1001076,"geometry":{"type":"Point","coordinates":[48.054,58.949]},"properties":{"code":"365","status":"independent","s":17270101,"e":17331231,"c":0,"country_name":"Russian Empire","wiki":"Russian Empire","qid":"Q34266","rank":-500}},{"type":"Feature","id":1001078,"geometry":{"type":"Point","coordinates":[-0.698,35.586]},"properties":{"code":"Q80702","status":"colony","owner":"230","s":17340101,"e":17401231,"c":11,"country_name":"Spanish Empire","wiki":"Spanish Empire","qid":"Q80702","rank":0}},{"type":"Feature","id":1001079,"geometry":{"type":"Point","coordinates":[7.482,44.998]},"properties":{"code":"325","status":"independent","s":17340101,"e":17371231,"c":2,"country_name":"Kingdom of Sardinia","wiki":"Kingdom of Sardinia (1720-1861)","qid":"Q2577303","rank":-6}},{"type":"Feature","id":1001080,"geometry":{"type":"Point","coordinates":[4.033,39.983]},"properties":{"code":"Q8680","status":"colony","owner":"200","s":17340101,"e":17371231,"c":4,"country_name":"British Colonial Empire","wiki":"British Empire","qid":"Q8680","rank":0}},{"type":"Feature","id":1001081,"geometry":{"type":"Point","coordinates":[43.94,41.635]},"properties":{"code":"Q154667","status":"independent","s":17340101,"e":17371231,"c":8,"country_name":"Kingdom of Georgia","wiki":"Kingdom of Georgia","qid":"Q154667","rank":-3}},{"type":"Feature","id":1001082,"geometry":{"type":"Point","coordinates":[1.629,42.552]},"properties":{"code":"Q228","status":"independent","s":17340101,"e":17951231,"c":3,"country_name":"Andorra","wiki":"Andorra","qid":"Q228","rank":0}},{"type":"Feature","id":1001083,"geometry":{"type":"Point","coordinates":[-8.749,32.902]},"properties":{"code":"Q200464","status":"colony","owner":"235","s":17340101,"e":17371231,"c":4,"country_name":"Portuguese Empire","wiki":"Portuguese Empire","qid":"Q200464","rank":0}},{"type":"Feature","id":1001084,"geometry":{"type":"Point","coordinates":[55.047,37.997]},"properties":{"code":"Q161205","status":"independent","s":17340101,"e":17371231,"c":2,"country_name":"Safavid Dynasty","wiki":"Safavid dynasty","qid":"Q161205","rank":0}},{"type":"Feature","id":1001085,"geometry":{"type":"Point","coordinates":[8.845,50.334]},"properties":{"code":"Q12548","status":"independent","s":17340101,"e":17371231,"c":8,"country_name":"Holy Roman Empire","wiki":"Holy Roman Empire","qid":"Q12548","rank":-21}},{"type":"Feature","id":1001086,"geometry":{"type":"Point","coordinates":[2.214,46.738]},"properties":{"code":"220","status":"independent","s":17340101,"e":17401231,"c":1,"country_name":"Kingdom of France","wiki":"Kingdom of France","qid":"Q207162","rank":-62}},{"type":"Feature","id":1001087,"geometry":{"type":"Point","coordinates":[12.721,43.16]},"properties":{"code":"Q170174","status":"independent","s":17340101,"e":17401231,"c":3,"country_name":"Papal States","wiki":"Papal States","qid":"Q170174","rank":-5}},{"type":"Feature","id":1001088,"geometry":{"type":"Point","coordinates":[27.004,52.192]},"properties":{"code":"Q172107","status":"independent","s":17340101,"e":17401231,"c":10,"country_name":"Polish-Lithuanian Commonwealth","wiki":"Polish-Lithuanian Commonwealth","qid":"Q172107","rank":-97}},{"type":"Feature","id":1001089,"geometry":{"type":"Point","coordinates":[6.021,52.584]},"properties":{"code":"210","status":"independent","s":17340101,"e":17431231,"c":9,"country_name":"Dutch Republic","wiki":"Dutch Republic","qid":"Q170072","rank":-5}},{"type":"Feature","id":1001090,"geometry":{"type":"Point","coordinates":[-3.438,40.092]},"properties":{"code":"230","status":"independent","s":17340101,"e":17471231,"c":11,"country_name":"Kingdom of Spain","wiki":"Spain","qid":"Q29","rank":-52}},{"type":"Feature","id":1001091,"geometry":{"type":"Point","coordinates":[48.01,58.98]},"properties":{"code":"365","status":"independent","s":17340101,"e":17371231,"c":0,"country_name":"Russian Empire","wiki":"Russian Empire","qid":"Q34266","rank":-496}},{"type":"Feature","id":1001092,"geometry":{"type":"Point","coordinates":[11.251,43.468]},"properties":{"code":"Q154849","status":"independent","s":17340101,"e":17371231,"c":5,"country_name":"Grand Duchy of Tuscany","wiki":"Grand Duchy of Tuscany","qid":"Q154849","rank":-2}},{"type":"Feature","id":1001093,"geometry":{"type":"Point","coordinates":[22.246,57.069]},"properties":{"code":"Q156038","status":"independent","s":17340101,"e":17711231,"c":1,"country_name":"Duchy of Courland","wiki":"Duchy of Courland and Semigallia","qid":"Q156038","rank":-4}},{"type":"Feature","id":1001094,"geometry":{"type":"Point","coordinates":[40.054,46.012]},"properties":{"code":"Q631210","status":"independent","s":17340101,"e":17371231,"c":2,"country_name":"Small Horde","wiki":"Nogai Horde","qid":"Q631210","rank":-10}},{"type":"Feature","id":1001096,"geometry":{"type":"Point","coordinates":[8.823,46.954]},"properties":{"code":"225","status":"independent","s":17340101,"e":17371231,"c":4,"country_name":"Swiss Confederation","wiki":"Switzerland","qid":"Q39","rank":-5}},{"type":"Feature","id":1001097,"geometry":{"type":"Point","coordinates":[11.595,45.519]},"properties":{"code":"Q4948","status":"independent","s":17340101,"e":17371231,"c":6,"country_name":"Republic of Venice","wiki":"Republic of Venice","qid":"Q4948","rank":-4}},{"type":"Feature","id":1001098,"geometry":{"type":"Point","coordinates":[41.297,37.586]},"properties":{"code":"640","status":"independent","s":17340101,"e":17371231,"c":3,"country_name":"Ottoman Empire","wiki":"Ottoman Empire","qid":"Q12560","rank":-197}},{"type":"Feature","id":1001099,"geometry":{"type":"Point","coordinates":[9.089,42.142]},"properties":{"code":"Q174306","status":"independent","s":17340101,"e":17371231,"c":5,"country_name":"Republic of Genoa","wiki":"Republic of Genoa","qid":"Q174306","rank":-1}},{"type":"Feature","id":1001100,"geometry":{"type":"Point","coordinates":[20.902,46.568]},"properties":{"code":"300","status":"independent","s":17340101,"e":17371231,"c":7,"country_name":"Habsburg Monarchy","wiki":"Habsburg monarchy","qid":"Q66504140","rank":-72}},{"type":"Feature","id":1001101,"geometry":{"type":"Point","coordinates":[14.726,52.945]},"properties":{"code":"255","status":"independent","s":17340101,"e":17401231,"c":6,"country_name":"Kingdom of Prussia","wiki":"Kingdom of Prussia","qid":"Q27306","rank":-11}},{"type":"Feature","id":1001103,"geometry":{"type":"Point","coordinates":[51.018,33.059]},"properties":{"code":"Q63149558","status":"independent","s":17340101,"e":17371231,"c":9,"country_name":"Afsharid Iran","wiki":"Afsharid Iran","qid":"Q63149558","rank":-74}},{"type":"Feature","id":1001104,"geometry":{"type":"Point","coordinates":[54.015,49.304]},"properties":{"code":"Q1433867","status":"independent","s":17380101,"e":17431231,"c":11,"country_name":"Kazakh Khanate","wiki":"Kazakh Khanate","qid":"Q1433867","rank":-34}},{"type":"Feature","id":1001105,"geometry":{"type":"Point","coordinates":[8.845,50.334]},"properties":{"code":"Q12548","status":"independent","s":17380101,"e":17401231,"c":8,"country_name":"Holy Roman Empire","wiki":"Holy Roman Empire","qid":"Q12548","rank":-21}},{"type":"Feature","id":1001106,"geometry":{"type":"Point","coordinates":[-8.749,32.902]},"properties":{"code":"Q200464","status":"colony","owner":"235","s":17380101,"e":17471231,"c":4,"country_name":"Portuguese Empire","wiki":"Portuguese Empire","qid":"Q200464","rank":0}},{"type":"Feature","id":1001107,"geometry":{"type":"Point","coordinates":[44.72,45.775]},"properties":{"code":"Q4210248","status":"independent","s":17380101,"e":17681231,"c":3,"country_name":"Kalmyk Khanate","wiki":"Kalmyk Khanate","qid":"Q4210248","rank":-20}},{"type":"Feature","id":1001108,"geometry":{"type":"Point","coordinates":[7.595,45.021]},"properties":{"code":"325","status":"independent","s":17380101,"e":17471231,"c":2,"country_name":"Kingdom of Sardinia","wiki":"Kingdom of Sardinia (1720-1861)","qid":"Q2577303","rank":-5}},{"type":"Feature","id":1001109,"geometry":{"type":"Point","coordinates":[4.033,39.983]},"properties":{"code":"Q8680","status":"colony","owner":"200","s":17380101,"e":17401231,"c":4,"country_name":"British Colonial Empire","wiki":"British Empire","qid":"Q8680","rank":0}},{"type":"Feature","id":1001110,"geometry":{"type":"Point","coordinates":[40.007,46.327]},"properties":{"code":"Q160440","status":"independent","s":17380101,"e":17681231,"c":8,"country_name":"Crimean Khanate","wiki":"Crimean Khanate","qid":"Q160440","rank":-7}},{"type":"Feature","id":1001111,"geometry":{"type":"Point","coordinates":[11.595,45.519]},"properties":{"code":"Q4948","status":"independent","s":17380101,"e":17401231,"c":6,"country_name":"Republic of Venice","wiki":"Republic of Venice","qid":"Q4948","rank":-4}},{"type":"Feature","id":1001112,"geometry":{"type":"Point","coordinates":[8.823,46.954]},"properties":{"code":"225","status":"independent","s":17380101,"e":17471231,"c":4,"country_name":"Swiss Confederation","wiki":"Switzerland","qid":"Q39","rank":-5}},{"type":"Feature","id":1001114,"geometry":{"type":"Point","coordinates":[52.58,33.305]},"properties":{"code":"Q63149558","status":"independent","s":17380101,"e":17401231,"c":9,"country_name":"Afsharid Iran","wiki":"Afsharid Iran","qid":"Q63149558","rank":-93}},{"type":"Feature","id":1001115,"geometry":{"type":"Point","coordinates":[9.089,42.142]},"properties":{"code":"Q174306","status":"independent","s":17380101,"e":17401231,"c":5,"country_name":"Republic of Genoa","wiki":"Republic of Genoa","qid":"Q174306","rank":-1}},{"type":"Feature","id":1001116,"geometry":{"type":"Point","coordinates":[20.902,46.568]},"properties":{"code":"300","status":"independent","s":17380101,"e":17401231,"c":7,"country_name":"Habsburg Monarchy","wiki":"Habsburg monarchy","qid":"Q66504140","rank":-72}},{"type":"Feature","id":1001117,"geometry":{"type":"Point","coordinates":[39.733,37.444]},"properties":{"code":"640","status":"independent","s":17380101,"e":17401231,"c":3,"country_name":"Ottoman Empire","wiki":"Ottoman Empire","qid":"Q12560","rank":-191}},{"type":"Feature","id":1001118,"geometry":{"type":"Point","coordinates":[48.028,58.958]},"properties":{"code":"365","status":"independent","s":17380101,"e":17431231,"c":0,"country_name":"Russian Empire","wiki":"Russian Empire","qid":"Q34266","rank":-491}},{"type":"Feature","id":1001121,"geometry":{"type":"Point","coordinates":[26.999,52.192]},"properties":{"code":"Q172107","status":"independent","s":17410101,"e":17431231,"c":10,"country_name":"Polish-Lithuanian Commonwealth","wiki":"Polish-Lithuanian Commonwealth","qid":"Q172107","rank":-97}},{"type":"Feature","id":1001122,"geometry":{"type":"Point","coordinates":[11.595,45.519]},"properties":{"code":"Q4948","status":"independent","s":17410101,"e":17471231,"c":6,"country_name":"Republic of Venice","wiki":"Republic of Venice","qid":"Q4948","rank":-4}},{"type":"Feature","id":1001123,"geometry":{"type":"Point","coordinates":[14.742,52.934]},"properties":{"code":"255","status":"independent","s":17410101,"e":17431231,"c":6,"country_name":"Kingdom of Prussia","wiki":"Kingdom of Prussia","qid":"Q27306","rank":-16}},{"type":"Feature","id":1001124,"geometry":{"type":"Point","coordinates":[9.089,42.142]},"properties":{"code":"Q174306","status":"independent","s":17410101,"e":17471231,"c":5,"country_name":"Republic of Genoa","wiki":"Republic of Genoa","qid":"Q174306","rank":-1}},{"type":"Feature","id":1001125,"geometry":{"type":"Point","coordinates":[16.906,47.703]},"properties":{"code":"300","status":"independent","s":17410101,"e":17431231,"c":7,"country_name":"Habsburg Monarchy","wiki":"Habsburg monarchy","qid":"Q66504140","rank":-58}},{"type":"Feature","id":1001126,"geometry":{"type":"Point","coordinates":[52.58,33.305]},"properties":{"code":"Q63149558","status":"independent","s":17410101,"e":17431231,"c":9,"country_name":"Afsharid Iran","wiki":"Afsharid Iran","qid":"Q63149558","rank":-93}},{"type":"Feature","id":1001128,"geometry":{"type":"Point","coordinates":[24.561,44.647]},"properties":{"code":"Q171393","status":"independent","s":17410101,"e":17711231,"c":11,"country_name":"Principality of Wallachia","wiki":"Wallachia","qid":"Q171393","rank":-9}},{"type":"Feature","id":1001129,"geometry":{"type":"Point","coordinates":[39.733,37.444]},"properties":{"code":"640","status":"independent","s":17410101,"e":17431231,"c":3,"country_name":"Ottoman Empire","wiki":"Ottoman Empire","qid":"Q12560","rank":-195}},{"type":"Feature","id":1001130,"geometry":{"type":"Point","coordinates":[-6.228,32.03]},"properties":{"code":"600","status":"independent","s":17410101,"e":17681231,"c":0,"country_name":"Morocco","wiki":"Morocco","qid":"Q1028","rank":-29}},{"type":"Feature","id":1001131,"geometry":{"type":"Point","coordinates":[4.033,39.983]},"properties":{"code":"Q8680","status":"colony","owner":"200","s":17410101,"e":17431231,"c":4,"country_name":"British Colonial Empire","wiki":"British Empire","qid":"Q8680","rank":0}},{"type":"Feature","id":1001132,"geometry":{"type":"Point","coordinates":[-0.698,35.586]},"properties":{"code":"Q80702","status":"colony","owner":"230","s":17410101,"e":17431231,"c":11,"country_name":"Spanish Empire","wiki":"Spanish Empire","qid":"Q80702","rank":0}},{"type":"Feature","id":1001133,"geometry":{"type":"Point","coordinates":[8.453,50.293]},"properties":{"code":"Q12548","status":"independent","s":17410101,"e":17431231,"c":8,"country_name":"Holy Roman Empire","wiki":"Holy Roman Empire","qid":"Q12548","rank":-18}},{"type":"Feature","id":1001134,"geometry":{"type":"Point","coordinates":[12.09,48.595]},"properties":{"code":"Q47261","status":"independent","s":17410101,"e":17431231,"c":10,"country_name":"Duchy of Bavaria","wiki":"Duchy of Bavaria","qid":"Q47261","rank":-7}},{"type":"Feature","id":1001135,"geometry":{"type":"Point","coordinates":[9.427,52.952]},"properties":{"code":"Q706018","status":"independent","s":17410101,"e":17431231,"c":3,"country_name":"Electorate of Hanover","wiki":"Electorate of Hanover","qid":"Q706018","rank":-4}},{"type":"Feature","id":1001136,"geometry":{"type":"Point","coordinates":[12.721,43.16]},"properties":{"code":"Q170174","status":"independent","s":17410101,"e":17471231,"c":3,"country_name":"Papal States","wiki":"Papal States","qid":"Q170174","rank":-5}},{"type":"Feature","id":1001137,"geometry":{"type":"Point","coordinates":[2.214,46.738]},"properties":{"code":"220","status":"independent","s":17410101,"e":17431231,"c":1,"country_name":"Kingdom of France","wiki":"Kingdom of France","qid":"Q207162","rank":-63}},{"type":"Feature","id":1001138,"geometry":{"type":"Point","coordinates":[2.214,46.738]},"properties":{"code":"220","status":"independent","s":17440101,"e":17471231,"c":1,"country_name":"Kingdom of France","wiki":"Kingdom of France","qid":"Q207162","rank":-62}},{"type":"Feature","id":1001139,"geometry":{"type":"Point","coordinates":[8.462,50.261]},"properties":{"code":"Q12548","status":"independent","s":17440101,"e":17471231,"c":8,"country_name":"Holy Roman Empire","wiki":"Holy Roman Empire","qid":"Q12548","rank":-20}},{"type":"Feature","id":1001140,"geometry":{"type":"Point","coordinates":[27.478,63.953]},"properties":{"code":"380","status":"independent","s":17440101,"e":17611231,"c":7,"country_name":"Kingdom of Sweden","wiki":"Sweden","qid":"Q34","rank":-141}},{"type":"Feature","id":1001141,"geometry":{"type":"Point","coordinates":[54.015,49.304]},"properties":{"code":"Q1433867","status":"independent","s":17440101,"e":17471231,"c":11,"country_name":"Kazakh Khanate","wiki":"Kazakh Khanate","qid":"Q1433867","rank":-34}},{"type":"Feature","id":1001142,"geometry":{"type":"Point","coordinates":[9.427,52.952]},"properties":{"code":"Q706018","status":"independent","s":17440101,"e":17561231,"c":3,"country_name":"Electorate of Hanover","wiki":"Electorate of Hanover","qid":"Q706018","rank":-4}},{"type":"Feature","id":1001143,"geometry":{"type":"Point","coordinates":[12.09,48.595]},"properties":{"code":"Q47261","status":"independent","s":17440101,"e":17511231,"c":10,"country_name":"Duchy of Bavaria","wiki":"Duchy of Bavaria","qid":"Q47261","rank":-6}},{"type":"Feature","id":1001144,"geometry":{"type":"Point","coordinates":[43.94,41.635]},"properties":{"code":"Q154667","status":"independent","s":17440101,"e":17621231,"c":8,"country_name":"Kingdom of Georgia","wiki":"Kingdom of Georgia","qid":"Q154667","rank":-3}},{"type":"Feature","id":1001145,"geometry":{"type":"Point","coordinates":[4.033,39.983]},"properties":{"code":"Q8680","status":"colony","owner":"200","s":17440101,"e":17511231,"c":4,"country_name":"British Colonial Empire","wiki":"British Empire","qid":"Q8680","rank":0}},{"type":"Feature","id":1001146,"geometry":{"type":"Point","coordinates":[-0.698,35.586]},"properties":{"code":"Q80702","status":"colony","owner":"230","s":17440101,"e":17511231,"c":11,"country_name":"Spanish Empire","wiki":"Spanish Empire","qid":"Q80702","rank":0}},{"type":"Feature","id":1001148,"geometry":{"type":"Point","coordinates":[52.654,33.298]},"properties":{"code":"Q63149558","status":"independent","s":17440101,"e":17471231,"c":9,"country_name":"Afsharid Iran","wiki":"Afsharid Iran","qid":"Q63149558","rank":-92}},{"type":"Feature","id":1001149,"geometry":{"type":"Point","coordinates":[16.906,47.703]},"properties":{"code":"300","status":"independent","s":17440101,"e":17471231,"c":7,"country_name":"Habsburg Monarchy","wiki":"Habsburg monarchy","qid":"Q66504140","rank":-60}},{"type":"Feature","id":1001150,"geometry":{"type":"Point","coordinates":[14.742,52.934]},"properties":{"code":"255","status":"independent","s":17440101,"e":17471231,"c":6,"country_name":"Kingdom of Prussia","wiki":"Kingdom of Prussia","qid":"Q27306","rank":-16}},{"type":"Feature","id":1001151,"geometry":{"type":"Point","coordinates":[39.733,37.444]},"properties":{"code":"640","status":"independent","s":17440101,"e":17471231,"c":3,"country_name":"Ottoman Empire","wiki":"Ottoman Empire","qid":"Q12560","rank":-190}},{"type":"Feature","id":1001152,"geometry":{"type":"Point","coordinates":[45.956,41.55]},"properties":{"code":"Q1209822","status":"independent","s":17440101,"e":17611231,"c":0,"country_name":"Kingdom of Kakheti","wiki":"Kingdom of Kakheti","qid":"Q1209822","rank":-3}},{"type":"Feature","id":1001153,"geometry":{"type":"Point","coordinates":[9.2,56.1]},"properties":{"code":"390","status":"independent","s":17440101,"e":17741231,"c":9,"country_name":"Denmark-Norway","wiki":"Denmark-Norway","qid":"Q62651","rank":-8}},{"type":"Feature","id":1001154,"geometry":{"type":"Point","coordinates":[48.028,58.958]},"properties":{"code":"365","status":"independent","s":17440101,"e":17471231,"c":0,"country_name":"Russian Empire","wiki":"Russian Empire","qid":"Q34266","rank":-493}},{"type":"Feature","id":1001155,"geometry":{"type":"Point","coordinates":[6.021,52.584]},"properties":{"code":"210","status":"independent","s":17440101,"e":17561231,"c":9,"country_name":"Dutch Republic","wiki":"Dutch Republic","qid":"Q170072","rank":-5}},{"type":"Feature","id":1001156,"geometry":{"type":"Point","coordinates":[26.999,52.192]},"properties":{"code":"Q172107","status":"independent","s":17440101,"e":17471231,"c":10,"country_name":"Polish-Lithuanian Commonwealth","wiki":"Polish-Lithuanian Commonwealth","qid":"Q172107","rank":-97}},{"type":"Feature","id":1001157,"geometry":{"type":"Point","coordinates":[46.441,39.961]},"properties":{"code":"Q406684","status":"independent","s":17480101,"e":17621231,"c":6,"country_name":"Khanates of the Caucasus","wiki":"Khanates of the Caucasus","qid":"Q406684","rank":-9}},{"type":"Feature","id":1001158,"geometry":{"type":"Point","coordinates":[7.482,44.998]},"properties":{"code":"325","status":"independent","s":17480101,"e":17911231,"c":2,"country_name":"Kingdom of Sardinia","wiki":"Kingdom of Sardinia (1720-1861)","qid":"Q2577303","rank":-6}},{"type":"Feature","id":1001159,"geometry":{"type":"Point","coordinates":[2.201,46.728]},"properties":{"code":"220","status":"independent","s":17480101,"e":17561231,"c":1,"country_name":"Kingdom of France","wiki":"Kingdom of France","qid":"Q207162","rank":-61}},{"type":"Feature","id":1001160,"geometry":{"type":"Point","coordinates":[12.721,43.16]},"properties":{"code":"Q170174","status":"independent","s":17480101,"e":17961231,"c":3,"country_name":"Papal States","wiki":"Papal States","qid":"Q170174","rank":-5}},{"type":"Feature","id":1001161,"geometry":{"type":"Point","coordinates":[6.208,48.475]},"properties":{"code":"Q155019","status":"independent","s":17480101,"e":17561231,"c":5,"country_name":"Duchy of Lorraine","wiki":"Duchy of Lorraine","qid":"Q155019","rank":-1}},{"type":"Feature","id":1001162,"geometry":{"type":"Point","coordinates":[-8.749,32.902]},"properties":{"code":"Q200464","status":"colony","owner":"235","s":17480101,"e":17511231,"c":4,"country_name":"Portuguese Empire","wiki":"Portuguese Empire","qid":"Q200464","rank":0}},{"type":"Feature","id":1001163,"geometry":{"type":"Point","coordinates":[8.462,50.261]},"properties":{"code":"Q12548","status":"independent","s":17480101,"e":17511231,"c":8,"country_name":"Holy Roman Empire","wiki":"Holy Roman Empire","qid":"Q12548","rank":-20}},{"type":"Feature","id":1001164,"geometry":{"type":"Point","coordinates":[54.015,49.304]},"properties":{"code":"Q1433867","status":"independent","s":17480101,"e":17511231,"c":11,"country_name":"Kazakh Khanate","wiki":"Kazakh Khanate","qid":"Q1433867","rank":-34}},{"type":"Feature","id":1001168,"geometry":{"type":"Point","coordinates":[26.999,52.192]},"properties":{"code":"Q172107","status":"independent","s":17480101,"e":17511231,"c":10,"country_name":"Polish-Lithuanian Commonwealth","wiki":"Polish-Lithuanian Commonwealth","qid":"Q172107","rank":-97}},{"type":"Feature","id":1001169,"geometry":{"type":"Point","coordinates":[48.028,58.958]},"properties":{"code":"365","status":"independent","s":17480101,"e":17511231,"c":0,"country_name":"Russian Empire","wiki":"Russian Empire","qid":"Q34266","rank":-493}},{"type":"Feature","id":1001170,"geometry":{"type":"Point","coordinates":[-3.438,40.092]},"properties":{"code":"230","status":"independent","s":17480101,"e":17771231,"c":11,"country_name":"Kingdom of Spain","wiki":"Spain","qid":"Q29","rank":-52}},{"type":"Feature","id":1001171,"geometry":{"type":"Point","coordinates":[39.733,37.444]},"properties":{"code":"640","status":"independent","s":17480101,"e":17511231,"c":3,"country_name":"Ottoman Empire","wiki":"Ottoman Empire","qid":"Q12560","rank":-195}},{"type":"Feature","id":1001172,"geometry":{"type":"Point","coordinates":[9.089,42.142]},"properties":{"code":"Q174306","status":"independent","s":17480101,"e":17931231,"c":5,"country_name":"Republic of Genoa","wiki":"Republic of Genoa","qid":"Q174306","rank":-1}},{"type":"Feature","id":1001173,"geometry":{"type":"Point","coordinates":[16.879,47.731]},"properties":{"code":"300","status":"independent","s":17480101,"e":17561231,"c":7,"country_name":"Habsburg Monarchy","wiki":"Habsburg monarchy","qid":"Q66504140","rank":-61}},{"type":"Feature","id":1001174,"geometry":{"type":"Point","coordinates":[14.742,52.934]},"properties":{"code":"255","status":"independent","s":17480101,"e":17561231,"c":6,"country_name":"Kingdom of Prussia","wiki":"Kingdom of Prussia","qid":"Q27306","rank":-16}},{"type":"Feature","id":1001176,"geometry":{"type":"Point","coordinates":[49.643,34.189]},"properties":{"code":"Q63149558","status":"independent","s":17480101,"e":17511231,"c":9,"country_name":"Afsharid Iran","wiki":"Afsharid Iran","qid":"Q63149558","rank":-65}},{"type":"Feature","id":1001177,"geometry":{"type":"Point","coordinates":[54.637,31.361]},"properties":{"code":"Q97629053","status":"independent","s":17480101,"e":17511231,"c":8,"country_name":"Zand Dynasty","wiki":"Zand dynasty","qid":"Q97629053","rank":-13}},{"type":"Feature","id":1001178,"geometry":{"type":"Point","coordinates":[8.823,46.954]},"properties":{"code":"225","status":"independent","s":17480101,"e":17791231,"c":4,"country_name":"Swiss Confederation","wiki":"Switzerland","qid":"Q39","rank":-5}},{"type":"Feature","id":1001179,"geometry":{"type":"Point","coordinates":[11.595,45.519]},"properties":{"code":"Q4948","status":"independent","s":17480101,"e":17951231,"c":6,"country_name":"Republic of Venice","wiki":"Republic of Venice","qid":"Q4948","rank":-4}},{"type":"Feature","id":1001180,"geometry":{"type":"Point","coordinates":[53.777,32.245]},"properties":{"code":"Q97629053","status":"independent","s":17520101,"e":17561231,"c":8,"country_name":"Zand Dynasty","wiki":"Zand dynasty","qid":"Q97629053","rank":-30}},{"type":"Feature","id":1001181,"geometry":{"type":"Point","coordinates":[48.541,35.177]},"properties":{"code":"Q63149558","status":"independent","s":17520101,"e":17561231,"c":9,"country_name":"Afsharid Iran","wiki":"Afsharid Iran","qid":"Q63149558","rank":-48}},{"type":"Feature","id":1001182,"geometry":{"type":"Point","coordinates":[39.733,37.444]},"properties":{"code":"640","status":"independent","s":17520101,"e":17561231,"c":3,"country_name":"Ottoman Empire","wiki":"Ottoman Empire","qid":"Q12560","rank":-195}},{"type":"Feature","id":1001185,"geometry":{"type":"Point","coordinates":[36.912,48.229]},"properties":{"code":"Q1076173","status":"independent","s":17520101,"e":17681231,"c":4,"country_name":"Zaporozhian Cossacks","wiki":"Zaporozhian Cossacks","qid":"Q1076173","rank":-12}},{"type":"Feature","id":1001187,"geometry":{"type":"Point","coordinates":[48.028,58.958]},"properties":{"code":"365","status":"independent","s":17520101,"e":17561231,"c":0,"country_name":"Russian Empire","wiki":"Russian Empire","qid":"Q34266","rank":-496}},{"type":"Feature","id":1001189,"geometry":{"type":"Point","coordinates":[26.999,52.192]},"properties":{"code":"Q172107","status":"independent","s":17520101,"e":17561231,"c":10,"country_name":"Polish-Lithuanian Commonwealth","wiki":"Polish-Lithuanian Commonwealth","qid":"Q172107","rank":-97}},{"type":"Feature","id":1001190,"geometry":{"type":"Point","coordinates":[39.057,50.12]},"properties":{"code":"Q598570","status":"independent","s":17520101,"e":17621231,"c":3,"country_name":"Sloboda Ukraine","wiki":"Sloboda Ukraine","qid":"Q598570","rank":-12}},{"type":"Feature","id":1001191,"geometry":{"type":"Point","coordinates":[54.015,49.304]},"properties":{"code":"Q1433867","status":"independent","s":17520101,"e":17561231,"c":11,"country_name":"Kazakh Khanate","wiki":"Kazakh Khanate","qid":"Q1433867","rank":-34}},{"type":"Feature","id":1001192,"geometry":{"type":"Point","coordinates":[8.462,50.261]},"properties":{"code":"Q12548","status":"independent","s":17520101,"e":17561231,"c":8,"country_name":"Holy Roman Empire","wiki":"Holy Roman Empire","qid":"Q12548","rank":-20}},{"type":"Feature","id":1001193,"geometry":{"type":"Point","coordinates":[-8.749,32.902]},"properties":{"code":"Q200464","status":"colony","owner":"235","s":17520101,"e":17561231,"c":4,"country_name":"Portuguese Empire","wiki":"Portuguese Empire","qid":"Q200464","rank":0}},{"type":"Feature","id":1001194,"geometry":{"type":"Point","coordinates":[12.09,48.595]},"properties":{"code":"Q47261","status":"independent","s":17520101,"e":17771231,"c":10,"country_name":"Duchy of Bavaria","wiki":"Duchy of Bavaria","qid":"Q47261","rank":-6}},{"type":"Feature","id":1001195,"geometry":{"type":"Point","coordinates":[-0.698,35.586]},"properties":{"code":"Q80702","status":"colony","owner":"230","s":17520101,"e":17561231,"c":11,"country_name":"Spanish Empire","wiki":"Spanish Empire","qid":"Q80702","rank":0}},{"type":"Feature","id":1001196,"geometry":{"type":"Point","coordinates":[4.033,39.983]},"properties":{"code":"Q8680","status":"colony","owner":"200","s":17520101,"e":17561231,"c":4,"country_name":"British Colonial Empire","wiki":"British Empire","qid":"Q8680","rank":0}},{"type":"Feature","id":1001197,"geometry":{"type":"Point","coordinates":[9.089,42.142]},"properties":{"code":"Q71234","status":"independent","s":17570101,"e":17621231,"c":4,"country_name":"Corsican Republic","wiki":"Corsican Republic","qid":"Q71234","rank":-1}},{"type":"Feature","id":1001198,"geometry":{"type":"Point","coordinates":[14.855,32.002]},"properties":{"code":"Q1929987","status":"independent","s":17570101,"e":17611231,"c":0,"country_name":"Karamanli Dynasty","wiki":"Karamanli dynasty","qid":"Q1929987","rank":-8}},{"type":"Feature","id":1001199,"geometry":{"type":"Point","coordinates":[-0.698,35.586]},"properties":{"code":"Q80702","status":"colony","owner":"230","s":17570101,"e":17611231,"c":11,"country_name":"Spanish Empire","wiki":"Spanish Empire","qid":"Q80702","rank":0}},{"type":"Feature","id":1001200,"geometry":{"type":"Point","coordinates":[4.033,39.983]},"properties":{"code":"Q8680","status":"colony","owner":"200","s":17570101,"e":17611231,"c":4,"country_name":"British Colonial Empire","wiki":"British Empire","qid":"Q8680","rank":0}},{"type":"Feature","id":1001201,"geometry":{"type":"Point","coordinates":[54.015,49.304]},"properties":{"code":"Q1433867","status":"independent","s":17570101,"e":17611231,"c":11,"country_name":"Kazakh Khanate","wiki":"Kazakh Khanate","qid":"Q1433867","rank":-34}},{"type":"Feature","id":1001202,"geometry":{"type":"Point","coordinates":[9.022,49.801]},"properties":{"code":"Q12548","status":"independent","s":17570101,"e":17611231,"c":8,"country_name":"Holy Roman Empire","wiki":"Holy Roman Empire","qid":"Q12548","rank":-15}},{"type":"Feature","id":1001203,"geometry":{"type":"Point","coordinates":[-8.749,32.902]},"properties":{"code":"Q200464","status":"colony","owner":"235","s":17570101,"e":17611231,"c":4,"country_name":"Portuguese Empire","wiki":"Portuguese Empire","qid":"Q200464","rank":0}},{"type":"Feature","id":1001204,"geometry":{"type":"Point","coordinates":[9.61,52.782]},"properties":{"code":"Q706018","status":"independent","s":17570101,"e":17611231,"c":3,"country_name":"Electorate of Hanover","wiki":"Electorate of Hanover","qid":"Q706018","rank":-6}},{"type":"Feature","id":1001205,"geometry":{"type":"Point","coordinates":[2.199,46.772]},"properties":{"code":"220","status":"independent","s":17570101,"e":17611231,"c":1,"country_name":"Kingdom of France","wiki":"Kingdom of France","qid":"Q207162","rank":-63}},{"type":"Feature","id":1001207,"geometry":{"type":"Point","coordinates":[6.021,52.584]},"properties":{"code":"210","status":"independent","s":17570101,"e":17611231,"c":9,"country_name":"Dutch Republic","wiki":"Dutch Republic","qid":"Q170072","rank":-5}},{"type":"Feature","id":1001208,"geometry":{"type":"Point","coordinates":[48.028,58.958]},"properties":{"code":"365","status":"independent","s":17570101,"e":17611231,"c":0,"country_name":"Russian Empire","wiki":"Russian Empire","qid":"Q34266","rank":-496}},{"type":"Feature","id":1001209,"geometry":{"type":"Point","coordinates":[9.528,35.332]},"properties":{"code":"Q4899891","status":"independent","s":17570101,"e":17611231,"c":4,"country_name":"Beylik of Tunis","wiki":"Beylik of Tunis","qid":"Q4899891","rank":-8}},{"type":"Feature","id":1001210,"geometry":{"type":"Point","coordinates":[26.999,52.192]},"properties":{"code":"Q172107","status":"independent","s":17570101,"e":17611231,"c":10,"country_name":"Polish-Lithuanian Commonwealth","wiki":"Polish-Lithuanian Commonwealth","qid":"Q172107","rank":-97}},{"type":"Feature","id":1001214,"geometry":{"type":"Point","coordinates":[52.698,33.286]},"properties":{"code":"Q97629053","status":"independent","s":17570101,"e":17611231,"c":8,"country_name":"Zand Dynasty","wiki":"Zand dynasty","qid":"Q97629053","rank":-78}},{"type":"Feature","id":1001215,"geometry":{"type":"Point","coordinates":[-1.637,52.621]},"properties":{"code":"Q23666","status":"independent","s":17570101,"e":17611231,"c":0,"country_name":"Kingdom of Great Britain","wiki":"Great Britain","qid":"Q23666","rank":-33}},{"type":"Feature","id":1001216,"geometry":{"type":"Point","coordinates":[16.879,47.731]},"properties":{"code":"300","status":"independent","s":17570101,"e":17611231,"c":7,"country_name":"Habsburg Monarchy","wiki":"Habsburg monarchy","qid":"Q66504140","rank":-60}},{"type":"Feature","id":1001217,"geometry":{"type":"Point","coordinates":[14.742,52.934]},"properties":{"code":"255","status":"independent","s":17570101,"e":17611231,"c":6,"country_name":"Kingdom of Prussia","wiki":"Kingdom of Prussia","qid":"Q27306","rank":-16}},{"type":"Feature","id":1001218,"geometry":{"type":"Point","coordinates":[39.733,37.444]},"properties":{"code":"640","status":"independent","s":17570101,"e":17611231,"c":3,"country_name":"Ottoman Empire","wiki":"Ottoman Empire","qid":"Q12560","rank":-195}},{"type":"Feature","id":1001219,"geometry":{"type":"Point","coordinates":[14.855,32.002]},"properties":{"code":"Q1929987","status":"independent","s":17620101,"e":17931231,"c":0,"country_name":"Karamanli Dynasty","wiki":"Karamanli dynasty","qid":"Q1929987","rank":-8}},{"type":"Feature","id":1001220,"geometry":{"type":"Point","coordinates":[4.033,39.983]},"properties":{"code":"Q8680","status":"colony","owner":"200","s":17620101,"e":17621231,"c":4,"country_name":"British Colonial Empire","wiki":"British Empire","qid":"Q8680","rank":0}},{"type":"Feature","id":1001221,"geometry":{"type":"Point","coordinates":[-0.698,35.586]},"properties":{"code":"Q80702","status":"colony","owner":"230","s":17620101,"e":17621231,"c":11,"country_name":"Spanish Empire","wiki":"Spanish Empire","qid":"Q80702","rank":0}},{"type":"Feature","id":1001222,"geometry":{"type":"Point","coordinates":[10.366,50.179]},"properties":{"code":"Q12548","status":"independent","s":17620101,"e":17621231,"c":8,"country_name":"Holy Roman Empire","wiki":"Holy Roman Empire","qid":"Q12548","rank":-13}},{"type":"Feature","id":1001223,"geometry":{"type":"Point","coordinates":[27.478,63.953]},"properties":{"code":"380","status":"independent","s":17620101,"e":17621231,"c":7,"country_name":"Kingdom of Sweden","wiki":"Sweden","qid":"Q34","rank":-141}},{"type":"Feature","id":1001224,"geometry":{"type":"Point","coordinates":[54.015,49.304]},"properties":{"code":"Q1433867","status":"independent","s":17620101,"e":17621231,"c":11,"country_name":"Kazakh Khanate","wiki":"Kazakh Khanate","qid":"Q1433867","rank":-34}},{"type":"Feature","id":1001225,"geometry":{"type":"Point","coordinates":[9.658,52.628]},"properties":{"code":"Q706018","status":"independent","s":17620101,"e":17621231,"c":3,"country_name":"Electorate of Hanover","wiki":"Electorate of Hanover","qid":"Q706018","rank":-6}},{"type":"Feature","id":1001226,"geometry":{"type":"Point","coordinates":[-8.749,32.902]},"properties":{"code":"Q200464","status":"colony","owner":"235","s":17620101,"e":17621231,"c":4,"country_name":"Portuguese Empire","wiki":"Portuguese Empire","qid":"Q200464","rank":0}},{"type":"Feature","id":1001227,"geometry":{"type":"Point","coordinates":[2.267,46.788]},"properties":{"code":"220","status":"independent","s":17620101,"e":17621231,"c":1,"country_name":"Kingdom of France","wiki":"Kingdom of France","qid":"Q207162","rank":-63}},{"type":"Feature","id":1001229,"geometry":{"type":"Point","coordinates":[48.028,58.958]},"properties":{"code":"365","status":"independent","s":17620101,"e":17621231,"c":0,"country_name":"Russian Empire","wiki":"Russian Empire","qid":"Q34266","rank":-496}},{"type":"Feature","id":1001230,"geometry":{"type":"Point","coordinates":[6.021,52.584]},"properties":{"code":"210","status":"independent","s":17620101,"e":17621231,"c":9,"country_name":"Dutch Republic","wiki":"Dutch Republic","qid":"Q170072","rank":-5}},{"type":"Feature","id":1001231,"geometry":{"type":"Point","coordinates":[26.999,52.192]},"properties":{"code":"Q172107","status":"independent","s":17620101,"e":17621231,"c":10,"country_name":"Polish-Lithuanian Commonwealth","wiki":"Polish-Lithuanian Commonwealth","qid":"Q172107","rank":-96}},{"type":"Feature","id":1001232,"geometry":{"type":"Point","coordinates":[9.528,35.332]},"properties":{"code":"Q4899891","status":"independent","s":17620101,"e":17931231,"c":4,"country_name":"Beylik of Tunis","wiki":"Beylik of Tunis","qid":"Q4899891","rank":-8}},{"type":"Feature","id":1001233,"geometry":{"type":"Point","coordinates":[15.945,40.611]},"properties":{"code":"Q173065","status":"independent","s":17620101,"e":17981231,"c":6,"country_name":"Kingdom of Naples","wiki":"Kingdom of Naples","qid":"Q173065","rank":-10}},{"type":"Feature","id":1001235,"geometry":{"type":"Point","coordinates":[45.956,41.55]},"properties":{"code":"Q1209822","status":"independent","s":17620101,"e":17621231,"c":0,"country_name":"Kingdom of Kakheti","wiki":"Kingdom of Kakheti","qid":"Q1209822","rank":-3}},{"type":"Feature","id":1001236,"geometry":{"type":"Point","coordinates":[-1.637,52.621]},"properties":{"code":"Q23666","status":"independent","s":17620101,"e":17931231,"c":0,"country_name":"Kingdom of Great Britain","wiki":"Great Britain","qid":"Q23666","rank":-33}},{"type":"Feature","id":1001237,"geometry":{"type":"Point","coordinates":[52.698,33.286]},"properties":{"code":"Q97629053","status":"independent","s":17620101,"e":17621231,"c":8,"country_name":"Zand Dynasty","wiki":"Zand dynasty","qid":"Q97629053","rank":-78}},{"type":"Feature","id":1001239,"geometry":{"type":"Point","coordinates":[12.038,52.775]},"properties":{"code":"255","status":"independent","s":17620101,"e":17621231,"c":6,"country_name":"Kingdom of Prussia","wiki":"Kingdom of Prussia","qid":"Q27306","rank":-6}},{"type":"Feature","id":1001240,"geometry":{"type":"Point","coordinates":[16.571,47.783]},"properties":{"code":"300","status":"independent","s":17620101,"e":17621231,"c":7,"country_name":"Habsburg Monarchy","wiki":"Habsburg monarchy","qid":"Q66504140","rank":-62}},{"type":"Feature","id":1001242,"geometry":{"type":"Point","coordinates":[39.733,37.444]},"properties":{"code":"640","status":"independent","s":17620101,"e":17681231,"c":3,"country_name":"Ottoman Empire","wiki":"Ottoman Empire","qid":"Q12560","rank":-195}},{"type":"Feature","id":1001243,"geometry":{"type":"Point","coordinates":[8.462,50.261]},"properties":{"code":"Q12548","status":"independent","s":17630101,"e":17681231,"c":8,"country_name":"Holy Roman Empire","wiki":"Holy Roman Empire","qid":"Q12548","rank":-20}},{"type":"Feature","id":1001244,"geometry":{"type":"Point","coordinates":[54.015,49.304]},"properties":{"code":"Q1433867","status":"independent","s":17630101,"e":17681231,"c":11,"country_name":"Kazakh Khanate","wiki":"Kazakh Khanate","qid":"Q1433867","rank":-34}},{"type":"Feature","id":1001245,"geometry":{"type":"Point","coordinates":[27.478,63.953]},"properties":{"code":"380","status":"independent","s":17630101,"e":18081231,"c":7,"country_name":"Kingdom of Sweden","wiki":"Sweden","qid":"Q34","rank":-141}},{"type":"Feature","id":1001246,"geometry":{"type":"Point","coordinates":[6.208,48.475]},"properties":{"code":"Q155019","status":"independent","s":17630101,"e":17681231,"c":5,"country_name":"Duchy of Lorraine","wiki":"Duchy of Lorraine","qid":"Q155019","rank":-1}},{"type":"Feature","id":1001247,"geometry":{"type":"Point","coordinates":[9.399,52.952]},"properties":{"code":"Q706018","status":"independent","s":17630101,"e":17741231,"c":3,"country_name":"Electorate of Hanover","wiki":"Electorate of Hanover","qid":"Q706018","rank":-4}},{"type":"Feature","id":1001248,"geometry":{"type":"Point","coordinates":[-8.749,32.902]},"properties":{"code":"Q200464","status":"colony","owner":"235","s":17630101,"e":17681231,"c":4,"country_name":"Portuguese Empire","wiki":"Portuguese Empire","qid":"Q200464","rank":0}},{"type":"Feature","id":1001250,"geometry":{"type":"Point","coordinates":[2.201,46.728]},"properties":{"code":"220","status":"independent","s":17630101,"e":17681231,"c":1,"country_name":"Kingdom of France","wiki":"Kingdom of France","qid":"Q207162","rank":-61}},{"type":"Feature","id":1001251,"geometry":{"type":"Point","coordinates":[9.089,42.142]},"properties":{"code":"Q71234","status":"independent","s":17630101,"e":17681231,"c":4,"country_name":"Corsican Republic","wiki":"Corsican Republic","qid":"Q71234","rank":-1}},{"type":"Feature","id":1001252,"geometry":{"type":"Point","coordinates":[44.78,41.671]},"properties":{"code":"Q154667","status":"independent","s":17630101,"e":17741231,"c":8,"country_name":"Kingdom of Georgia","wiki":"Kingdom of Georgia","qid":"Q154667","rank":-6}},{"type":"Feature","id":1001253,"geometry":{"type":"Point","coordinates":[42.696,49.617]},"properties":{"code":"Q210163","status":"independent","s":17630101,"e":17681231,"c":10,"country_name":"Astrakhan Khanate","wiki":"Astrakhan Khanate","qid":"Q210163","rank":-15}},{"type":"Feature","id":1001254,"geometry":{"type":"Point","coordinates":[4.033,39.983]},"properties":{"code":"Q8680","status":"colony","owner":"200","s":17630101,"e":17681231,"c":4,"country_name":"British Colonial Empire","wiki":"British Empire","qid":"Q8680","rank":0}},{"type":"Feature","id":1001255,"geometry":{"type":"Point","coordinates":[46.441,39.961]},"properties":{"code":"Q406684","status":"independent","s":17630101,"e":17871231,"c":6,"country_name":"Khanates of the Caucasus","wiki":"Khanates of the Caucasus","qid":"Q406684","rank":-9}},{"type":"Feature","id":1001256,"geometry":{"type":"Point","coordinates":[-0.698,35.586]},"properties":{"code":"Q80702","status":"colony","owner":"230","s":17630101,"e":17681231,"c":11,"country_name":"Spanish Empire","wiki":"Spanish Empire","qid":"Q80702","rank":0}},{"type":"Feature","id":1001257,"geometry":{"type":"Point","coordinates":[13.55,51.436]},"properties":{"code":"Q156199","status":"independent","s":17630101,"e":17901231,"c":1,"country_name":"Electorate of Saxony","wiki":"Electorate of Saxony","qid":"Q156199","rank":-4}},{"type":"Feature","id":1001258,"geometry":{"type":"Point","coordinates":[14.742,52.934]},"properties":{"code":"255","status":"independent","s":17630101,"e":17711231,"c":6,"country_name":"Kingdom of Prussia","wiki":"Kingdom of Prussia","qid":"Q27306","rank":-16}},{"type":"Feature","id":1001259,"geometry":{"type":"Point","coordinates":[16.879,47.731]},"properties":{"code":"300","status":"independent","s":17630101,"e":17681231,"c":7,"country_name":"Habsburg Monarchy","wiki":"Habsburg monarchy","qid":"Q66504140","rank":-61}},{"type":"Feature","id":1001260,"geometry":{"type":"Point","coordinates":[52.698,33.286]},"properties":{"code":"Q97629053","status":"independent","s":17630101,"e":17751231,"c":8,"country_name":"Zand Dynasty","wiki":"Zand dynasty","qid":"Q97629053","rank":-78}},{"type":"Feature","id":1001262,"geometry":{"type":"Point","coordinates":[48.028,58.958]},"properties":{"code":"365","status":"independent","s":17630101,"e":17681231,"c":0,"country_name":"Russian Empire","wiki":"Russian Empire","qid":"Q34266","rank":-496}},{"type":"Feature","id":1001263,"geometry":{"type":"Point","coordinates":[6.021,52.584]},"properties":{"code":"210","status":"independent","s":17630101,"e":17681231,"c":9,"country_name":"Dutch Republic","wiki":"Dutch Republic","qid":"Q170072","rank":-5}},{"type":"Feature","id":1001264,"geometry":{"type":"Point","coordinates":[26.999,52.192]},"properties":{"code":"Q172107","status":"independent","s":17630101,"e":17681231,"c":10,"country_name":"Polish-Lithuanian Commonwealth","wiki":"Polish-Lithuanian Commonwealth","qid":"Q172107","rank":-97}},{"type":"Feature","id":1001265,"geometry":{"type":"Point","coordinates":[39.057,50.12]},"properties":{"code":"Q598570","status":"independent","s":17630101,"e":17681231,"c":3,"country_name":"Sloboda Ukraine","wiki":"Sloboda Ukraine","qid":"Q598570","rank":-12}},{"type":"Feature","id":1001267,"geometry":{"type":"Point","coordinates":[-0.698,35.586]},"properties":{"code":"Q80702","status":"colony","owner":"230","s":17690101,"e":17711231,"c":11,"country_name":"Spanish Empire","wiki":"Spanish Empire","qid":"Q80702","rank":0}},{"type":"Feature","id":1001268,"geometry":{"type":"Point","coordinates":[4.033,39.983]},"properties":{"code":"Q8680","status":"colony","owner":"200","s":17690101,"e":17711231,"c":4,"country_name":"British Colonial Empire","wiki":"British Empire","qid":"Q8680","rank":0}},{"type":"Feature","id":1001269,"geometry":{"type":"Point","coordinates":[40.007,46.327]},"properties":{"code":"Q160440","status":"independent","s":17690101,"e":17711231,"c":8,"country_name":"Crimean Khanate","wiki":"Crimean Khanate","qid":"Q160440","rank":-7}},{"type":"Feature","id":1001270,"geometry":{"type":"Point","coordinates":[2.214,46.738]},"properties":{"code":"220","status":"independent","s":17690101,"e":17791231,"c":1,"country_name":"Kingdom of France","wiki":"Kingdom of France","qid":"Q207162","rank":-62}},{"type":"Feature","id":1001272,"geometry":{"type":"Point","coordinates":[44.72,45.775]},"properties":{"code":"Q4210248","status":"independent","s":17690101,"e":17711231,"c":3,"country_name":"Kalmyk Khanate","wiki":"Kalmyk Khanate","qid":"Q4210248","rank":-20}},{"type":"Feature","id":1001273,"geometry":{"type":"Point","coordinates":[54.015,49.304]},"properties":{"code":"Q1433867","status":"independent","s":17690101,"e":17711231,"c":11,"country_name":"Kazakh Khanate","wiki":"Kazakh Khanate","qid":"Q1433867","rank":-34}},{"type":"Feature","id":1001274,"geometry":{"type":"Point","coordinates":[8.462,50.261]},"properties":{"code":"Q12548","status":"independent","s":17690101,"e":17741231,"c":8,"country_name":"Holy Roman Empire","wiki":"Holy Roman Empire","qid":"Q12548","rank":-20}},{"type":"Feature","id":1001276,"geometry":{"type":"Point","coordinates":[26.818,52.172]},"properties":{"code":"Q172107","status":"independent","s":17690101,"e":17711231,"c":10,"country_name":"Polish-Lithuanian Commonwealth","wiki":"Polish-Lithuanian Commonwealth","qid":"Q172107","rank":-97}},{"type":"Feature","id":1001277,"geometry":{"type":"Point","coordinates":[36.934,48.218]},"properties":{"code":"Q1076173","status":"independent","s":17690101,"e":17711231,"c":4,"country_name":"Zaporozhian Cossacks","wiki":"Zaporozhian Cossacks","qid":"Q1076173","rank":-12}},{"type":"Feature","id":1001278,"geometry":{"type":"Point","coordinates":[6.021,52.584]},"properties":{"code":"210","status":"independent","s":17690101,"e":17741231,"c":9,"country_name":"Dutch Republic","wiki":"Dutch Republic","qid":"Q170072","rank":-5}},{"type":"Feature","id":1001279,"geometry":{"type":"Point","coordinates":[45.229,57.238]},"properties":{"code":"365","status":"independent","s":17690101,"e":17711231,"c":0,"country_name":"Russian Empire","wiki":"Russian Empire","qid":"Q34266","rank":-524}},{"type":"Feature","id":1001280,"geometry":{"type":"Point","coordinates":[-6.228,32.03]},"properties":{"code":"600","status":"independent","s":17690101,"e":18411231,"c":0,"country_name":"Morocco","wiki":"Morocco","qid":"Q1028","rank":-29}},{"type":"Feature","id":1001281,"geometry":{"type":"Point","coordinates":[39.764,37.444]},"properties":{"code":"640","status":"independent","s":17690101,"e":17711231,"c":3,"country_name":"Ottoman Empire","wiki":"Ottoman Empire","qid":"Q12560","rank":-190}},{"type":"Feature","id":1001284,"geometry":{"type":"Point","coordinates":[16.879,47.731]},"properties":{"code":"300","status":"independent","s":17690101,"e":17711231,"c":7,"country_name":"Habsburg Monarchy","wiki":"Habsburg monarchy","qid":"Q66504140","rank":-61}},{"type":"Feature","id":1001285,"geometry":{"type":"Point","coordinates":[22.246,57.069]},"properties":{"code":"Q156038","status":"independent","s":17720101,"e":17911231,"c":1,"country_name":"Duchy of Courland","wiki":"Duchy of Courland and Semigallia","qid":"Q156038","rank":-4}},{"type":"Feature","id":1001287,"geometry":{"type":"Point","coordinates":[44.537,56.553]},"properties":{"code":"365","status":"independent","s":17720101,"e":17741231,"c":0,"country_name":"Russian Empire","wiki":"Russian Empire","qid":"Q34266","rank":-556}},{"type":"Feature","id":1001288,"geometry":{"type":"Point","coordinates":[36.934,48.218]},"properties":{"code":"Q1076173","status":"independent","s":17720101,"e":17741231,"c":4,"country_name":"Zaporozhian Cossacks","wiki":"Zaporozhian Cossacks","qid":"Q1076173","rank":-12}},{"type":"Feature","id":1001289,"geometry":{"type":"Point","coordinates":[26.865,52.844]},"properties":{"code":"Q172107","status":"independent","s":17720101,"e":17741231,"c":10,"country_name":"Polish-Lithuanian Commonwealth","wiki":"Polish-Lithuanian Commonwealth","qid":"Q172107","rank":-70}},{"type":"Feature","id":1001290,"geometry":{"type":"Point","coordinates":[17.86,53.935]},"properties":{"code":"255","status":"independent","s":17720101,"e":17741231,"c":6,"country_name":"Kingdom of Prussia","wiki":"Kingdom of Prussia","qid":"Q27306","rank":-26}},{"type":"Feature","id":1001291,"geometry":{"type":"Point","coordinates":[21.417,47.595]},"properties":{"code":"300","status":"independent","s":17720101,"e":17741231,"c":7,"country_name":"Habsburg Monarchy","wiki":"Habsburg monarchy","qid":"Q66504140","rank":-70}},{"type":"Feature","id":1001293,"geometry":{"type":"Point","coordinates":[42.215,41.761]},"properties":{"code":"Q2195101","status":"independent","s":17720101,"e":18101231,"c":10,"country_name":"Principality of Guria","wiki":"Principality of Guria","qid":"Q2195101","rank":0}},{"type":"Feature","id":1001295,"geometry":{"type":"Point","coordinates":[39.764,37.444]},"properties":{"code":"640","status":"independent","s":17720101,"e":17741231,"c":3,"country_name":"Ottoman Empire","wiki":"Ottoman Empire","qid":"Q12560","rank":-190}},{"type":"Feature","id":1001296,"geometry":{"type":"Point","coordinates":[18.023,42.895]},"properties":{"code":"Q208169","status":"independent","s":17720101,"e":18061231,"c":4,"country_name":"Republic of Ragusa","wiki":"Republic of Ragusa","qid":"Q208169","rank":0}},{"type":"Feature","id":1001297,"geometry":{"type":"Point","coordinates":[40.007,46.327]},"properties":{"code":"Q160440","status":"independent","s":17720101,"e":17741231,"c":8,"country_name":"Crimean Khanate","wiki":"Crimean Khanate","qid":"Q160440","rank":-7}},{"type":"Feature","id":1001298,"geometry":{"type":"Point","coordinates":[4.033,39.983]},"properties":{"code":"Q8680","status":"colony","owner":"200","s":17720101,"e":17741231,"c":4,"country_name":"British Colonial Empire","wiki":"British Empire","qid":"Q8680","rank":0}},{"type":"Feature","id":1001299,"geometry":{"type":"Point","coordinates":[-0.698,35.586]},"properties":{"code":"Q80702","status":"colony","owner":"230","s":17720101,"e":17741231,"c":11,"country_name":"Spanish Empire","wiki":"Spanish Empire","qid":"Q80702","rank":0}},{"type":"Feature","id":1001300,"geometry":{"type":"Point","coordinates":[54.015,49.304]},"properties":{"code":"Q1433867","status":"independent","s":17720101,"e":17821231,"c":11,"country_name":"Kazakh Khanate","wiki":"Kazakh Khanate","qid":"Q1433867","rank":-34}},{"type":"Feature","id":1001301,"geometry":{"type":"Point","coordinates":[27.48,47.03]},"properties":{"code":"Q10957559","status":"independent","s":17750101,"e":17901231,"c":5,"country_name":"Principality of Moldavia","wiki":"Moldavia","qid":"Q10957559","rank":-8}},{"type":"Feature","id":1001302,"geometry":{"type":"Point","coordinates":[42.807,42.993]},"properties":{"code":"Q2919545","status":"independent","s":17750101,"e":18101231,"c":1,"country_name":"Principality of Svaneti","wiki":"Principality of Svaneti","qid":"Q2919545","rank":0}},{"type":"Feature","id":1001303,"geometry":{"type":"Point","coordinates":[22.45,47.975]},"properties":{"code":"300","status":"independent","s":17750101,"e":17771231,"c":7,"country_name":"Habsburg Monarchy","wiki":"Habsburg monarchy","qid":"Q66504140","rank":-72}},{"type":"Feature","id":1001304,"geometry":{"type":"Point","coordinates":[17.86,53.935]},"properties":{"code":"255","status":"independent","s":17750101,"e":17791231,"c":6,"country_name":"Kingdom of Prussia","wiki":"Kingdom of Prussia","qid":"Q27306","rank":-26}},{"type":"Feature","id":1001305,"geometry":{"type":"Point","coordinates":[39.733,37.444]},"properties":{"code":"640","status":"independent","s":17750101,"e":17751231,"c":3,"country_name":"Ottoman Empire","wiki":"Ottoman Empire","qid":"Q12560","rank":-195}},{"type":"Feature","id":1001306,"geometry":{"type":"Point","coordinates":[24.561,44.647]},"properties":{"code":"Q171393","status":"independent","s":17750101,"e":17901231,"c":11,"country_name":"Principality of Wallachia","wiki":"Wallachia","qid":"Q171393","rank":-9}},{"type":"Feature","id":1001307,"geometry":{"type":"Point","coordinates":[6.021,52.584]},"properties":{"code":"210","status":"independent","s":17750101,"e":17791231,"c":9,"country_name":"Dutch Republic","wiki":"Dutch Republic","qid":"Q170072","rank":-5}},{"type":"Feature","id":1001308,"geometry":{"type":"Point","coordinates":[9.2,56.1]},"properties":{"code":"390","status":"independent","s":17750101,"e":18061231,"c":9,"country_name":"Denmark-Norway","wiki":"Denmark-Norway","qid":"Q62651","rank":-8}},{"type":"Feature","id":1001309,"geometry":{"type":"Point","coordinates":[44.034,56.085]},"properties":{"code":"365","status":"independent","s":17750101,"e":17751231,"c":0,"country_name":"Russian Empire","wiki":"Russian Empire","qid":"Q34266","rank":-572}},{"type":"Feature","id":1001310,"geometry":{"type":"Point","coordinates":[26.865,52.844]},"properties":{"code":"Q172107","status":"independent","s":17750101,"e":17901231,"c":10,"country_name":"Polish-Lithuanian Commonwealth","wiki":"Polish-Lithuanian Commonwealth","qid":"Q172107","rank":-70}},{"type":"Feature","id":1001311,"geometry":{"type":"Point","coordinates":[8.471,50.259]},"properties":{"code":"Q12548","status":"independent","s":17750101,"e":17771231,"c":8,"country_name":"Holy Roman Empire","wiki":"Holy Roman Empire","qid":"Q12548","rank":-20}},{"type":"Feature","id":1001312,"geometry":{"type":"Point","coordinates":[9.399,52.952]},"properties":{"code":"Q706018","status":"independent","s":17750101,"e":17951231,"c":3,"country_name":"Electorate of Hanover","wiki":"Electorate of Hanover","qid":"Q706018","rank":-4}},{"type":"Feature","id":1001313,"geometry":{"type":"Point","coordinates":[42.177,42.348]},"properties":{"code":"Q2907860","status":"independent","s":17750101,"e":17871231,"c":2,"country_name":"Principality of Mingrelia","wiki":"Principality of Mingrelia","qid":"Q2907860","rank":-1}},{"type":"Feature","id":1001314,"geometry":{"type":"Point","coordinates":[43.153,42.355]},"properties":{"code":"Q1069959","status":"independent","s":17750101,"e":18021231,"c":4,"country_name":"Kingdom of Imereti","wiki":"Kingdom of Imereti","qid":"Q1069959","rank":-1}},{"type":"Feature","id":1001315,"geometry":{"type":"Point","coordinates":[40.688,43.361]},"properties":{"code":"Q1760473","status":"independent","s":17750101,"e":17871231,"c":7,"country_name":"Principality of Abkhazia","wiki":"Principality of Abkhazia","qid":"Q1760473","rank":-1}},{"type":"Feature","id":1001316,"geometry":{"type":"Point","coordinates":[44.78,41.671]},"properties":{"code":"Q154667","status":"independent","s":17750101,"e":17951231,"c":8,"country_name":"Kingdom of Georgia","wiki":"Kingdom of Georgia","qid":"Q154667","rank":-6}},{"type":"Feature","id":1001317,"geometry":{"type":"Point","coordinates":[-0.698,35.586]},"properties":{"code":"Q80702","status":"colony","owner":"230","s":17750101,"e":17751231,"c":11,"country_name":"Spanish Empire","wiki":"Spanish Empire","qid":"Q80702","rank":0}},{"type":"Feature","id":1001318,"geometry":{"type":"Point","coordinates":[4.033,39.983]},"properties":{"code":"Q8680","status":"colony","owner":"200","s":17750101,"e":17751231,"c":4,"country_name":"British Colonial Empire","wiki":"British Empire","qid":"Q8680","rank":0}},{"type":"Feature","id":1001319,"geometry":{"type":"Point","coordinates":[40.007,46.327]},"properties":{"code":"Q160440","status":"independent","s":17750101,"e":17801231,"c":8,"country_name":"Crimean Khanate","wiki":"Crimean Khanate","qid":"Q160440","rank":-7}},{"type":"Feature","id":1001320,"geometry":{"type":"Point","coordinates":[4.033,39.983]},"properties":{"code":"Q8680","status":"colony","owner":"200","s":17760101,"e":17771231,"c":4,"country_name":"British Colonial Empire","wiki":"British Empire","qid":"Q8680","rank":0}},{"type":"Feature","id":1001321,"geometry":{"type":"Point","coordinates":[-0.698,35.586]},"properties":{"code":"Q80702","status":"colony","owner":"230","s":17760101,"e":17771231,"c":11,"country_name":"Spanish Empire","wiki":"Spanish Empire","qid":"Q80702","rank":0}},{"type":"Feature","id":1001322,"geometry":{"type":"Point","coordinates":[44.034,56.085]},"properties":{"code":"365","status":"independent","s":17760101,"e":17771231,"c":0,"country_name":"Russian Empire","wiki":"Russian Empire","qid":"Q34266","rank":-572}},{"type":"Feature","id":1001323,"geometry":{"type":"Point","coordinates":[52.698,33.286]},"properties":{"code":"Q97629053","status":"independent","s":17760101,"e":17791231,"c":8,"country_name":"Zand Dynasty","wiki":"Zand dynasty","qid":"Q97629053","rank":-78}},{"type":"Feature","id":1001324,"geometry":{"type":"Point","coordinates":[39.733,37.444]},"properties":{"code":"640","status":"independent","s":17760101,"e":17791231,"c":3,"country_name":"Ottoman Empire","wiki":"Ottoman Empire","qid":"Q12560","rank":-194}},{"type":"Feature","id":1001325,"geometry":{"type":"Point","coordinates":[22.45,47.975]},"properties":{"code":"300","status":"independent","s":17780101,"e":17791231,"c":7,"country_name":"Habsburg Monarchy","wiki":"Habsburg monarchy","qid":"Q66504140","rank":-79}},{"type":"Feature","id":1001326,"geometry":{"type":"Point","coordinates":[-3.438,40.092]},"properties":{"code":"230","status":"independent","s":17780101,"e":17801231,"c":11,"country_name":"Kingdom of Spain","wiki":"Spain","qid":"Q29","rank":-52}},{"type":"Feature","id":1001327,"geometry":{"type":"Point","coordinates":[44.034,56.085]},"properties":{"code":"365","status":"independent","s":17780101,"e":17821231,"c":0,"country_name":"Russian Empire","wiki":"Russian Empire","qid":"Q34266","rank":-572}},{"type":"Feature","id":1001328,"geometry":{"type":"Point","coordinates":[8.471,50.259]},"properties":{"code":"Q12548","status":"independent","s":17780101,"e":17791231,"c":8,"country_name":"Holy Roman Empire","wiki":"Holy Roman Empire","qid":"Q12548","rank":-20}},{"type":"Feature","id":1001329,"geometry":{"type":"Point","coordinates":[4.033,39.983]},"properties":{"code":"Q8680","status":"colony","owner":"200","s":17780101,"e":17791231,"c":4,"country_name":"British Colonial Empire","wiki":"British Empire","qid":"Q8680","rank":0}},{"type":"Feature","id":1001330,"geometry":{"type":"Point","coordinates":[2.214,46.738]},"properties":{"code":"220","status":"independent","s":17800101,"e":17901231,"c":1,"country_name":"Kingdom of France","wiki":"Kingdom of France","qid":"Q207162","rank":-62}},{"type":"Feature","id":1001331,"geometry":{"type":"Point","coordinates":[11.96,48.551]},"properties":{"code":"Q47261","status":"independent","s":17800101,"e":17901231,"c":10,"country_name":"Duchy of Bavaria","wiki":"Duchy of Bavaria","qid":"Q47261","rank":-5}},{"type":"Feature","id":1001332,"geometry":{"type":"Point","coordinates":[9.547,50.109]},"properties":{"code":"Q12548","status":"independent","s":17800101,"e":17901231,"c":8,"country_name":"Holy Roman Empire","wiki":"Holy Roman Empire","qid":"Q12548","rank":-18}},{"type":"Feature","id":1001333,"geometry":{"type":"Point","coordinates":[4.033,39.983]},"properties":{"code":"Q8680","status":"colony","owner":"200","s":17800101,"e":17801231,"c":4,"country_name":"British Colonial Empire","wiki":"British Empire","qid":"Q8680","rank":0}},{"type":"Feature","id":1001334,"geometry":{"type":"Point","coordinates":[39.733,37.444]},"properties":{"code":"640","status":"independent","s":17800101,"e":17821231,"c":3,"country_name":"Ottoman Empire","wiki":"Ottoman Empire","qid":"Q12560","rank":-195}},{"type":"Feature","id":1001335,"geometry":{"type":"Point","coordinates":[52.698,33.286]},"properties":{"code":"Q97629053","status":"independent","s":17800101,"e":17871231,"c":8,"country_name":"Zand Dynasty","wiki":"Zand dynasty","qid":"Q97629053","rank":-78}},{"type":"Feature","id":1001336,"geometry":{"type":"Point","coordinates":[22.41,47.948]},"properties":{"code":"300","status":"independent","s":17800101,"e":17901231,"c":7,"country_name":"Habsburg Monarchy","wiki":"Habsburg monarchy","qid":"Q66504140","rank":-72}},{"type":"Feature","id":1001337,"geometry":{"type":"Point","coordinates":[17.86,53.935]},"properties":{"code":"255","status":"independent","s":17800101,"e":17901231,"c":6,"country_name":"Kingdom of Prussia","wiki":"Kingdom of Prussia","qid":"Q27306","rank":-26}},{"type":"Feature","id":1001338,"geometry":{"type":"Point","coordinates":[8.823,46.954]},"properties":{"code":"225","status":"independent","s":17800101,"e":17911231,"c":4,"country_name":"Swiss Confederation","wiki":"Switzerland","qid":"Q39","rank":-5}},{"type":"Feature","id":1001339,"geometry":{"type":"Point","coordinates":[6.021,52.584]},"properties":{"code":"210","status":"independent","s":17800101,"e":17871231,"c":9,"country_name":"Dutch Republic","wiki":"Dutch Republic","qid":"Q170072","rank":-5}},{"type":"Feature","id":1001340,"geometry":{"type":"Point","coordinates":[40.007,46.327]},"properties":{"code":"Q160440","status":"independent","s":17810101,"e":17821231,"c":8,"country_name":"Crimean Khanate","wiki":"Crimean Khanate","qid":"Q160440","rank":-7}},{"type":"Feature","id":1001341,"geometry":{"type":"Point","coordinates":[-5.386,36.231]},"properties":{"code":"Q8680","status":"colony","owner":"200","s":17810101,"e":17821231,"c":4,"country_name":"British Colonial Empire","wiki":"British Empire","qid":"Q8680","rank":0}},{"type":"Feature","id":1001342,"geometry":{"type":"Point","coordinates":[-3.438,40.092]},"properties":{"code":"230","status":"independent","s":17810101,"e":17951231,"c":11,"country_name":"Kingdom of Spain","wiki":"Spain","qid":"Q29","rank":-52}},{"type":"Feature","id":1001344,"geometry":{"type":"Point","coordinates":[43.713,55.817]},"properties":{"code":"365","status":"independent","s":17830101,"e":17871231,"c":0,"country_name":"Russian Empire","wiki":"Russian Empire","qid":"Q34266","rank":-585}},{"type":"Feature","id":1001345,"geometry":{"type":"Point","coordinates":[39.733,37.444]},"properties":{"code":"640","status":"independent","s":17830101,"e":17871231,"c":3,"country_name":"Ottoman Empire","wiki":"Ottoman Empire","qid":"Q12560","rank":-195}},{"type":"Feature","id":1001347,"geometry":{"type":"Point","coordinates":[-5.386,36.231]},"properties":{"code":"Q8680","status":"colony","owner":"200","s":17830101,"e":17871231,"c":4,"country_name":"British Colonial Empire","wiki":"British Empire","qid":"Q8680","rank":0}},{"type":"Feature","id":1001349,"geometry":{"type":"Point","coordinates":[54.015,49.304]},"properties":{"code":"Q1433867","status":"independent","s":17830101,"e":17871231,"c":11,"country_name":"Kazakh Khanate","wiki":"Kazakh Khanate","qid":"Q1433867","rank":-34}},{"type":"Feature","id":1001350,"geometry":{"type":"Point","coordinates":[43.713,55.817]},"properties":{"code":"365","status":"independent","s":17880101,"e":17901231,"c":0,"country_name":"Russian Empire","wiki":"Russian Empire","qid":"Q34266","rank":-585}},{"type":"Feature","id":1001351,"geometry":{"type":"Point","coordinates":[6.021,52.584]},"properties":{"code":"210","status":"independent","s":17880101,"e":17901231,"c":9,"country_name":"Dutch Republic","wiki":"Dutch Republic","qid":"Q170072","rank":-5}},{"type":"Feature","id":1001353,"geometry":{"type":"Point","coordinates":[54.024,31.937]},"properties":{"code":"Q97629053","status":"independent","s":17880101,"e":17901231,"c":8,"country_name":"Zand Dynasty","wiki":"Zand dynasty","qid":"Q97629053","rank":-19}},{"type":"Feature","id":1001354,"geometry":{"type":"Point","coordinates":[39.733,37.444]},"properties":{"code":"640","status":"independent","s":17880101,"e":17901231,"c":3,"country_name":"Ottoman Empire","wiki":"Ottoman Empire","qid":"Q12560","rank":-195}},{"type":"Feature","id":1001356,"geometry":{"type":"Point","coordinates":[49.489,34.302]},"properties":{"code":"630","status":"independent","s":17880101,"e":17901231,"c":5,"country_name":"Qajar Dynasty","wiki":"Qajar dynasty","qid":"Q189326","rank":-48}},{"type":"Feature","id":1001357,"geometry":{"type":"Point","coordinates":[41.75,42.927]},"properties":{"code":"Q1760473","status":"independent","s":17880101,"e":18101231,"c":7,"country_name":"Principality of Abkhazia","wiki":"Principality of Abkhazia","qid":"Q1760473","rank":-1}},{"type":"Feature","id":1001358,"geometry":{"type":"Point","coordinates":[-5.386,36.231]},"properties":{"code":"Q8680","status":"colony","owner":"200","s":17880101,"e":17931231,"c":4,"country_name":"British Colonial Empire","wiki":"British Empire","qid":"Q8680","rank":0}},{"type":"Feature","id":1001359,"geometry":{"type":"Point","coordinates":[46.839,38.965]},"properties":{"code":"Q406684","status":"independent","s":17880101,"e":17901231,"c":6,"country_name":"Khanates of the Caucasus","wiki":"Khanates of the Caucasus","qid":"Q406684","rank":-20}},{"type":"Feature","id":1001360,"geometry":{"type":"Point","coordinates":[5.089,44.077]},"properties":{"code":"Q1122980","status":"independent","s":17880101,"e":17901231,"c":7,"country_name":"Comtat Venaissin","wiki":"Comtat Venaissin","qid":"Q1122980","rank":0}},{"type":"Feature","id":1001361,"geometry":{"type":"Point","coordinates":[54.015,49.304]},"properties":{"code":"Q1433867","status":"independent","s":17880101,"e":17901231,"c":11,"country_name":"Kazakh Khanate","wiki":"Kazakh Khanate","qid":"Q1433867","rank":-34}},{"type":"Feature","id":1001364,"geometry":{"type":"Point","coordinates":[42.177,42.348]},"properties":{"code":"Q2907860","status":"independent","s":17880101,"e":18081231,"c":2,"country_name":"Principality of Mingrelia","wiki":"Principality of Mingrelia","qid":"Q2907860","rank":-1}},{"type":"Feature","id":1001365,"geometry":{"type":"Point","coordinates":[26.865,52.844]},"properties":{"code":"Q172107","status":"independent","s":17910101,"e":17911231,"c":10,"country_name":"Polish-Lithuanian Commonwealth","wiki":"Polish-Lithuanian Commonwealth","qid":"Q172107","rank":-70}},{"type":"Feature","id":1001366,"geometry":{"type":"Point","coordinates":[54.889,39.714]},"properties":{"code":"Q491106","status":"independent","s":17910101,"e":17961231,"c":7,"country_name":"Khanate of Khiva","wiki":"Khanate of Khiva","qid":"Q491106","rank":-13}},{"type":"Feature","id":1001367,"geometry":{"type":"Point","coordinates":[43.669,55.817]},"properties":{"code":"365","status":"independent","s":17910101,"e":17911231,"c":0,"country_name":"Russian Empire","wiki":"Russian Empire","qid":"Q34266","rank":-603}},{"type":"Feature","id":1001368,"geometry":{"type":"Point","coordinates":[6.021,52.584]},"properties":{"code":"210","status":"independent","s":17910101,"e":17931231,"c":9,"country_name":"Dutch Republic","wiki":"Dutch Republic","qid":"Q170072","rank":-5}},{"type":"Feature","id":1001370,"geometry":{"type":"Point","coordinates":[39.764,37.444]},"properties":{"code":"640","status":"independent","s":17910101,"e":17911231,"c":3,"country_name":"Ottoman Empire","wiki":"Ottoman Empire","qid":"Q12560","rank":-190}},{"type":"Feature","id":1001371,"geometry":{"type":"Point","coordinates":[13.55,51.436]},"properties":{"code":"Q156199","status":"independent","s":17910101,"e":18021231,"c":1,"country_name":"Electorate of Saxony","wiki":"Electorate of Saxony","qid":"Q156199","rank":-4}},{"type":"Feature","id":1001373,"geometry":{"type":"Point","coordinates":[53.557,31.144]},"properties":{"code":"Q97629053","status":"independent","s":17910101,"e":17911231,"c":8,"country_name":"Zand Dynasty","wiki":"Zand dynasty","qid":"Q97629053","rank":-9}},{"type":"Feature","id":1001374,"geometry":{"type":"Point","coordinates":[22.41,47.948]},"properties":{"code":"300","status":"independent","s":17910101,"e":17911231,"c":7,"country_name":"Habsburg Monarchy","wiki":"Habsburg monarchy","qid":"Q66504140","rank":-76}},{"type":"Feature","id":1001375,"geometry":{"type":"Point","coordinates":[17.86,53.935]},"properties":{"code":"255","status":"independent","s":17910101,"e":17911231,"c":6,"country_name":"Kingdom of Prussia","wiki":"Kingdom of Prussia","qid":"Q27306","rank":-26}},{"type":"Feature","id":1001376,"geometry":{"type":"Point","coordinates":[50.123,33.862]},"properties":{"code":"630","status":"independent","s":17910101,"e":17931231,"c":5,"country_name":"Qajar Dynasty","wiki":"Qajar dynasty","qid":"Q189326","rank":-70}},{"type":"Feature","id":1001378,"geometry":{"type":"Point","coordinates":[46.441,39.961]},"properties":{"code":"Q406684","status":"independent","s":17910101,"e":17951231,"c":6,"country_name":"Khanates of the Caucasus","wiki":"Khanates of the Caucasus","qid":"Q406684","rank":-9}},{"type":"Feature","id":1001379,"geometry":{"type":"Point","coordinates":[11.968,48.573]},"properties":{"code":"Q47261","status":"independent","s":17910101,"e":17931231,"c":10,"country_name":"Duchy of Bavaria","wiki":"Duchy of Bavaria","qid":"Q47261","rank":-5}},{"type":"Feature","id":1001380,"geometry":{"type":"Point","coordinates":[8.497,50.709]},"properties":{"code":"Q12548","status":"independent","s":17910101,"e":17931231,"c":8,"country_name":"Holy Roman Empire","wiki":"Holy Roman Empire","qid":"Q12548","rank":-17}},{"type":"Feature","id":1001381,"geometry":{"type":"Point","coordinates":[53.992,49.477]},"properties":{"code":"Q1433867","status":"independent","s":17910101,"e":17951231,"c":11,"country_name":"Kazakh Khanate","wiki":"Kazakh Khanate","qid":"Q1433867","rank":-32}},{"type":"Feature","id":1001382,"geometry":{"type":"Point","coordinates":[2.226,46.743]},"properties":{"code":"220","status":"independent","s":17910101,"e":17911231,"c":1,"country_name":"Kingdom of France","wiki":"Kingdom of France","qid":"Q207162","rank":-62}},{"type":"Feature","id":1001384,"geometry":{"type":"Point","coordinates":[7.482,44.998]},"properties":{"code":"325","status":"independent","s":17920101,"e":17931231,"c":2,"country_name":"Kingdom of Sardinia","wiki":"Kingdom of Sardinia (1720-1861)","qid":"Q2577303","rank":-6}},{"type":"Feature","id":1001385,"geometry":{"type":"Point","coordinates":[8.823,46.954]},"properties":{"code":"225","status":"independent","s":17920101,"e":17931231,"c":4,"country_name":"Swiss Confederation","wiki":"Switzerland","qid":"Q39","rank":-5}},{"type":"Feature","id":1001386,"geometry":{"type":"Point","coordinates":[27.48,47.03]},"properties":{"code":"Q10957559","status":"independent","s":17920101,"e":18061231,"c":5,"country_name":"Principality of Moldavia","wiki":"Moldavia","qid":"Q10957559","rank":-8}},{"type":"Feature","id":1001387,"geometry":{"type":"Point","coordinates":[39.741,37.456]},"properties":{"code":"640","status":"independent","s":17920101,"e":17931231,"c":3,"country_name":"Ottoman Empire","wiki":"Ottoman Empire","qid":"Q12560","rank":-192}},{"type":"Feature","id":1001388,"geometry":{"type":"Point","coordinates":[3.539,35.626]},"properties":{"code":"Q3045696","status":"independent","s":17920101,"e":18291231,"c":10,"country_name":"Regency of Algiers","wiki":"Regency of Algiers","qid":"Q3045696","rank":-21}},{"type":"Feature","id":1001389,"geometry":{"type":"Point","coordinates":[24.561,44.647]},"properties":{"code":"Q171393","status":"independent","s":17920101,"e":18041231,"c":11,"country_name":"Principality of Wallachia","wiki":"Wallachia","qid":"Q171393","rank":-9}},{"type":"Feature","id":1001390,"geometry":{"type":"Point","coordinates":[22.41,47.948]},"properties":{"code":"300","status":"independent","s":17920101,"e":17931231,"c":7,"country_name":"Habsburg Monarchy","wiki":"Habsburg monarchy","qid":"Q66504140","rank":-72}},{"type":"Feature","id":1001391,"geometry":{"type":"Point","coordinates":[17.46,52.587]},"properties":{"code":"255","status":"independent","s":17920101,"e":17931231,"c":6,"country_name":"Kingdom of Prussia","wiki":"Kingdom of Prussia","qid":"Q27306","rank":-34}},{"type":"Feature","id":1001392,"geometry":{"type":"Point","coordinates":[53.557,31.144]},"properties":{"code":"Q97629053","status":"independent","s":17920101,"e":17931231,"c":8,"country_name":"Zand Dynasty","wiki":"Zand dynasty","qid":"Q97629053","rank":-9}},{"type":"Feature","id":1001393,"geometry":{"type":"Point","coordinates":[23.956,52.594]},"properties":{"code":"Q172107","status":"independent","s":17920101,"e":17931231,"c":10,"country_name":"Polish-Lithuanian Commonwealth","wiki":"Polish-Lithuanian Commonwealth","qid":"Q172107","rank":-30}},{"type":"Feature","id":1001394,"geometry":{"type":"Point","coordinates":[43.713,55.817]},"properties":{"code":"365","status":"independent","s":17920101,"e":17931231,"c":0,"country_name":"Russian Empire","wiki":"Russian Empire","qid":"Q34266","rank":-620}},{"type":"Feature","id":1001395,"geometry":{"type":"Point","coordinates":[2.228,46.743]},"properties":{"code":"220","status":"independent","s":17920101,"e":17920920,"c":1,"country_name":"Kingdom of France","wiki":"Kingdom of France","qid":"Q207162","rank":-62}},{"type":"Feature","id":1001396,"geometry":{"type":"Point","coordinates":[2.228,46.743]},"properties":{"code":"220","status":"independent","s":17920921,"e":17931231,"c":1,"country_name":"French First Republic","wiki":"French First Republic","qid":"Q58296","rank":-62}},{"type":"Feature","id":1001397,"geometry":{"type":"Point","coordinates":[22.246,57.069]},"properties":{"code":"Q156038","status":"independent","s":17920101,"e":17931231,"c":1,"country_name":"Duchy of Courland","wiki":"Duchy of Courland and Semigallia","qid":"Q156038","rank":-4}},{"type":"Feature","id":1001399,"geometry":{"type":"Point","coordinates":[11.968,48.573]},"properties":{"code":"Q47261","status":"independent","s":17940101,"e":17951231,"c":10,"country_name":"Duchy of Bavaria","wiki":"Duchy of Bavaria","qid":"Q47261","rank":-5}},{"type":"Feature","id":1001400,"geometry":{"type":"Point","coordinates":[8.476,50.842]},"properties":{"code":"Q12548","status":"independent","s":17940101,"e":17951231,"c":8,"country_name":"Holy Roman Empire","wiki":"Holy Roman Empire","qid":"Q12548","rank":-15}},{"type":"Feature","id":1001401,"geometry":{"type":"Point","coordinates":[7.79,45.099]},"properties":{"code":"325","status":"independent","s":17940101,"e":17951231,"c":2,"country_name":"Kingdom of Sardinia","wiki":"Kingdom of Sardinia (1720-1861)","qid":"Q2577303","rank":-4}},{"type":"Feature","id":1001402,"geometry":{"type":"Point","coordinates":[14.846,31.984]},"properties":{"code":"Q1929987","status":"independent","s":17940101,"e":17951231,"c":0,"country_name":"Karamanli Dynasty","wiki":"Karamanli dynasty","qid":"Q1929987","rank":-7}},{"type":"Feature","id":1001403,"geometry":{"type":"Point","coordinates":[52.602,33.305]},"properties":{"code":"630","status":"independent","s":17940101,"e":17951231,"c":5,"country_name":"Qajar Dynasty","wiki":"Qajar dynasty","qid":"Q189326","rank":-79}},{"type":"Feature","id":1001404,"geometry":{"type":"Point","coordinates":[39.741,37.456]},"properties":{"code":"640","status":"independent","s":17940101,"e":17951231,"c":3,"country_name":"Ottoman Empire","wiki":"Ottoman Empire","qid":"Q12560","rank":-192}},{"type":"Feature","id":1001405,"geometry":{"type":"Point","coordinates":[17.46,52.587]},"properties":{"code":"255","status":"independent","s":17940101,"e":17951231,"c":6,"country_name":"Kingdom of Prussia","wiki":"Kingdom of Prussia","qid":"Q27306","rank":-39}},{"type":"Feature","id":1001406,"geometry":{"type":"Point","coordinates":[8.774,44.548]},"properties":{"code":"Q174306","status":"independent","s":17940101,"e":17951231,"c":5,"country_name":"Republic of Genoa","wiki":"Republic of Genoa","qid":"Q174306","rank":0}},{"type":"Feature","id":1001407,"geometry":{"type":"Point","coordinates":[22.263,48.169]},"properties":{"code":"300","status":"independent","s":17940101,"e":17951231,"c":7,"country_name":"Habsburg Monarchy","wiki":"Habsburg monarchy","qid":"Q66504140","rank":-78}},{"type":"Feature","id":1001408,"geometry":{"type":"Point","coordinates":[-1.637,52.621]},"properties":{"code":"Q23666","status":"independent","s":17940101,"e":17951231,"c":0,"country_name":"Kingdom of Great Britain","wiki":"Great Britain","qid":"Q23666","rank":-33}},{"type":"Feature","id":1001410,"geometry":{"type":"Point","coordinates":[8.765,46.954]},"properties":{"code":"225","status":"independent","s":17940101,"e":17961231,"c":4,"country_name":"Swiss Confederation","wiki":"Switzerland","qid":"Q39","rank":-5}},{"type":"Feature","id":1001412,"geometry":{"type":"Point","coordinates":[2.515,46.822]},"properties":{"code":"220","status":"independent","s":17940101,"e":17951101,"c":1,"country_name":"French First Republic","wiki":"French First Republic","qid":"Q58296","rank":-73}},{"type":"Feature","id":1001413,"geometry":{"type":"Point","coordinates":[2.515,46.822]},"properties":{"code":"220","status":"independent","s":17951102,"e":17951231,"c":1,"country_name":"French Directory","wiki":"French Directory","qid":"Q219817","rank":-73}},{"type":"Feature","id":1001414,"geometry":{"type":"Point","coordinates":[9.535,35.29]},"properties":{"code":"Q4899891","status":"independent","s":17940101,"e":17951231,"c":4,"country_name":"Beylik of Tunis","wiki":"Beylik of Tunis","qid":"Q4899891","rank":-9}},{"type":"Feature","id":1001415,"geometry":{"type":"Point","coordinates":[43.677,55.79]},"properties":{"code":"365","status":"independent","s":17940101,"e":17951231,"c":0,"country_name":"Russian Empire","wiki":"Russian Empire","qid":"Q34266","rank":-643}},{"type":"Feature","id":1001416,"geometry":{"type":"Point","coordinates":[6.004,52.61]},"properties":{"code":"210","status":"independent","s":17940101,"e":17951231,"c":9,"country_name":"Dutch Republic","wiki":"Dutch Republic","qid":"Q170072","rank":-3}},{"type":"Feature","id":1001417,"geometry":{"type":"Point","coordinates":[39.741,37.456]},"properties":{"code":"640","status":"independent","s":17960101,"e":17961231,"c":3,"country_name":"Ottoman Empire","wiki":"Ottoman Empire","qid":"Q12560","rank":-192}},{"type":"Feature","id":1001418,"geometry":{"type":"Point","coordinates":[17.46,52.587]},"properties":{"code":"255","status":"independent","s":17960101,"e":17961231,"c":6,"country_name":"Kingdom of Prussia","wiki":"Kingdom of Prussia","qid":"Q27306","rank":-39}},{"type":"Feature","id":1001419,"geometry":{"type":"Point","coordinates":[22.263,48.169]},"properties":{"code":"300","status":"independent","s":17960101,"e":17961231,"c":7,"country_name":"Habsburg Monarchy","wiki":"Habsburg monarchy","qid":"Q66504140","rank":-78}},{"type":"Feature","id":1001420,"geometry":{"type":"Point","coordinates":[-1.637,52.621]},"properties":{"code":"Q23666","status":"independent","s":17960101,"e":17961231,"c":0,"country_name":"Kingdom of Great Britain","wiki":"Great Britain","qid":"Q23666","rank":-33}},{"type":"Feature","id":1001421,"geometry":{"type":"Point","coordinates":[12.411,46.083]},"properties":{"code":"Q4948","status":"independent","s":17960101,"e":17961231,"c":6,"country_name":"Republic of Venice","wiki":"Republic of Venice","qid":"Q4948","rank":-3}},{"type":"Feature","id":1001422,"geometry":{"type":"Point","coordinates":[6.021,52.584]},"properties":{"code":"210","status":"independent","s":17960101,"e":18021231,"c":9,"country_name":"Batavian Republic","wiki":"Batavian Republic","qid":"Q188553","rank":-5}},{"type":"Feature","id":1001423,"geometry":{"type":"Point","coordinates":[9.535,35.29]},"properties":{"code":"Q4899891","status":"independent","s":17960101,"e":18291231,"c":4,"country_name":"Beylik of Tunis","wiki":"Beylik of Tunis","qid":"Q4899891","rank":-9}},{"type":"Feature","id":1001424,"geometry":{"type":"Point","coordinates":[-3.438,40.092]},"properties":{"code":"230","status":"independent","s":17960101,"e":17961231,"c":11,"country_name":"Kingdom of Spain","wiki":"Spain","qid":"Q29","rank":-52}},{"type":"Feature","id":1001425,"geometry":{"type":"Point","coordinates":[43.759,55.662]},"properties":{"code":"365","status":"independent","s":17960101,"e":17961231,"c":0,"country_name":"Russian Empire","wiki":"Russian Empire","qid":"Q34266","rank":-649}},{"type":"Feature","id":1001427,"geometry":{"type":"Point","coordinates":[2.496,46.811]},"properties":{"code":"220","status":"independent","s":17960101,"e":17961231,"c":1,"country_name":"French Directory","wiki":"French Directory","qid":"Q219817","rank":-78}},{"type":"Feature","id":1001428,"geometry":{"type":"Point","coordinates":[11.968,48.573]},"properties":{"code":"Q47261","status":"independent","s":17960101,"e":17961231,"c":10,"country_name":"Duchy of Bavaria","wiki":"Duchy of Bavaria","qid":"Q47261","rank":-5}},{"type":"Feature","id":1001429,"geometry":{"type":"Point","coordinates":[9.399,52.952]},"properties":{"code":"Q706018","status":"independent","s":17960101,"e":17961231,"c":3,"country_name":"Electorate of Hanover","wiki":"Electorate of Hanover","qid":"Q706018","rank":-4}},{"type":"Feature","id":1001430,"geometry":{"type":"Point","coordinates":[53.992,49.477]},"properties":{"code":"Q1433867","status":"independent","s":17960101,"e":18021231,"c":11,"country_name":"Kazakh Khanate","wiki":"Kazakh Khanate","qid":"Q1433867","rank":-32}},{"type":"Feature","id":1001431,"geometry":{"type":"Point","coordinates":[8.458,50.829]},"properties":{"code":"Q12548","status":"independent","s":17960101,"e":17961231,"c":8,"country_name":"Holy Roman Empire","wiki":"Holy Roman Empire","qid":"Q12548","rank":-11}},{"type":"Feature","id":1001432,"geometry":{"type":"Point","coordinates":[9.017,40.4]},"properties":{"code":"325","status":"independent","s":17960101,"e":17961231,"c":2,"country_name":"Kingdom of Sardinia","wiki":"Kingdom of Sardinia (1720-1861)","qid":"Q2577303","rank":-3}},{"type":"Feature","id":1001433,"geometry":{"type":"Point","coordinates":[44.26,40.722]},"properties":{"code":"Q406684","status":"independent","s":17960101,"e":17961231,"c":6,"country_name":"Khanates of the Caucasus","wiki":"Khanates of the Caucasus","qid":"Q406684","rank":0}},{"type":"Feature","id":1001434,"geometry":{"type":"Point","coordinates":[44.671,41.671]},"properties":{"code":"Q154667","status":"independent","s":17960101,"e":17961231,"c":8,"country_name":"Kingdom of Georgia","wiki":"Kingdom of Georgia","qid":"Q154667","rank":-6}},{"type":"Feature","id":1001435,"geometry":{"type":"Point","coordinates":[1.633,42.545]},"properties":{"code":"Q228","status":"independent","s":17960101,"e":17961231,"c":3,"country_name":"Andorra","wiki":"Andorra","qid":"Q228","rank":0}},{"type":"Feature","id":1001436,"geometry":{"type":"Point","coordinates":[14.846,31.984]},"properties":{"code":"Q1929987","status":"independent","s":17960101,"e":18351231,"c":0,"country_name":"Karamanli Dynasty","wiki":"Karamanli dynasty","qid":"Q1929987","rank":-7}},{"type":"Feature","id":1001437,"geometry":{"type":"Point","coordinates":[51.17,33.31]},"properties":{"code":"630","status":"independent","s":17960101,"e":17961231,"c":5,"country_name":"Qajar Dynasty","wiki":"Qajar dynasty","qid":"Q189326","rank":-83}},{"type":"Feature","id":1001439,"geometry":{"type":"Point","coordinates":[8.79,44.565]},"properties":{"code":"Q659312","status":"independent","s":17970101,"e":17981231,"c":10,"country_name":"Ligurian Republic","wiki":"Ligurian Republic","qid":"Q659312","rank":0}},{"type":"Feature","id":1001440,"geometry":{"type":"Point","coordinates":[54.889,39.714]},"properties":{"code":"Q491106","status":"independent","s":17970101,"e":17991231,"c":7,"country_name":"Khanate of Khiva","wiki":"Khanate of Khiva","qid":"Q491106","rank":-13}},{"type":"Feature","id":1001441,"geometry":{"type":"Point","coordinates":[-3.438,40.092]},"properties":{"code":"230","status":"independent","s":17970101,"e":17981231,"c":11,"country_name":"Kingdom of Spain","wiki":"Spain","qid":"Q29","rank":-52}},{"type":"Feature","id":1001442,"geometry":{"type":"Point","coordinates":[43.784,55.683]},"properties":{"code":"365","status":"independent","s":17970101,"e":17981231,"c":0,"country_name":"Russian Empire","wiki":"Russian Empire","qid":"Q34266","rank":-643}},{"type":"Feature","id":1001443,"geometry":{"type":"Point","coordinates":[39.741,37.456]},"properties":{"code":"640","status":"independent","s":17970101,"e":17981231,"c":3,"country_name":"Ottoman Empire","wiki":"Ottoman Empire","qid":"Q12560","rank":-191}},{"type":"Feature","id":1001444,"geometry":{"type":"Point","coordinates":[-1.637,52.621]},"properties":{"code":"Q23666","status":"independent","s":17970101,"e":17981231,"c":0,"country_name":"Kingdom of Great Britain","wiki":"Great Britain","qid":"Q23666","rank":-33}},{"type":"Feature","id":1001445,"geometry":{"type":"Point","coordinates":[17.46,52.587]},"properties":{"code":"255","status":"independent","s":17970101,"e":18021231,"c":6,"country_name":"Kingdom of Prussia","wiki":"Kingdom of Prussia","qid":"Q27306","rank":-39}},{"type":"Feature","id":1001446,"geometry":{"type":"Point","coordinates":[22.266,48.158]},"properties":{"code":"300","status":"independent","s":17970101,"e":17981231,"c":7,"country_name":"Habsburg Monarchy","wiki":"Habsburg monarchy","qid":"Q66504140","rank":-81}},{"type":"Feature","id":1001447,"geometry":{"type":"Point","coordinates":[8.765,46.954]},"properties":{"code":"225","status":"independent","s":17970101,"e":17981231,"c":4,"country_name":"Swiss Confederation","wiki":"Switzerland","qid":"Q39","rank":-5}},{"type":"Feature","id":1001448,"geometry":{"type":"Point","coordinates":[11.421,43.439]},"properties":{"code":"Q154849","status":"independent","s":17970101,"e":17981231,"c":5,"country_name":"Grand Duchy of Tuscany","wiki":"Grand Duchy of Tuscany","qid":"Q154849","rank":-3}},{"type":"Feature","id":1001449,"geometry":{"type":"Point","coordinates":[7.432,45.297]},"properties":{"code":"325","status":"independent","s":17970101,"e":17991231,"c":2,"country_name":"Kingdom of Sardinia","wiki":"Kingdom of Sardinia (1720-1861)","qid":"Q2577303","rank":-3}},{"type":"Feature","id":1001450,"geometry":{"type":"Point","coordinates":[9.689,45.761]},"properties":{"code":"Q213353","status":"independent","s":17970101,"e":17981231,"c":9,"country_name":"Cisalpine Republic","wiki":"Cisalpine Republic","qid":"Q213353","rank":-5}},{"type":"Feature","id":1001451,"geometry":{"type":"Point","coordinates":[12.593,43.76]},"properties":{"code":"Q238","status":"independent","s":17970101,"e":17981231,"c":5,"country_name":"Republic of San Marino","wiki":"San Marino","qid":"Q238","rank":0}},{"type":"Feature","id":1001452,"geometry":{"type":"Point","coordinates":[44.78,41.671]},"properties":{"code":"Q154667","status":"independent","s":17970101,"e":17991231,"c":8,"country_name":"Kingdom of Georgia","wiki":"Kingdom of Georgia","qid":"Q154667","rank":-6}},{"type":"Feature","id":1001453,"geometry":{"type":"Point","coordinates":[1.629,42.552]},"properties":{"code":"Q228","status":"independent","s":17970101,"e":18021231,"c":3,"country_name":"Andorra","wiki":"Andorra","qid":"Q228","rank":0}},{"type":"Feature","id":1001454,"geometry":{"type":"Point","coordinates":[51.157,33.298]},"properties":{"code":"630","status":"independent","s":17970101,"e":17991231,"c":5,"country_name":"Qajar Dynasty","wiki":"Qajar dynasty","qid":"Q189326","rank":-88}},{"type":"Feature","id":1001456,"geometry":{"type":"Point","coordinates":[12.672,43.102]},"properties":{"code":"Q170174","status":"independent","s":17970101,"e":17981231,"c":3,"country_name":"Papal States","wiki":"Papal States","qid":"Q170174","rank":-3}},{"type":"Feature","id":1001457,"geometry":{"type":"Point","coordinates":[11.968,48.573]},"properties":{"code":"Q47261","status":"independent","s":17970101,"e":18021231,"c":10,"country_name":"Duchy of Bavaria","wiki":"Duchy of Bavaria","qid":"Q47261","rank":-5}},{"type":"Feature","id":1001458,"geometry":{"type":"Point","coordinates":[9.399,52.952]},"properties":{"code":"Q706018","status":"independent","s":17970101,"e":17991231,"c":3,"country_name":"Electorate of Hanover","wiki":"Electorate of Hanover","qid":"Q706018","rank":-4}},{"type":"Feature","id":1001459,"geometry":{"type":"Point","coordinates":[2.496,46.811]},"properties":{"code":"220","status":"independent","s":17970101,"e":17981231,"c":1,"country_name":"French Directory","wiki":"French Directory","qid":"Q219817","rank":-72}},{"type":"Feature","id":1001460,"geometry":{"type":"Point","coordinates":[8.476,50.842]},"properties":{"code":"Q12548","status":"independent","s":17970101,"e":18021231,"c":8,"country_name":"Holy Roman Empire","wiki":"Holy Roman Empire","qid":"Q12548","rank":-15}},{"type":"Feature","id":1001461,"geometry":{"type":"Point","coordinates":[8.823,46.954]},"properties":{"code":"225","status":"independent","s":17990101,"e":17991231,"c":4,"country_name":"Helvetic Republic","wiki":"Helvetic Republic","qid":"Q206696","rank":-5}},{"type":"Feature","id":1001462,"geometry":{"type":"Point","coordinates":[2.496,46.811]},"properties":{"code":"220","status":"independent","s":17990101,"e":17991109,"c":1,"country_name":"French Directory","wiki":"French Directory","qid":"Q219817","rank":-75}},{"type":"Feature","id":1001463,"geometry":{"type":"Point","coordinates":[2.496,46.811]},"properties":{"code":"220","status":"independent","s":17991110,"e":17991231,"c":1,"country_name":"French Consulate","wiki":"French Consulate","qid":"Q877619","rank":-75}},{"type":"Feature","id":1001464,"geometry":{"type":"Point","coordinates":[12.593,43.76]},"properties":{"code":"Q238","status":"independent","s":17990101,"e":17991231,"c":5,"country_name":"Republic of San Marino","wiki":"San Marino","qid":"Q238","rank":0}},{"type":"Feature","id":1001465,"geometry":{"type":"Point","coordinates":[9.597,45.761]},"properties":{"code":"Q213353","status":"independent","s":17990101,"e":17991231,"c":9,"country_name":"Cisalpine Republic","wiki":"Cisalpine Republic","qid":"Q213353","rank":-5}},{"type":"Feature","id":1001466,"geometry":{"type":"Point","coordinates":[12.667,43.095]},"properties":{"code":"Q175881","status":"independent","s":17990101,"e":17991231,"c":3,"country_name":"Revolutionary Roman Republic","wiki":"Roman Republic (1798-1799)","qid":"Q175881","rank":-3}},{"type":"Feature","id":1001467,"geometry":{"type":"Point","coordinates":[22.266,48.158]},"properties":{"code":"300","status":"independent","s":17990101,"e":17991231,"c":7,"country_name":"Habsburg Monarchy","wiki":"Habsburg monarchy","qid":"Q66504140","rank":-81}},{"type":"Feature","id":1001468,"geometry":{"type":"Point","coordinates":[-1.637,52.621]},"properties":{"code":"Q23666","status":"independent","s":17990101,"e":17991231,"c":0,"country_name":"Kingdom of Great Britain","wiki":"Great Britain","qid":"Q23666","rank":-33}},{"type":"Feature","id":1001470,"geometry":{"type":"Point","coordinates":[39.741,37.456]},"properties":{"code":"640","status":"independent","s":17990101,"e":17991231,"c":3,"country_name":"Ottoman Empire","wiki":"Ottoman Empire","qid":"Q12560","rank":-184}},{"type":"Feature","id":1001472,"geometry":{"type":"Point","coordinates":[15.945,40.611]},"properties":{"code":"Q173065","status":"independent","s":17990101,"e":17991231,"c":6,"country_name":"Kingdom of Naples","wiki":"Kingdom of Naples","qid":"Q173065","rank":-10}},{"type":"Feature","id":1001474,"geometry":{"type":"Point","coordinates":[43.784,55.683]},"properties":{"code":"365","status":"independent","s":17990101,"e":18021231,"c":0,"country_name":"Russian Empire","wiki":"Russian Empire","qid":"Q34266","rank":-643}},{"type":"Feature","id":1001475,"geometry":{"type":"Point","coordinates":[-3.438,40.092]},"properties":{"code":"230","status":"independent","s":17990101,"e":17991231,"c":11,"country_name":"Kingdom of Spain","wiki":"Spain","qid":"Q29","rank":-52}},{"type":"Feature","id":1001476,"geometry":{"type":"Point","coordinates":[8.774,44.548]},"properties":{"code":"Q659312","status":"independent","s":17990101,"e":17991231,"c":10,"country_name":"Ligurian Republic","wiki":"Ligurian Republic","qid":"Q659312","rank":0}},{"type":"Feature","id":1002289,"geometry":{"type":"Point","coordinates":[-4.409,56.582]},"properties":{"code":"Q230791","status":"independent","s":16610101,"e":17070430,"c":6,"country_name":"Kingdom of Scotland","wiki":"Kingdom of Scotland","qid":"Q230791","rank":-12}},{"type":"Feature","id":1002290,"geometry":{"type":"Point","coordinates":[13.55,51.436]},"properties":{"code":"Q156199","status":"independent","s":17000101,"e":17561231,"c":1,"country_name":"Electorate of Saxony","wiki":"Electorate of Saxony","qid":"Q156199","rank":-4}},{"type":"Feature","id":1002291,"geometry":{"type":"Point","coordinates":[4.033,39.983]},"properties":{"code":"Q600093","status":"independent","s":17090101,"e":17121231,"c":5,"country_name":"Pro-Habsburg Spain","wiki":"Habsburg Spain","qid":"Q600093","rank":0}},{"type":"Feature","id":1002292,"geometry":{"type":"Point","coordinates":[13.55,51.436]},"properties":{"code":"Q156199","status":"independent","s":17570101,"e":17621231,"c":1,"country_name":"Electorate of Saxony","wiki":"Electorate of Saxony","qid":"Q156199","rank":-4}},{"type":"Feature","id":1002293,"geometry":{"type":"Point","coordinates":[11.407,43.407]},"properties":{"code":"Q154849","status":"independent","s":17380101,"e":17961231,"c":5,"country_name":"Grand Duchy of Tuscany","wiki":"Grand Duchy of Tuscany","qid":"Q154849","rank":-3}}]}