{"type":"FeatureCollection","features":[{"type":"Feature","id":1000015,"geometry":{"type":"Point","coordinates":[17.998,42.856]},"properties":{"code":"Q208169","status":"independent","s":15000101,"e":18091013,"c":11,"country_name":"Republic of Ragusa","wiki":"Republic of Ragusa","qid":"Q208169","rank":0}},{"type":"Feature","id":1000722,"geometry":{"type":"Point","coordinates":[-7.891,40.408]},"properties":{"code":"235","status":"independent","s":16400101,"e":18331231,"c":8,"country_name":"Kingdom of Portugal","wiki":"Kingdom of Portugal","qid":"Q45670","rank":-9}},{"type":"Feature","id":1000840,"geometry":{"type":"Point","coordinates":[-6.261,32.011]},"properties":{"code":"600","status":"independent","s":16700101,"e":18851231,"c":6,"country_name":"Morocco","wiki":"Morocco","qid":"Q1028","rank":-29}},{"type":"Feature","id":1000912,"geometry":{"type":"Point","coordinates":[13.55,51.436]},"properties":{"code":"Q156199","status":"independent","s":16830101,"e":18051231,"c":4,"country_name":"Electorate of Saxony","wiki":"Electorate of Saxony","qid":"Q156199","rank":-4}},{"type":"Feature","id":1001006,"geometry":{"type":"Point","coordinates":[3.998,35.699]},"properties":{"code":"Q3045696","status":"independent","s":17060101,"e":18331231,"c":0,"country_name":"Regency of Algiers","wiki":"Regency of Algiers","qid":"Q3045696","rank":-21}},{"type":"Feature","id":1001030,"geometry":{"type":"Point","coordinates":[-1.632,52.456]},"properties":{"code":"Q23666","status":"independent","s":17070501,"e":18001231,"c":5,"country_name":"Kingdom of Great Britain","wiki":"Great Britain","qid":"Q23666","rank":-30}},{"type":"Feature","id":1001031,"geometry":{"type":"Point","coordinates":[-3.482,39.976]},"properties":{"code":"230","status":"independent","s":17090101,"e":18120125,"c":7,"country_name":"Kingdom of Spain","wiki":"Spain","qid":"Q29","rank":-52}},{"type":"Feature","id":1001121,"geometry":{"type":"Point","coordinates":[9.2,56.1]},"properties":{"code":"390","status":"independent","s":17210101,"e":18140114,"c":8,"country_name":"Denmark-Norway","wiki":"Denmark-Norway","qid":"Q62651","rank":-5}},{"type":"Feature","id":1001124,"geometry":{"type":"Point","coordinates":[9.525,47.195]},"properties":{"code":"Q347","status":"independent","s":17210101,"e":18150608,"c":11,"country_name":"Principality of Liechtenstein","wiki":"Liechtenstein","qid":"Q347","rank":0}},{"type":"Feature","id":1001139,"geometry":{"type":"Point","coordinates":[42.276,41.741]},"properties":{"code":"Q2195101","status":"independent","s":17270101,"e":18101231,"c":8,"country_name":"Principality of Guria","wiki":"Principality of Guria","qid":"Q2195101","rank":0}},{"type":"Feature","id":1001239,"geometry":{"type":"Point","coordinates":[14.36,58.638]},"properties":{"code":"380","status":"independent","s":17440101,"e":18090916,"c":6,"country_name":"Kingdom of Sweden","wiki":"Sweden","qid":"Q34","rank":-139}},{"type":"Feature","id":1001353,"geometry":{"type":"Point","coordinates":[9.551,52.966]},"properties":{"code":"Q706018","status":"independent","s":17630101,"e":18051231,"c":0,"country_name":"Electorate of Hanover","wiki":"Electorate of Hanover","qid":"Q706018","rank":-4}},{"type":"Feature","id":1001368,"geometry":{"type":"Point","coordinates":[27.506,47.056]},"properties":{"code":"Q10957559","status":"independent","s":17690101,"e":18120527,"c":11,"country_name":"Principality of Moldavia","wiki":"Moldavia","qid":"Q10957559","rank":-8}},{"type":"Feature","id":1001405,"geometry":{"type":"Point","coordinates":[24.561,44.647]},"properties":{"code":"Q171393","status":"independent","s":17750101,"e":18091013,"c":5,"country_name":"Principality of Wallachia","wiki":"Wallachia","qid":"Q171393","rank":-8}},{"type":"Feature","id":1001413,"geometry":{"type":"Point","coordinates":[43.174,42.333]},"properties":{"code":"Q1069959","status":"independent","s":17750101,"e":18101231,"c":3,"country_name":"Kingdom of Imereti","wiki":"Kingdom of Imereti","qid":"Q1069959","rank":-1}},{"type":"Feature","id":1001414,"geometry":{"type":"Point","coordinates":[44.835,41.726]},"properties":{"code":"Q154667","status":"independent","s":17750101,"e":18021231,"c":8,"country_name":"Kingdom of Georgia","wiki":"Kingdom of Georgia","qid":"Q154667","rank":-6}},{"type":"Feature","id":1001416,"geometry":{"type":"Point","coordinates":[42.811,42.994]},"properties":{"code":"Q2919545","status":"independent","s":17750101,"e":18101231,"c":1,"country_name":"Principality of Svaneti","wiki":"Principality of Svaneti","qid":"Q2919545","rank":0}},{"type":"Feature","id":1001468,"geometry":{"type":"Point","coordinates":[42.192,42.327]},"properties":{"code":"Q2907860","status":"independent","s":17880101,"e":18101231,"c":5,"country_name":"Principality of Mingrelia","wiki":"Principality of Mingrelia","qid":"Q2907860","rank":-1}},{"type":"Feature","id":1001469,"geometry":{"type":"Point","coordinates":[41.717,42.911]},"properties":{"code":"Q1760473","status":"independent","s":17880101,"e":18101231,"c":6,"country_name":"Principality of Abkhazia","wiki":"Principality of Abkhazia","qid":"Q1760473","rank":-1}},{"type":"Feature","id":1001489,"geometry":{"type":"Point","coordinates":[11.969,48.573]},"properties":{"code":"Q47261","status":"independent","s":17910101,"e":18021231,"c":4,"country_name":"Duchy of Bavaria","wiki":"Duchy of Bavaria","qid":"Q47261","rank":-5}},{"type":"Feature","id":1001492,"geometry":{"type":"Point","coordinates":[53.997,49.415]},"properties":{"code":"Q1433867","status":"independent","s":17910101,"e":18471231,"c":10,"country_name":"Kazakh Khanate","wiki":"Kazakh Khanate","qid":"Q1433867","rank":-32}},{"type":"Feature","id":1001493,"geometry":{"type":"Point","coordinates":[54.847,39.677]},"properties":{"code":"Q491106","status":"independent","s":17910101,"e":18211231,"c":1,"country_name":"Khanate of Khiva","wiki":"Khanate of Khiva","qid":"Q491106","rank":-14}},{"type":"Feature","id":1001519,"geometry":{"type":"Point","coordinates":[9.615,35.33]},"properties":{"code":"Q4899891","status":"independent","s":17940101,"e":18841231,"c":2,"country_name":"Beylik of Tunis","wiki":"Beylik of Tunis","qid":"Q4899891","rank":-9}},{"type":"Feature","id":1001520,"geometry":{"type":"Point","coordinates":[14.907,31.982]},"properties":{"code":"Q1929987","status":"independent","s":17940101,"e":18351231,"c":6,"country_name":"Karamanli Dynasty","wiki":"Karamanli dynasty","qid":"Q1929987","rank":-8}},{"type":"Feature","id":1001535,"geometry":{"type":"Point","coordinates":[17.561,52.552]},"properties":{"code":"255","status":"independent","s":17951024,"e":18021231,"c":5,"country_name":"Kingdom of Prussia","wiki":"Kingdom of Prussia","qid":"Q27306","rank":-38}},{"type":"Feature","id":1001559,"geometry":{"type":"Point","coordinates":[6.275,52.942]},"properties":{"code":"210","status":"independent","s":17960101,"e":18101231,"c":0,"country_name":"Batavian Republic","wiki":"Batavian Republic","qid":"Q188553","rank":-4}},{"type":"Feature","id":1001561,"geometry":{"type":"Point","coordinates":[43.693,55.626]},"properties":{"code":"365","status":"independent","s":17970101,"e":18021231,"c":0,"country_name":"Russian Empire","wiki":"Russian Empire","qid":"Q34266","rank":-643}},{"type":"Feature","id":1001563,"geometry":{"type":"Point","coordinates":[52.671,33.329]},"properties":{"code":"630","status":"independent","s":17970101,"e":18041231,"c":3,"country_name":"Qajar Dynasty","wiki":"Qajar dynasty","qid":"Q189326","rank":-89}},{"type":"Feature","id":1001568,"geometry":{"type":"Point","coordinates":[1.743,42.542]},"properties":{"code":"Q228","status":"independent","s":17971017,"e":18021231,"c":2,"country_name":"Andorra","wiki":"Andorra","qid":"Q228","rank":0}},{"type":"Feature","id":1001575,"geometry":{"type":"Point","coordinates":[8.499,50.819]},"properties":{"code":"Q12548","status":"independent","s":17971017,"e":18021231,"c":9,"country_name":"Holy Roman Empire","wiki":"Holy Roman Empire","qid":"Q12548","rank":-15}},{"type":"Feature","id":1001600,"geometry":{"type":"Point","coordinates":[15.643,40.791]},"properties":{"code":"Q173065","status":"independent","s":17990101,"e":18051231,"c":4,"country_name":"Kingdom of Naples","wiki":"Kingdom of Naples","qid":"Q173065","rank":-8}},{"type":"Feature","id":1001606,"geometry":{"type":"Point","coordinates":[2.482,46.718]},"properties":{"code":"220","status":"independent","s":18000101,"e":18020910,"c":1,"country_name":"French Consulate","wiki":"French Consulate","qid":"Q877619","rank":-70}},{"type":"Feature","id":1001607,"geometry":{"type":"Point","coordinates":[40.771,37.453]},"properties":{"code":"640","status":"independent","s":18000101,"e":18021231,"c":4,"country_name":"Ottoman Empire","wiki":"Ottoman Empire","qid":"Q12560","rank":-134}},{"type":"Feature","id":1001608,"geometry":{"type":"Point","coordinates":[22.313,48.268]},"properties":{"code":"300","status":"independent","s":18000101,"e":18021231,"c":3,"country_name":"Habsburg Monarchy","wiki":"Habsburg monarchy","qid":"Q66504140","rank":-85}},{"type":"Feature","id":1001609,"geometry":{"type":"Point","coordinates":[10.398,44.006]},"properties":{"code":"Q154849","status":"independent","s":18000101,"e":18021231,"c":0,"country_name":"Grand Duchy of Tuscany","wiki":"Grand Duchy of Tuscany","qid":"Q154849","rank":0}},{"type":"Feature","id":1001610,"geometry":{"type":"Point","coordinates":[7.768,45.099]},"properties":{"code":"325","status":"independent","s":18000101,"e":18020910,"c":6,"country_name":"Kingdom of Sardinia","wiki":"Kingdom of Sardinia (1720-1861)","qid":"Q2577303","rank":-4}},{"type":"Feature","id":1001620,"geometry":{"type":"Point","coordinates":[12.815,43.204]},"properties":{"code":"Q170174","status":"independent","s":18000101,"e":18021231,"c":10,"country_name":"Papal States","wiki":"Papal States","qid":"Q170174","rank":-4}},{"type":"Feature","id":1001622,"geometry":{"type":"Point","coordinates":[10.535,44.553]},"properties":{"code":"Q463289","status":"independent","s":18000101,"e":18021231,"c":4,"country_name":"Cispadane Republic","wiki":"Cispadane Republic","qid":"Q463289","rank":-1}},{"type":"Feature","id":1001623,"geometry":{"type":"Point","coordinates":[8.813,46.954]},"properties":{"code":"225","status":"independent","s":18000101,"e":18021231,"c":4,"country_name":"Helvetic Republic","wiki":"Helvetic Republic","qid":"Q206696","rank":-5}},{"type":"Feature","id":1001624,"geometry":{"type":"Point","coordinates":[20.584,38.213]},"properties":{"code":"Q1077630","status":"independent","s":18000101,"e":18151104,"c":7,"country_name":"Septinsular Republic","wiki":"Septinsular Republic","qid":"Q1077630","rank":0}},{"type":"Feature","id":1001627,"geometry":{"type":"Point","coordinates":[-1.632,52.456]},"properties":{"code":"200","status":"independent","s":18010101,"e":18851231,"c":2,"country_name":"United Kingdom of Great Britain and Ireland","wiki":"United Kingdom of Great Britain and Ireland","qid":"Q174193","rank":-30}},{"type":"Feature","id":1001628,"geometry":{"type":"Point","coordinates":[2.482,46.718]},"properties":{"code":"220","status":"independent","s":18020911,"e":18021231,"c":1,"country_name":"French Consulate","wiki":"French Consulate","qid":"Q877619","rank":-74}},{"type":"Feature","id":1001629,"geometry":{"type":"Point","coordinates":[9.065,40.371]},"properties":{"code":"325","status":"independent","s":18020911,"e":18131231,"c":6,"country_name":"Kingdom of Sardinia","wiki":"Kingdom of Sardinia (1720-1861)","qid":"Q2577303","rank":-3}},{"type":"Feature","id":1001630,"geometry":{"type":"Point","coordinates":[1.768,42.524]},"properties":{"code":"Q228","status":"independent","s":18030101,"e":18081231,"c":2,"country_name":"Andorra","wiki":"Andorra","qid":"Q228","rank":0}},{"type":"Feature","id":1001632,"geometry":{"type":"Point","coordinates":[2.574,46.737]},"properties":{"code":"220","status":"independent","s":18030101,"e":18040517,"c":1,"country_name":"French Consulate","wiki":"French Consulate","qid":"Q877619","rank":-76}},{"type":"Feature","id":1001633,"geometry":{"type":"Point","coordinates":[40.81,37.453]},"properties":{"code":"640","status":"independent","s":18030101,"e":18101231,"c":4,"country_name":"Ottoman Empire","wiki":"Ottoman Empire","qid":"Q12560","rank":-140}},{"type":"Feature","id":1001634,"geometry":{"type":"Point","coordinates":[22.309,48.268]},"properties":{"code":"300","status":"independent","s":18030101,"e":18051231,"c":3,"country_name":"Habsburg Monarchy","wiki":"Habsburg monarchy","qid":"Q66504140","rank":-82}},{"type":"Feature","id":1001635,"geometry":{"type":"Point","coordinates":[43.712,55.626]},"properties":{"code":"365","status":"independent","s":18030101,"e":18041231,"c":0,"country_name":"Russian Empire","wiki":"Russian Empire","qid":"Q34266","rank":-649}},{"type":"Feature","id":1001636,"geometry":{"type":"Point","coordinates":[8.848,44.549]},"properties":{"code":"Q659312","status":"independent","s":18030101,"e":18040517,"c":8,"country_name":"Ligurian Republic","wiki":"Ligurian Republic","qid":"Q659312","rank":-1}},{"type":"Feature","id":1001637,"geometry":{"type":"Point","coordinates":[7.808,43.964]},"properties":{"code":"Q659312","status":"independent","s":18040518,"e":18041231,"c":8,"country_name":"Ligurian Republic","wiki":"Ligurian Republic","qid":"Q659312","rank":-1}},{"type":"Feature","id":1001638,"geometry":{"type":"Point","coordinates":[9.303,49.532]},"properties":{"code":"Q12548","status":"independent","s":18030101,"e":18041231,"c":9,"country_name":"Holy Roman Empire","wiki":"Holy Roman Empire","qid":"Q12548","rank":-6}},{"type":"Feature","id":1001639,"geometry":{"type":"Point","coordinates":[7.877,47.858]},"properties":{"code":"Q637238","status":"independent","s":18030101,"e":18051231,"c":3,"country_name":"Electorate of Baden","wiki":"Electorate of Baden","qid":"Q637238","rank":-1}},{"type":"Feature","id":1001640,"geometry":{"type":"Point","coordinates":[12.044,48.691]},"properties":{"code":"Q47261","status":"independent","s":18030101,"e":18041231,"c":4,"country_name":"Duchy of Bavaria","wiki":"Duchy of Bavaria","qid":"Q47261","rank":-6}},{"type":"Feature","id":1001641,"geometry":{"type":"Point","coordinates":[13.131,47.303]},"properties":{"code":"Q646390","status":"independent","s":18030101,"e":18051231,"c":6,"country_name":"Electorate of Salzburg","wiki":"Electorate of Salzburg","qid":"Q646390","rank":-1}},{"type":"Feature","id":1001642,"geometry":{"type":"Point","coordinates":[17.577,52.552]},"properties":{"code":"255","status":"independent","s":18030101,"e":18051231,"c":5,"country_name":"Kingdom of Prussia","wiki":"Kingdom of Prussia","qid":"Q27306","rank":-39}},{"type":"Feature","id":1001643,"geometry":{"type":"Point","coordinates":[8.803,48.86]},"properties":{"code":"Q2172530","status":"independent","s":18030101,"e":18041231,"c":10,"country_name":"Electorate of Württemberg","wiki":"Electorate of Württemberg","qid":"Q2172530","rank":-1}},{"type":"Feature","id":1001651,"geometry":{"type":"Point","coordinates":[12.659,43.083]},"properties":{"code":"Q170174","status":"independent","s":18030101,"e":18051231,"c":10,"country_name":"Papal States","wiki":"Papal States","qid":"Q170174","rank":-3}},{"type":"Feature","id":1001652,"geometry":{"type":"Point","coordinates":[11.278,43.439]},"properties":{"code":"Q223793","status":"independent","s":18030101,"e":18070708,"c":7,"country_name":"Kingdom of Etruria","wiki":"Kingdom of Etruria","qid":"Q223793","rank":-3}},{"type":"Feature","id":1001654,"geometry":{"type":"Point","coordinates":[11.037,44.864]},"properties":{"code":"Q723118","status":"independent","s":18030101,"e":18041231,"c":5,"country_name":"Italian Republic","wiki":"Italian Republic (Napoleonic)","qid":"Q723118","rank":-5}},{"type":"Feature","id":1001655,"geometry":{"type":"Point","coordinates":[10.194,44.088]},"properties":{"code":"Q154849","status":"independent","s":18030101,"e":18070708,"c":0,"country_name":"Grand Duchy of Tuscany","wiki":"Grand Duchy of Tuscany","qid":"Q154849","rank":0}},{"type":"Feature","id":1001656,"geometry":{"type":"Point","coordinates":[8.85,47.097]},"properties":{"code":"225","status":"independent","s":18030101,"e":18051231,"c":4,"country_name":"Helvetic Republic","wiki":"Helvetic Republic","qid":"Q206696","rank":-4}},{"type":"Feature","id":1001663,"geometry":{"type":"Point","coordinates":[9.087,51.04]},"properties":{"code":"Q529605","status":"independent","s":18030101,"e":18041231,"c":2,"country_name":"Electorate of Hesse","wiki":"Electorate of Hesse","qid":"Q529605","rank":-1}},{"type":"Feature","id":1001666,"geometry":{"type":"Point","coordinates":[2.574,46.737]},"properties":{"code":"220","status":"independent","s":18040518,"e":18041231,"c":1,"country_name":"First French Empire","wiki":"First French Empire","qid":"Q71084","rank":-76}},{"type":"Feature","id":1001668,"geometry":{"type":"Point","coordinates":[2.574,46.737]},"properties":{"code":"220","status":"independent","s":18050101,"e":18051231,"c":1,"country_name":"First French Empire","wiki":"First French Empire","qid":"Q71084","rank":-78}},{"type":"Feature","id":1001671,"geometry":{"type":"Point","coordinates":[21.293,43.996]},"properties":{"code":"340","status":"independent","s":18050101,"e":18131007,"c":8,"country_name":"Revolutionary Serbia","wiki":"Revolutionary Serbia","qid":"Q16086793","rank":-5}},{"type":"Feature","id":1001673,"geometry":{"type":"Point","coordinates":[43.679,55.616]},"properties":{"code":"365","status":"independent","s":18050101,"e":18051231,"c":0,"country_name":"Russian Empire","wiki":"Russian Empire","qid":"Q34266","rank":-654}},{"type":"Feature","id":1001674,"geometry":{"type":"Point","coordinates":[7.549,50.814]},"properties":{"code":"Q12548","status":"independent","s":18050101,"e":18051231,"c":9,"country_name":"Holy Roman Empire","wiki":"Holy Roman Empire","qid":"Q12548","rank":-5}},{"type":"Feature","id":1001676,"geometry":{"type":"Point","coordinates":[11.775,48.237]},"properties":{"code":"Q47261","status":"independent","s":18050101,"e":18051231,"c":4,"country_name":"Duchy of Bavaria","wiki":"Duchy of Bavaria","qid":"Q47261","rank":-3}},{"type":"Feature","id":1001679,"geometry":{"type":"Point","coordinates":[8.914,48.823]},"properties":{"code":"Q2172530","status":"independent","s":18050101,"e":18051231,"c":10,"country_name":"Electorate of Württemberg","wiki":"Electorate of Württemberg","qid":"Q2172530","rank":-1}},{"type":"Feature","id":1001680,"geometry":{"type":"Point","coordinates":[52.652,33.341]},"properties":{"code":"630","status":"independent","s":18050101,"e":18051231,"c":3,"country_name":"Qajar Dynasty","wiki":"Qajar dynasty","qid":"Q189326","rank":-87}},{"type":"Feature","id":1001682,"geometry":{"type":"Point","coordinates":[31.089,30.135]},"properties":{"code":"Q3057606","status":"independent","s":18050101,"e":18101231,"c":8,"country_name":"Muhammad Ali dynasty","wiki":"History of Egypt under the Muhammad Ali dynasty","qid":"Q3057606","rank":0}},{"type":"Feature","id":1001683,"geometry":{"type":"Point","coordinates":[48.296,41.919]},"properties":{"code":"630","status":"independent","s":18050101,"e":18051231,"c":3,"country_name":"Qajar Dynasty","wiki":"Qajar dynasty","qid":"Q189326","rank":0}},{"type":"Feature","id":1001685,"geometry":{"type":"Point","coordinates":[43.962,31.874]},"properties":{"code":"Q146871","status":"independent","s":18050101,"e":18150608,"c":9,"country_name":"Emirate of Diriyah","wiki":"Emirate of Diriyah","qid":"Q146871","rank":0}},{"type":"Feature","id":1001687,"geometry":{"type":"Point","coordinates":[11.035,44.864]},"properties":{"code":"Q723118","status":"independent","s":18050101,"e":18050316,"c":5,"country_name":"Italian Republic","wiki":"Italian Republic (Napoleonic)","qid":"Q723118","rank":-5}},{"type":"Feature","id":1001693,"geometry":{"type":"Point","coordinates":[9.086,51.04]},"properties":{"code":"Q529605","status":"independent","s":18050101,"e":18051231,"c":2,"country_name":"Electorate of Hesse","wiki":"Electorate of Hesse","qid":"Q529605","rank":-1}},{"type":"Feature","id":1001694,"geometry":{"type":"Point","coordinates":[11.035,44.864]},"properties":{"code":"Q223936","status":"independent","s":18050317,"e":18051231,"c":9,"country_name":"Kingdom of Italy (Napoleonic)","wiki":"Kingdom of Italy (Napoleonic)","qid":"Q223936","rank":-5}},{"type":"Feature","id":1001695,"geometry":{"type":"Point","coordinates":[2.574,46.737]},"properties":{"code":"220","status":"independent","s":18060101,"e":18070708,"c":1,"country_name":"First French Empire","wiki":"First French Empire","qid":"Q71084","rank":-76}},{"type":"Feature","id":1001698,"geometry":{"type":"Point","coordinates":[22.291,48.23]},"properties":{"code":"300","status":"independent","s":18060101,"e":18091013,"c":3,"country_name":"Austrian Empire","wiki":"Austrian Empire","qid":"Q131964","rank":-79}},{"type":"Feature","id":1001701,"geometry":{"type":"Point","coordinates":[43.714,55.598]},"properties":{"code":"365","status":"independent","s":18060101,"e":18070708,"c":0,"country_name":"Russian Empire","wiki":"Russian Empire","qid":"Q34266","rank":-660}},{"type":"Feature","id":1001703,"geometry":{"type":"Point","coordinates":[10.398,44.006]},"properties":{"code":"Q154849","status":"independent","s":18070709,"e":18131231,"c":0,"country_name":"Grand Duchy of Tuscany","wiki":"Grand Duchy of Tuscany","qid":"Q154849","rank":0}},{"type":"Feature","id":1001704,"geometry":{"type":"Point","coordinates":[10.92,44.887]},"properties":{"code":"Q223936","status":"independent","s":18060101,"e":18091013,"c":9,"country_name":"Kingdom of Italy (Napoleonic)","wiki":"Kingdom of Italy (Napoleonic)","qid":"Q223936","rank":-6}},{"type":"Feature","id":1001705,"geometry":{"type":"Point","coordinates":[7.475,50.754]},"properties":{"code":"Q836680","status":"independent","s":18060101,"e":18070708,"c":3,"country_name":"Duchy of Nassau","wiki":"Duchy of Nassau","qid":"Q836680","rank":-1}},{"type":"Feature","id":1001706,"geometry":{"type":"Point","coordinates":[8.338,50.822]},"properties":{"code":"Q20135","status":"independent","s":18060101,"e":18070708,"c":4,"country_name":"Grand Duchy of Hesse","wiki":"Grand Duchy of Hesse","qid":"Q20135","rank":-3}},{"type":"Feature","id":1001707,"geometry":{"type":"Point","coordinates":[7.968,47.886]},"properties":{"code":"Q186320","status":"independent","s":18060101,"e":18101231,"c":6,"country_name":"Grand Duchy of Baden","wiki":"Grand Duchy of Baden","qid":"Q186320","rank":-1}},{"type":"Feature","id":1001708,"geometry":{"type":"Point","coordinates":[11.412,48.456]},"properties":{"code":"Q154195","status":"independent","s":18060101,"e":18070708,"c":7,"country_name":"Kingdom of Bavaria","wiki":"Kingdom of Bavaria","qid":"Q154195","rank":-10}},{"type":"Feature","id":1001709,"geometry":{"type":"Point","coordinates":[17.585,52.552]},"properties":{"code":"255","status":"independent","s":18060101,"e":18070708,"c":5,"country_name":"Kingdom of Prussia","wiki":"Kingdom of Prussia","qid":"Q27306","rank":-44}},{"type":"Feature","id":1001710,"geometry":{"type":"Point","coordinates":[8.998,48.863]},"properties":{"code":"Q159631","status":"independent","s":18060101,"e":18101231,"c":9,"country_name":"Kingdom of Württemberg","wiki":"Kingdom of Württemberg","qid":"Q159631","rank":-2}},{"type":"Feature","id":1001711,"geometry":{"type":"Point","coordinates":[52.631,33.337]},"properties":{"code":"630","status":"independent","s":18060101,"e":18211231,"c":3,"country_name":"Qajar Dynasty","wiki":"Qajar dynasty","qid":"Q189326","rank":-81}},{"type":"Feature","id":1001712,"geometry":{"type":"Point","coordinates":[48.366,41.885]},"properties":{"code":"630","status":"independent","s":18060101,"e":18250115,"c":3,"country_name":"Qajar Dynasty","wiki":"Qajar dynasty","qid":"Q189326","rank":0}},{"type":"Feature","id":1001715,"geometry":{"type":"Point","coordinates":[10.154,53.467]},"properties":{"code":"Q1055","status":"independent","s":18060101,"e":18101231,"c":10,"country_name":"Free City of Hamburg","wiki":"Hamburg","qid":"Q1055","rank":0}},{"type":"Feature","id":1001717,"geometry":{"type":"Point","coordinates":[12.699,43.083]},"properties":{"code":"Q170174","status":"independent","s":18060101,"e":18090516,"c":10,"country_name":"Papal States","wiki":"Papal States","qid":"Q170174","rank":-3}},{"type":"Feature","id":1001720,"geometry":{"type":"Point","coordinates":[15.642,40.79]},"properties":{"code":"Q173065","status":"independent","s":18060101,"e":18060329,"c":4,"country_name":"Kingdom of Naples","wiki":"Kingdom of Naples","qid":"Q173065","rank":-8}},{"type":"Feature","id":1001721,"geometry":{"type":"Point","coordinates":[8.863,47.052]},"properties":{"code":"225","status":"independent","s":18060101,"e":18101231,"c":4,"country_name":"Helvetic Republic","wiki":"Helvetic Republic","qid":"Q206696","rank":-4}},{"type":"Feature","id":1001722,"geometry":{"type":"Point","coordinates":[9.163,48.225]},"properties":{"code":"Q157013","status":"independent","s":18060101,"e":18150608,"c":8,"country_name":"Principality of Hohenzollern-Sigmaringen","wiki":"Hohenzollern-Sigmaringen","qid":"Q157013","rank":0}},{"type":"Feature","id":1001723,"geometry":{"type":"Point","coordinates":[13.55,51.436]},"properties":{"code":"Q153015","status":"independent","s":18060101,"e":18070708,"c":8,"country_name":"Kingdom of Saxony","wiki":"Kingdom of Saxony","qid":"Q153015","rank":-4}},{"type":"Feature","id":1001724,"geometry":{"type":"Point","coordinates":[12.386,51.08]},"properties":{"code":"Q158151","status":"independent","s":18060101,"e":18131231,"c":4,"country_name":"Saxe-Altenburg","wiki":"Saxe-Altenburg","qid":"Q158151","rank":0}},{"type":"Feature","id":1001725,"geometry":{"type":"Point","coordinates":[11.015,50.56]},"properties":{"code":"Q249428","status":"independent","s":18060101,"e":18070708,"c":11,"country_name":"Grand Duchy of Berg","wiki":"Grand Duchy of Berg","qid":"Q249428","rank":-1}},{"type":"Feature","id":1001726,"geometry":{"type":"Point","coordinates":[10.105,50.979]},"properties":{"code":"Q155570","status":"independent","s":18060101,"e":18070708,"c":3,"country_name":"Grand Duchy of Saxe-Weimar-Eisenach","wiki":"Saxe-Weimar-Eisenach","qid":"Q155570","rank":0}},{"type":"Feature","id":1001727,"geometry":{"type":"Point","coordinates":[12.191,51.74]},"properties":{"code":"Q16550783","status":"independent","s":18060101,"e":18150608,"c":9,"country_name":"Duchy of Anhalt","wiki":"Duchy of Anhalt","qid":"Q16550783","rank":0}},{"type":"Feature","id":1001728,"geometry":{"type":"Point","coordinates":[11.613,50.541]},"properties":{"code":"Q639100","status":"independent","s":18060101,"e":18070708,"c":9,"country_name":"Principality of Reuss-Gera","wiki":"Principality of Reuss-Gera","qid":"Q639100","rank":0}},{"type":"Feature","id":1001729,"geometry":{"type":"Point","coordinates":[9.709,49.917]},"properties":{"code":"Q701969","status":"independent","s":18060101,"e":18101231,"c":4,"country_name":"Principality of Regensburg","wiki":"Principality of Regensburg","qid":"Q701969","rank":-1}},{"type":"Feature","id":1001730,"geometry":{"type":"Point","coordinates":[12.341,53.834]},"properties":{"code":"Q109252949","status":"independent","s":18060101,"e":18150608,"c":2,"country_name":"Duchy of Mecklenburg","wiki":"Duchy of Mecklenburg","qid":"Q109252949","rank":-1}},{"type":"Feature","id":1001731,"geometry":{"type":"Point","coordinates":[13.113,53.504]},"properties":{"code":"Q109252949","status":"independent","s":18060101,"e":18150608,"c":2,"country_name":"Duchy of Mecklenburg","wiki":"Duchy of Mecklenburg","qid":"Q109252949","rank":0}},{"type":"Feature","id":1001735,"geometry":{"type":"Point","coordinates":[8.089,53.216]},"properties":{"code":"Q697084","status":"independent","s":18060101,"e":18101231,"c":2,"country_name":"Duchy of Oldenburg","wiki":"Duchy of Oldenburg","qid":"Q697084","rank":-1}},{"type":"Feature","id":1001738,"geometry":{"type":"Point","coordinates":[10.769,53.969]},"properties":{"code":"Q12548","status":"independent","s":18060101,"e":18070708,"c":9,"country_name":"Holy Roman Empire","wiki":"Holy Roman Empire","qid":"Q12548","rank":0}},{"type":"Feature","id":1001741,"geometry":{"type":"Point","coordinates":[8.65,51.959]},"properties":{"code":"Q14551680","status":"independent","s":18060101,"e":18070708,"c":7,"country_name":"Principality of Lippe","wiki":"Principality of Lippe","qid":"Q14551680","rank":0}},{"type":"Feature","id":1001742,"geometry":{"type":"Point","coordinates":[8.804,53.095]},"properties":{"code":"Q1209","status":"independent","s":18060101,"e":18101231,"c":6,"country_name":"Free City of Bremen","wiki":"History of Bremen (city)","qid":"Q1209","rank":0}},{"type":"Feature","id":1001743,"geometry":{"type":"Point","coordinates":[8.591,53.008]},"properties":{"code":"Q697084","status":"independent","s":18060101,"e":18070708,"c":2,"country_name":"Duchy of Oldenburg","wiki":"Duchy of Oldenburg","qid":"Q697084","rank":0}},{"type":"Feature","id":1001744,"geometry":{"type":"Point","coordinates":[9.904,51.982]},"properties":{"code":"Q12548","status":"independent","s":18060101,"e":18070708,"c":9,"country_name":"Holy Roman Empire","wiki":"Holy Roman Empire","qid":"Q12548","rank":0}},{"type":"Feature","id":1001745,"geometry":{"type":"Point","coordinates":[10.717,53.865]},"properties":{"code":"Q950240","status":"independent","s":18060101,"e":18101231,"c":7,"country_name":"Free City of Lübeck","wiki":"Free City of Lübeck","qid":"Q950240","rank":0}},{"type":"Feature","id":1001747,"geometry":{"type":"Point","coordinates":[8.658,51.43]},"properties":{"code":"Q165763","status":"independent","s":18060101,"e":18150608,"c":11,"country_name":"Principality of Waldeck and Pyrmont","wiki":"Principality of Waldeck and Pyrmont","qid":"Q165763","rank":0}},{"type":"Feature","id":1001748,"geometry":{"type":"Point","coordinates":[8.997,49.764]},"properties":{"code":"Q698089","status":"independent","s":18060101,"e":18070708,"c":5,"country_name":"Grand Duchy of Würzburg","wiki":"Grand Duchy of Würzburg","qid":"Q698089","rank":0}},{"type":"Feature","id":1001749,"geometry":{"type":"Point","coordinates":[15.642,40.79]},"properties":{"code":"Q48779892","status":"independent","s":18060330,"e":18131231,"c":2,"country_name":"Kingdom of Naples (Napoleonic)","wiki":"Kingdom of Naples (Napoleonic)","qid":"Q48779892","rank":-8}},{"type":"Feature","id":1001759,"geometry":{"type":"Point","coordinates":[8.692,50.092]},"properties":{"code":"Q704312","status":"independent","s":18060806,"e":18070708,"c":3,"country_name":"Grand Duchy of Frankfurt","wiki":"Grand Duchy of Frankfurt","qid":"Q704312","rank":0}},{"type":"Feature","id":1001760,"geometry":{"type":"Point","coordinates":[8.696,50.092]},"properties":{"code":"Q704312","status":"independent","s":18070709,"e":18131231,"c":3,"country_name":"Grand Duchy of Frankfurt","wiki":"Grand Duchy of Frankfurt","qid":"Q704312","rank":0}},{"type":"Feature","id":1001772,"geometry":{"type":"Point","coordinates":[2.514,46.73]},"properties":{"code":"220","status":"independent","s":18070709,"e":18091013,"c":1,"country_name":"First French Empire","wiki":"First French Empire","qid":"Q71084","rank":-87}},{"type":"Feature","id":1001774,"geometry":{"type":"Point","coordinates":[43.715,55.598]},"properties":{"code":"365","status":"independent","s":18070709,"e":18090916,"c":0,"country_name":"Russian Empire","wiki":"Russian Empire","qid":"Q34266","rank":-662}},{"type":"Feature","id":1001775,"geometry":{"type":"Point","coordinates":[7.685,50.201]},"properties":{"code":"Q836680","status":"independent","s":18070709,"e":18091013,"c":3,"country_name":"Duchy of Nassau","wiki":"Duchy of Nassau","qid":"Q836680","rank":-1}},{"type":"Feature","id":1001776,"geometry":{"type":"Point","coordinates":[8.086,51.5]},"properties":{"code":"Q20135","status":"independent","s":18070709,"e":18081231,"c":4,"country_name":"Grand Duchy of Hesse","wiki":"Grand Duchy of Hesse","qid":"Q20135","rank":-1}},{"type":"Feature","id":1001777,"geometry":{"type":"Point","coordinates":[11.446,48.49]},"properties":{"code":"Q154195","status":"independent","s":18070709,"e":18091013,"c":7,"country_name":"Kingdom of Bavaria","wiki":"Kingdom of Bavaria","qid":"Q154195","rank":-11}},{"type":"Feature","id":1001778,"geometry":{"type":"Point","coordinates":[11.036,50.612]},"properties":{"code":"Q249428","status":"independent","s":18070709,"e":18091013,"c":11,"country_name":"Grand Duchy of Berg","wiki":"Grand Duchy of Berg","qid":"Q249428","rank":-2}},{"type":"Feature","id":1001780,"geometry":{"type":"Point","coordinates":[14.723,52.883]},"properties":{"code":"255","status":"independent","s":18070709,"e":18091013,"c":5,"country_name":"Kingdom of Prussia","wiki":"Kingdom of Prussia","qid":"Q27306","rank":-21}},{"type":"Feature","id":1001781,"geometry":{"type":"Point","coordinates":[13.675,51.436]},"properties":{"code":"Q153015","status":"independent","s":18070709,"e":18091013,"c":8,"country_name":"Kingdom of Saxony","wiki":"Kingdom of Saxony","qid":"Q153015","rank":-4}},{"type":"Feature","id":1001783,"geometry":{"type":"Point","coordinates":[10.141,50.966]},"properties":{"code":"Q155570","status":"independent","s":18070709,"e":18091013,"c":3,"country_name":"Grand Duchy of Saxe-Weimar-Eisenach","wiki":"Saxe-Weimar-Eisenach","qid":"Q155570","rank":0}},{"type":"Feature","id":1001784,"geometry":{"type":"Point","coordinates":[11.678,50.541]},"properties":{"code":"Q639100","status":"independent","s":18070709,"e":18091013,"c":9,"country_name":"Principality of Reuss-Gera","wiki":"Principality of Reuss-Gera","qid":"Q639100","rank":0}},{"type":"Feature","id":1001787,"geometry":{"type":"Point","coordinates":[6.056,51.882]},"properties":{"code":"255","status":"independent","s":18070709,"e":18101231,"c":5,"country_name":"Kingdom of Prussia","wiki":"Kingdom of Prussia","qid":"Q27306","rank":0}},{"type":"Feature","id":1001789,"geometry":{"type":"Point","coordinates":[8.657,51.949]},"properties":{"code":"Q14551680","status":"independent","s":18070709,"e":18131231,"c":7,"country_name":"Principality of Lippe","wiki":"Principality of Lippe","qid":"Q14551680","rank":0}},{"type":"Feature","id":1001790,"geometry":{"type":"Point","coordinates":[7.637,53.233]},"properties":{"code":"255","status":"independent","s":18070709,"e":18101231,"c":5,"country_name":"Kingdom of Prussia","wiki":"Kingdom of Prussia","qid":"Q27306","rank":0}},{"type":"Feature","id":1001792,"geometry":{"type":"Point","coordinates":[8.994,49.76]},"properties":{"code":"Q698089","status":"independent","s":18070709,"e":18101231,"c":5,"country_name":"Grand Duchy of Würzburg","wiki":"Grand Duchy of Würzburg","qid":"Q698089","rank":0}},{"type":"Feature","id":1001798,"geometry":{"type":"Point","coordinates":[18.746,54.282]},"properties":{"code":"Q901974","status":"independent","s":18070721,"e":18091013,"c":7,"country_name":"Free City of Danzig","wiki":"Free City of Danzig (Napoleonic)","qid":"Q901974","rank":0}},{"type":"Feature","id":1001802,"geometry":{"type":"Point","coordinates":[19.243,51.944]},"properties":{"code":"Q152115","status":"independent","s":18070722,"e":18091013,"c":9,"country_name":"Duchy of Warsaw","wiki":"Duchy of Warsaw","qid":"Q152115","rank":-13}},{"type":"Feature","id":1001805,"geometry":{"type":"Point","coordinates":[8.134,51.5]},"properties":{"code":"Q20135","status":"independent","s":18090101,"e":18101231,"c":4,"country_name":"Grand Duchy of Hesse","wiki":"Grand Duchy of Hesse","qid":"Q20135","rank":-1}},{"type":"Feature","id":1001825,"geometry":{"type":"Point","coordinates":[12.871,43.668]},"properties":{"code":"Q170174","status":"independent","s":18090517,"e":18101231,"c":10,"country_name":"Papal States","wiki":"Papal States","qid":"Q170174","rank":0}},{"type":"Feature","id":1001826,"geometry":{"type":"Point","coordinates":[43.702,55.633]},"properties":{"code":"365","status":"independent","s":18090917,"e":18091013,"c":0,"country_name":"Russian Empire","wiki":"Russian Empire","qid":"Q34266","rank":-722}},{"type":"Feature","id":1001827,"geometry":{"type":"Point","coordinates":[14.349,58.57]},"properties":{"code":"380","status":"independent","s":18090917,"e":18150608,"c":6,"country_name":"Kingdom of Sweden","wiki":"Sweden","qid":"Q34","rank":-79}},{"type":"Feature","id":1001828,"geometry":{"type":"Point","coordinates":[2.574,46.737]},"properties":{"code":"220","status":"independent","s":18091014,"e":18101231,"c":1,"country_name":"First French Empire","wiki":"First French Empire","qid":"Q71084","rank":-76}},{"type":"Feature","id":1001829,"geometry":{"type":"Point","coordinates":[24.625,44.647]},"properties":{"code":"Q171393","status":"independent","s":18091014,"e":18111231,"c":5,"country_name":"Principality of Wallachia","wiki":"Wallachia","qid":"Q171393","rank":-8}},{"type":"Feature","id":1001831,"geometry":{"type":"Point","coordinates":[21.407,47.588]},"properties":{"code":"300","status":"independent","s":18091014,"e":18101231,"c":3,"country_name":"Austrian Empire","wiki":"Austrian Empire","qid":"Q131964","rank":-70}},{"type":"Feature","id":1001832,"geometry":{"type":"Point","coordinates":[43.675,55.633]},"properties":{"code":"365","status":"independent","s":18091014,"e":18101231,"c":0,"country_name":"Russian Empire","wiki":"Russian Empire","qid":"Q34266","rank":-723}},{"type":"Feature","id":1001833,"geometry":{"type":"Point","coordinates":[10.897,44.91]},"properties":{"code":"Q223936","status":"independent","s":18091014,"e":18101231,"c":9,"country_name":"Kingdom of Italy (Napoleonic)","wiki":"Kingdom of Italy (Napoleonic)","qid":"Q223936","rank":-6}},{"type":"Feature","id":1001834,"geometry":{"type":"Point","coordinates":[7.39,50.914]},"properties":{"code":"Q836680","status":"independent","s":18091014,"e":18101231,"c":3,"country_name":"Duchy of Nassau","wiki":"Duchy of Nassau","qid":"Q836680","rank":-2}},{"type":"Feature","id":1001835,"geometry":{"type":"Point","coordinates":[11.58,48.625]},"properties":{"code":"Q154195","status":"independent","s":18091014,"e":18101231,"c":7,"country_name":"Kingdom of Bavaria","wiki":"Kingdom of Bavaria","qid":"Q154195","rank":-10}},{"type":"Feature","id":1001836,"geometry":{"type":"Point","coordinates":[11.002,50.546]},"properties":{"code":"Q249428","status":"independent","s":18091014,"e":18101231,"c":11,"country_name":"Grand Duchy of Berg","wiki":"Grand Duchy of Berg","qid":"Q249428","rank":-2}},{"type":"Feature","id":1001839,"geometry":{"type":"Point","coordinates":[20.716,54.12]},"properties":{"code":"255","status":"independent","s":18091014,"e":18131231,"c":5,"country_name":"Kingdom of Prussia","wiki":"Kingdom of Prussia","qid":"Q27306","rank":-22}},{"type":"Feature","id":1001840,"geometry":{"type":"Point","coordinates":[20.125,51.566]},"properties":{"code":"Q152115","status":"independent","s":18091014,"e":18111231,"c":9,"country_name":"Duchy of Warsaw","wiki":"Duchy of Warsaw","qid":"Q152115","rank":-19}},{"type":"Feature","id":1001841,"geometry":{"type":"Point","coordinates":[13.143,51.342]},"properties":{"code":"Q153015","status":"independent","s":18091014,"e":18101231,"c":8,"country_name":"Kingdom of Saxony","wiki":"Kingdom of Saxony","qid":"Q153015","rank":-4}},{"type":"Feature","id":1001844,"geometry":{"type":"Point","coordinates":[11.105,51.04]},"properties":{"code":"Q155570","status":"independent","s":18091014,"e":18101231,"c":3,"country_name":"Grand Duchy of Saxe-Weimar-Eisenach","wiki":"Saxe-Weimar-Eisenach","qid":"Q155570","rank":0}},{"type":"Feature","id":1001845,"geometry":{"type":"Point","coordinates":[10.139,50.964]},"properties":{"code":"Q155570","status":"independent","s":18110101,"e":18131231,"c":3,"country_name":"Grand Duchy of Saxe-Weimar-Eisenach","wiki":"Saxe-Weimar-Eisenach","qid":"Q155570","rank":0}},{"type":"Feature","id":1001846,"geometry":{"type":"Point","coordinates":[9.436,51.375]},"properties":{"code":"Q153943","status":"independent","s":18091014,"e":18101231,"c":10,"country_name":"Kingdom of Westphalia","wiki":"Kingdom of Westphalia","qid":"Q153943","rank":-6}},{"type":"Feature","id":1001848,"geometry":{"type":"Point","coordinates":[11.613,50.541]},"properties":{"code":"Q639100","status":"independent","s":18091014,"e":18101231,"c":9,"country_name":"Principality of Reuss-Gera","wiki":"Principality of Reuss-Gera","qid":"Q639100","rank":0}},{"type":"Feature","id":1001852,"geometry":{"type":"Point","coordinates":[18.637,54.281]},"properties":{"code":"Q901974","status":"independent","s":18091014,"e":18111231,"c":7,"country_name":"Free City of Danzig","wiki":"Free City of Danzig (Napoleonic)","qid":"Q901974","rank":0}},{"type":"Feature","id":1001853,"geometry":{"type":"Point","coordinates":[2.514,46.73]},"properties":{"code":"220","status":"independent","s":18110101,"e":18120125,"c":1,"country_name":"First French Empire","wiki":"First French Empire","qid":"Q71084","rank":-87}},{"type":"Feature","id":1001855,"geometry":{"type":"Point","coordinates":[40.771,37.453]},"properties":{"code":"640","status":"independent","s":18110101,"e":18111231,"c":4,"country_name":"Ottoman Empire","wiki":"Ottoman Empire","qid":"Q12560","rank":-131}},{"type":"Feature","id":1001856,"geometry":{"type":"Point","coordinates":[21.279,47.5]},"properties":{"code":"300","status":"independent","s":18110101,"e":18111231,"c":3,"country_name":"Austrian Empire","wiki":"Austrian Empire","qid":"Q131964","rank":-64}},{"type":"Feature","id":1001857,"geometry":{"type":"Point","coordinates":[43.675,55.633]},"properties":{"code":"365","status":"independent","s":18110101,"e":18111231,"c":0,"country_name":"Russian Empire","wiki":"Russian Empire","qid":"Q34266","rank":-725}},{"type":"Feature","id":1001858,"geometry":{"type":"Point","coordinates":[11.154,45.645]},"properties":{"code":"Q223936","status":"independent","s":18110101,"e":18131231,"c":9,"country_name":"Kingdom of Italy (Napoleonic)","wiki":"Kingdom of Italy (Napoleonic)","qid":"Q223936","rank":-10}},{"type":"Feature","id":1001859,"geometry":{"type":"Point","coordinates":[7.39,50.913]},"properties":{"code":"Q836680","status":"independent","s":18110101,"e":18131231,"c":3,"country_name":"Duchy of Nassau","wiki":"Duchy of Nassau","qid":"Q836680","rank":-1}},{"type":"Feature","id":1001860,"geometry":{"type":"Point","coordinates":[8.129,51.523]},"properties":{"code":"Q20135","status":"independent","s":18110101,"e":18131231,"c":4,"country_name":"Grand Duchy of Hesse","wiki":"Grand Duchy of Hesse","qid":"Q20135","rank":-1}},{"type":"Feature","id":1001861,"geometry":{"type":"Point","coordinates":[7.926,47.908]},"properties":{"code":"Q186320","status":"independent","s":18110101,"e":18131231,"c":6,"country_name":"Grand Duchy of Baden","wiki":"Grand Duchy of Baden","qid":"Q186320","rank":-2}},{"type":"Feature","id":1001862,"geometry":{"type":"Point","coordinates":[11.488,48.591]},"properties":{"code":"Q154195","status":"independent","s":18110101,"e":18131231,"c":7,"country_name":"Kingdom of Bavaria","wiki":"Kingdom of Bavaria","qid":"Q154195","rank":-10}},{"type":"Feature","id":1001863,"geometry":{"type":"Point","coordinates":[9.514,48.76]},"properties":{"code":"Q159631","status":"independent","s":18110101,"e":18150608,"c":9,"country_name":"Kingdom of Württemberg","wiki":"Kingdom of Württemberg","qid":"Q159631","rank":-2}},{"type":"Feature","id":1001864,"geometry":{"type":"Point","coordinates":[42.256,41.761]},"properties":{"code":"Q2195101","status":"independent","s":18110101,"e":18291231,"c":8,"country_name":"Principality of Guria","wiki":"Principality of Guria","qid":"Q2195101","rank":0}},{"type":"Feature","id":1001865,"geometry":{"type":"Point","coordinates":[42.791,43.008]},"properties":{"code":"Q2919545","status":"independent","s":18110101,"e":18291231,"c":1,"country_name":"Principality of Svaneti","wiki":"Principality of Svaneti","qid":"Q2919545","rank":0}},{"type":"Feature","id":1001866,"geometry":{"type":"Point","coordinates":[41.736,42.853]},"properties":{"code":"Q1760473","status":"independent","s":18110101,"e":18291231,"c":6,"country_name":"Principality of Abkhazia","wiki":"Principality of Abkhazia","qid":"Q1760473","rank":-1}},{"type":"Feature","id":1001868,"geometry":{"type":"Point","coordinates":[31.239,30.754]},"properties":{"code":"Q3057606","status":"independent","s":18110101,"e":18331231,"c":8,"country_name":"Muhammad Ali dynasty","wiki":"History of Egypt under the Muhammad Ali dynasty","qid":"Q3057606","rank":-9}},{"type":"Feature","id":1001878,"geometry":{"type":"Point","coordinates":[8.85,47.097]},"properties":{"code":"225","status":"independent","s":18110101,"e":18131230,"c":4,"country_name":"Helvetic Republic","wiki":"Helvetic Republic","qid":"Q206696","rank":-4}},{"type":"Feature","id":1001881,"geometry":{"type":"Point","coordinates":[13.675,51.436]},"properties":{"code":"Q153015","status":"independent","s":18110101,"e":18131231,"c":8,"country_name":"Kingdom of Saxony","wiki":"Kingdom of Saxony","qid":"Q153015","rank":-4}},{"type":"Feature","id":1001882,"geometry":{"type":"Point","coordinates":[11.039,50.558]},"properties":{"code":"Q249428","status":"independent","s":18110101,"e":18131231,"c":11,"country_name":"Grand Duchy of Berg","wiki":"Grand Duchy of Berg","qid":"Q249428","rank":-1}},{"type":"Feature","id":1001883,"geometry":{"type":"Point","coordinates":[9.447,51.396]},"properties":{"code":"Q153943","status":"independent","s":18110101,"e":18131231,"c":10,"country_name":"Kingdom of Westphalia","wiki":"Kingdom of Westphalia","qid":"Q153943","rank":-5}},{"type":"Feature","id":1001884,"geometry":{"type":"Point","coordinates":[11.649,50.521]},"properties":{"code":"Q639100","status":"independent","s":18110101,"e":18150608,"c":9,"country_name":"Principality of Reuss-Gera","wiki":"Principality of Reuss-Gera","qid":"Q639100","rank":0}},{"type":"Feature","id":1001885,"geometry":{"type":"Point","coordinates":[9.71,49.916]},"properties":{"code":"Q701969","status":"independent","s":18110101,"e":18131231,"c":4,"country_name":"Principality of Regensburg","wiki":"Principality of Regensburg","qid":"Q701969","rank":-1}},{"type":"Feature","id":1001890,"geometry":{"type":"Point","coordinates":[9.112,50.3]},"properties":{"code":"Q698089","status":"independent","s":18110101,"e":18131231,"c":5,"country_name":"Grand Duchy of Würzburg","wiki":"Grand Duchy of Würzburg","qid":"Q698089","rank":-1}},{"type":"Feature","id":1001893,"geometry":{"type":"Point","coordinates":[24.561,44.647]},"properties":{"code":"Q171393","status":"independent","s":18120101,"e":18150608,"c":5,"country_name":"Principality of Wallachia","wiki":"Wallachia","qid":"Q171393","rank":-8}},{"type":"Feature","id":1001894,"geometry":{"type":"Point","coordinates":[40.767,37.448]},"properties":{"code":"640","status":"independent","s":18120101,"e":18291231,"c":4,"country_name":"Ottoman Empire","wiki":"Ottoman Empire","qid":"Q12560","rank":-131}},{"type":"Feature","id":1001895,"geometry":{"type":"Point","coordinates":[21.585,47.653]},"properties":{"code":"300","status":"independent","s":18120101,"e":18131231,"c":3,"country_name":"Austrian Empire","wiki":"Austrian Empire","qid":"Q131964","rank":-64}},{"type":"Feature","id":1001896,"geometry":{"type":"Point","coordinates":[43.675,55.633]},"properties":{"code":"365","status":"independent","s":18120101,"e":18120527,"c":0,"country_name":"Russian Empire","wiki":"Russian Empire","qid":"Q34266","rank":-724}},{"type":"Feature","id":1001902,"geometry":{"type":"Point","coordinates":[27.99,45.366]},"properties":{"code":"365","status":"independent","s":18120101,"e":18120527,"c":0,"country_name":"Russian Empire","wiki":"Russian Empire","qid":"Q34266","rank":0}},{"type":"Feature","id":1001904,"geometry":{"type":"Point","coordinates":[20.29,51.61]},"properties":{"code":"Q152115","status":"independent","s":18120101,"e":18150608,"c":9,"country_name":"Duchy of Warsaw","wiki":"Duchy of Warsaw","qid":"Q152115","rank":-19}},{"type":"Feature","id":1001909,"geometry":{"type":"Point","coordinates":[18.746,54.282]},"properties":{"code":"Q901974","status":"independent","s":18120101,"e":18140101,"c":7,"country_name":"Free City of Danzig","wiki":"Free City of Danzig (Napoleonic)","qid":"Q901974","rank":0}},{"type":"Feature","id":1001911,"geometry":{"type":"Point","coordinates":[2.518,46.726]},"properties":{"code":"220","status":"independent","s":18120126,"e":18131230,"c":1,"country_name":"First French Empire","wiki":"First French Empire","qid":"Q71084","rank":-90}},{"type":"Feature","id":1001912,"geometry":{"type":"Point","coordinates":[-3.482,39.976]},"properties":{"code":"230","status":"independent","s":18120126,"e":18131231,"c":7,"country_name":"Kingdom of Spain","wiki":"Spain","qid":"Q29","rank":-49}},{"type":"Feature","id":1001913,"geometry":{"type":"Point","coordinates":[27.282,46.456]},"properties":{"code":"Q10957559","status":"independent","s":18120528,"e":18150608,"c":11,"country_name":"Principality of Moldavia","wiki":"Moldavia","qid":"Q10957559","rank":-5}},{"type":"Feature","id":1001914,"geometry":{"type":"Point","coordinates":[43.675,55.633]},"properties":{"code":"365","status":"independent","s":18120528,"e":18150608,"c":0,"country_name":"Russian Empire","wiki":"Russian Empire","qid":"Q34266","rank":-728}},{"type":"Feature","id":1001915,"geometry":{"type":"Point","coordinates":[21.293,43.996]},"properties":{"code":"340","status":"independent","s":18131008,"e":18131231,"c":8,"country_name":"Principality of Serbia","wiki":"Principality of Serbia","qid":"Q684030","rank":-5}},{"type":"Feature","id":1001916,"geometry":{"type":"Point","coordinates":[2.489,46.698]},"properties":{"code":"220","status":"independent","s":18131231,"e":18131231,"c":1,"country_name":"First French Empire","wiki":"First French Empire","qid":"Q71084","rank":-90}},{"type":"Feature","id":1001919,"geometry":{"type":"Point","coordinates":[8.854,47.097]},"properties":{"code":"225","status":"independent","s":18131231,"e":18131231,"c":4,"country_name":"Helvetic Republic","wiki":"Helvetic Republic","qid":"Q206696","rank":-4}},{"type":"Feature","id":1001921,"geometry":{"type":"Point","coordinates":[6.01,46.184]},"properties":{"code":"Q23366230","status":"independent","s":18131231,"e":18150518,"c":7,"country_name":"Republic of Geneva","wiki":"Republic of Geneva","qid":"Q23366230","rank":0}},{"type":"Feature","id":1001922,"geometry":{"type":"Point","coordinates":[1.748,45.262]},"properties":{"code":"220","status":"independent","s":18140101,"e":18140405,"c":1,"country_name":"First French Empire","wiki":"First French Empire","qid":"Q71084","rank":-55}},{"type":"Feature","id":1001923,"geometry":{"type":"Point","coordinates":[-3.482,39.976]},"properties":{"code":"230","status":"independent","s":18140101,"e":18730210,"c":7,"country_name":"Kingdom of Spain","wiki":"Spain","qid":"Q29","rank":-52}},{"type":"Feature","id":1001926,"geometry":{"type":"Point","coordinates":[21.317,47.52]},"properties":{"code":"300","status":"independent","s":18140101,"e":18150608,"c":3,"country_name":"Austrian Empire","wiki":"Austrian Empire","qid":"Q131964","rank":-79}},{"type":"Feature","id":1001929,"geometry":{"type":"Point","coordinates":[7.384,43.799]},"properties":{"code":"Q235","status":"independent","s":18140101,"e":18150608,"c":11,"country_name":"Principality of Monaco","wiki":"Monaco","qid":"Q235","rank":0}},{"type":"Feature","id":1001930,"geometry":{"type":"Point","coordinates":[7.617,45.043]},"properties":{"code":"325","status":"independent","s":18140101,"e":18150608,"c":6,"country_name":"Kingdom of Sardinia","wiki":"Kingdom of Sardinia (1720-1861)","qid":"Q2577303","rank":-5}},{"type":"Feature","id":1001931,"geometry":{"type":"Point","coordinates":[8.834,44.566]},"properties":{"code":"Q659312","status":"independent","s":18140101,"e":18140405,"c":8,"country_name":"Ligurian Republic","wiki":"Ligurian Republic","qid":"Q659312","rank":0}},{"type":"Feature","id":1001932,"geometry":{"type":"Point","coordinates":[7.844,43.984]},"properties":{"code":"Q659312","status":"independent","s":18140406,"e":18150608,"c":8,"country_name":"Ligurian Republic","wiki":"Ligurian Republic","qid":"Q659312","rank":0}},{"type":"Feature","id":1001933,"geometry":{"type":"Point","coordinates":[6.07,50.467]},"properties":{"code":"220","status":"independent","s":18140101,"e":18140405,"c":1,"country_name":"First French Empire","wiki":"First French Empire","qid":"Q71084","rank":-12}},{"type":"Feature","id":1001934,"geometry":{"type":"Point","coordinates":[7.35,50.574]},"properties":{"code":"Q836680","status":"independent","s":18140101,"e":18150608,"c":3,"country_name":"Duchy of Nassau","wiki":"Duchy of Nassau","qid":"Q836680","rank":-1}},{"type":"Feature","id":1001935,"geometry":{"type":"Point","coordinates":[8.134,51.5]},"properties":{"code":"Q20135","status":"independent","s":18140101,"e":18150608,"c":4,"country_name":"Grand Duchy of Hesse","wiki":"Grand Duchy of Hesse","qid":"Q20135","rank":-1}},{"type":"Feature","id":1001936,"geometry":{"type":"Point","coordinates":[7.925,47.908]},"properties":{"code":"Q186320","status":"independent","s":18140101,"e":18150608,"c":6,"country_name":"Grand Duchy of Baden","wiki":"Grand Duchy of Baden","qid":"Q186320","rank":-2}},{"type":"Feature","id":1001937,"geometry":{"type":"Point","coordinates":[11.488,48.655]},"properties":{"code":"Q154195","status":"independent","s":18140101,"e":18150608,"c":7,"country_name":"Kingdom of Bavaria","wiki":"Kingdom of Bavaria","qid":"Q154195","rank":-11}},{"type":"Feature","id":1001944,"geometry":{"type":"Point","coordinates":[10.243,53.557]},"properties":{"code":"Q1055","status":"independent","s":18140101,"e":18140530,"c":10,"country_name":"Free City of Hamburg","wiki":"Hamburg","qid":"Q1055","rank":0}},{"type":"Feature","id":1001945,"geometry":{"type":"Point","coordinates":[9.589,52.839]},"properties":{"code":"Q706018","status":"independent","s":18140101,"e":18141011,"c":0,"country_name":"Electorate of Hanover","wiki":"Electorate of Hanover","qid":"Q706018","rank":-5}},{"type":"Feature","id":1001946,"geometry":{"type":"Point","coordinates":[8.01,60.672]},"properties":{"code":"Q20","status":"independent","s":18140101,"e":18150608,"c":4,"country_name":"Kingdom of Norway","wiki":"Norway","qid":"Q20","rank":-57}},{"type":"Feature","id":1001949,"geometry":{"type":"Point","coordinates":[12.79,43.228]},"properties":{"code":"Q170174","status":"independent","s":18140101,"e":18150608,"c":10,"country_name":"Papal States","wiki":"Papal States","qid":"Q170174","rank":-5}},{"type":"Feature","id":1001950,"geometry":{"type":"Point","coordinates":[11.327,43.407]},"properties":{"code":"Q154849","status":"independent","s":18140101,"e":18150608,"c":0,"country_name":"Grand Duchy of Tuscany","wiki":"Grand Duchy of Tuscany","qid":"Q154849","rank":-3}},{"type":"Feature","id":1001951,"geometry":{"type":"Point","coordinates":[15.643,40.79]},"properties":{"code":"Q48779892","status":"independent","s":18140101,"e":18150608,"c":2,"country_name":"Kingdom of Naples (Napoleonic)","wiki":"Kingdom of Naples (Napoleonic)","qid":"Q48779892","rank":-8}},{"type":"Feature","id":1001952,"geometry":{"type":"Point","coordinates":[7.82,46.867]},"properties":{"code":"225","status":"independent","s":18140101,"e":18150518,"c":4,"country_name":"Helvetic Republic","wiki":"Helvetic Republic","qid":"Q206696","rank":-5}},{"type":"Feature","id":1001954,"geometry":{"type":"Point","coordinates":[12.921,52.502]},"properties":{"code":"255","status":"independent","s":18140101,"e":18150608,"c":5,"country_name":"Kingdom of Prussia","wiki":"Kingdom of Prussia","qid":"Q27306","rank":-26}},{"type":"Feature","id":1001956,"geometry":{"type":"Point","coordinates":[14.14,51.53]},"properties":{"code":"Q153015","status":"independent","s":18140101,"e":18150608,"c":8,"country_name":"Kingdom of Saxony","wiki":"Kingdom of Saxony","qid":"Q153015","rank":-3}},{"type":"Feature","id":1001957,"geometry":{"type":"Point","coordinates":[10.548,51.09]},"properties":{"code":"Q158151","status":"independent","s":18140101,"e":18150608,"c":4,"country_name":"Saxe-Altenburg","wiki":"Saxe-Altenburg","qid":"Q158151","rank":0}},{"type":"Feature","id":1001958,"geometry":{"type":"Point","coordinates":[10.2,50.979]},"properties":{"code":"Q155570","status":"independent","s":18140101,"e":18150608,"c":3,"country_name":"Grand Duchy of Saxe-Weimar-Eisenach","wiki":"Saxe-Weimar-Eisenach","qid":"Q155570","rank":0}},{"type":"Feature","id":1001959,"geometry":{"type":"Point","coordinates":[9.101,51.04]},"properties":{"code":"Q529605","status":"independent","s":18140101,"e":18150608,"c":2,"country_name":"Electorate of Hesse","wiki":"Electorate of Hesse","qid":"Q529605","rank":-1}},{"type":"Feature","id":1001960,"geometry":{"type":"Point","coordinates":[9.908,51.988]},"properties":{"code":"Q326029","status":"independent","s":18140101,"e":18150608,"c":3,"country_name":"Duchy of Brunswick","wiki":"Duchy of Brunswick","qid":"Q326029","rank":0}},{"type":"Feature","id":1001966,"geometry":{"type":"Point","coordinates":[6.275,52.942]},"properties":{"code":"Q774783","status":"independent","s":18140101,"e":18150608,"c":11,"country_name":"Sovereign Principality of the United Netherlands","wiki":"Sovereign Principality of the United Netherlands","qid":"Q774783","rank":-4}},{"type":"Feature","id":1001967,"geometry":{"type":"Point","coordinates":[8.09,53.215]},"properties":{"code":"Q697084","status":"independent","s":18140101,"e":18150608,"c":2,"country_name":"Duchy of Oldenburg","wiki":"Duchy of Oldenburg","qid":"Q697084","rank":-1}},{"type":"Feature","id":1001968,"geometry":{"type":"Point","coordinates":[6.107,51.882]},"properties":{"code":"255","status":"independent","s":18140101,"e":18150608,"c":5,"country_name":"Kingdom of Prussia","wiki":"Kingdom of Prussia","qid":"Q27306","rank":0}},{"type":"Feature","id":1001969,"geometry":{"type":"Point","coordinates":[8.59,51.928]},"properties":{"code":"Q14551680","status":"independent","s":18140101,"e":18150608,"c":7,"country_name":"Principality of Lippe","wiki":"Principality of Lippe","qid":"Q14551680","rank":0}},{"type":"Feature","id":1001970,"geometry":{"type":"Point","coordinates":[8.804,53.095]},"properties":{"code":"Q1209","status":"independent","s":18140101,"e":18150608,"c":6,"country_name":"Free City of Bremen","wiki":"History of Bremen (city)","qid":"Q1209","rank":0}},{"type":"Feature","id":1001971,"geometry":{"type":"Point","coordinates":[8.571,53.024]},"properties":{"code":"Q697084","status":"independent","s":18140101,"e":18150608,"c":2,"country_name":"Duchy of Oldenburg","wiki":"Duchy of Oldenburg","qid":"Q697084","rank":0}},{"type":"Feature","id":1001972,"geometry":{"type":"Point","coordinates":[10.717,53.865]},"properties":{"code":"Q950240","status":"independent","s":18140101,"e":18150608,"c":7,"country_name":"Free City of Lübeck","wiki":"Free City of Lübeck","qid":"Q950240","rank":0}},{"type":"Feature","id":1001974,"geometry":{"type":"Point","coordinates":[9.105,50.293]},"properties":{"code":"Q698089","status":"independent","s":18140101,"e":18150608,"c":5,"country_name":"Grand Duchy of Würzburg","wiki":"Grand Duchy of Würzburg","qid":"Q698089","rank":-1}},{"type":"Feature","id":1001975,"geometry":{"type":"Point","coordinates":[8.696,50.092]},"properties":{"code":"Q704300","status":"independent","s":18140101,"e":18150708,"c":6,"country_name":"Free City of Frankfurt","wiki":"Free City of Frankfurt","qid":"Q704300","rank":0}},{"type":"Feature","id":1001980,"geometry":{"type":"Point","coordinates":[9.2,56.1]},"properties":{"code":"390","status":"independent","s":18140115,"e":18150608,"c":8,"country_name":"Denmark","wiki":"Denmark","qid":"Q35","rank":-5}},{"type":"Feature","id":1001982,"geometry":{"type":"Point","coordinates":[1.748,45.262]},"properties":{"code":"220","status":"independent","s":18140406,"e":18150608,"c":1,"country_name":"Bourbon Kingdom of France","wiki":"Bourbon Restoration in France","qid":"Q207162","rank":-55}},{"type":"Feature","id":1001984,"geometry":{"type":"Point","coordinates":[6.07,50.467]},"properties":{"code":"220","status":"independent","s":18140406,"e":18140530,"c":1,"country_name":"Bourbon Kingdom of France","wiki":"Bourbon Restoration in France","qid":"Q207162","rank":-12}},{"type":"Feature","id":1001996,"geometry":{"type":"Point","coordinates":[6.789,49.786]},"properties":{"code":"220","status":"independent","s":18140531,"e":18150608,"c":1,"country_name":"Bourbon Kingdom of France","wiki":"Bourbon Restoration in France","qid":"Q207162","rank":-9}},{"type":"Feature","id":1001999,"geometry":{"type":"Point","coordinates":[10.12,53.565]},"properties":{"code":"Q1055","status":"independent","s":18140531,"e":18150608,"c":10,"country_name":"Free City of Hamburg","wiki":"Hamburg","qid":"Q1055","rank":0}},{"type":"Feature","id":1002004,"geometry":{"type":"Point","coordinates":[4.623,50.779]},"properties":{"code":"Q2536329","status":"independent","s":18140531,"e":18150608,"c":9,"country_name":"Provisional Government of Belgium","wiki":"Provisional Government of Belgium (1814–1815)","qid":"Q2536329","rank":-3}},{"type":"Feature","id":1002007,"geometry":{"type":"Point","coordinates":[9.589,52.839]},"properties":{"code":"Q164079","status":"independent","s":18141012,"e":18150608,"c":1,"country_name":"Kingdom of Hanover","wiki":"Kingdom of Hanover","qid":"Q164079","rank":-5}},{"type":"Feature","id":1002017,"geometry":{"type":"Point","coordinates":[7.771,46.839]},"properties":{"code":"225","status":"independent","s":18150519,"e":18150608,"c":4,"country_name":"Helvetic Republic","wiki":"Helvetic Republic","qid":"Q206696","rank":-5}},{"type":"Feature","id":1002019,"geometry":{"type":"Point","coordinates":[6.216,46.39]},"properties":{"code":"225","status":"independent","s":18150519,"e":18150608,"c":4,"country_name":"Swiss Confederation","wiki":"Switzerland","qid":"Q39","rank":0}},{"type":"Feature","id":1002020,"geometry":{"type":"Point","coordinates":[1.768,42.524]},"properties":{"code":"Q228","status":"independent","s":18150609,"e":18700902,"c":2,"country_name":"Principality of Andorra","wiki":"Andorra","qid":"Q228","rank":0}},{"type":"Feature","id":1002022,"geometry":{"type":"Point","coordinates":[2.361,46.829]},"properties":{"code":"220","status":"independent","s":18150609,"e":18300808,"c":1,"country_name":"Bourbon Kingdom of France","wiki":"Bourbon Restoration in France","qid":"Q207162","rank":-61}},{"type":"Feature","id":1002025,"geometry":{"type":"Point","coordinates":[24.542,44.637]},"properties":{"code":"Q171393","status":"independent","s":18150609,"e":18581231,"c":5,"country_name":"Principality of Wallachia","wiki":"Wallachia","qid":"Q171393","rank":-8}},{"type":"Feature","id":1002027,"geometry":{"type":"Point","coordinates":[21.334,43.937]},"properties":{"code":"340","status":"independent","s":18150609,"e":18471231,"c":8,"country_name":"Principality of Serbia","wiki":"Principality of Serbia","qid":"Q684030","rank":-4}},{"type":"Feature","id":1002028,"geometry":{"type":"Point","coordinates":[11.232,46.755]},"properties":{"code":"300","status":"independent","s":18150609,"e":18160430,"c":3,"country_name":"Austrian Empire","wiki":"Austrian Empire","qid":"Q131964","rank":-5}},{"type":"Feature","id":1002029,"geometry":{"type":"Point","coordinates":[21.193,47.522]},"properties":{"code":"300","status":"independent","s":18150609,"e":18160430,"c":3,"country_name":"Austrian Empire","wiki":"Austrian Empire","qid":"Q131964","src":"ohm","osm":"relation/2961013","rank":-74}},{"type":"Feature","id":1002030,"geometry":{"type":"Point","coordinates":[27.279,46.456]},"properties":{"code":"Q10957559","status":"independent","s":18150609,"e":18561231,"c":11,"country_name":"Principality of Moldavia","wiki":"Moldavia","qid":"Q10957559","rank":-5}},{"type":"Feature","id":1002031,"geometry":{"type":"Point","coordinates":[43.717,55.633]},"properties":{"code":"365","status":"independent","s":18150609,"e":18271231,"c":0,"country_name":"Russian Empire","wiki":"Russian Empire","qid":"Q34266","rank":-742}},{"type":"Feature","id":1002034,"geometry":{"type":"Point","coordinates":[7.889,44.996]},"properties":{"code":"325","status":"independent","s":18150609,"e":18160315,"c":6,"country_name":"Kingdom of Sardinia","wiki":"Kingdom of Sardinia","qid":"Q165154","src":"ohm","osm":"relation/2852041","rank":-6}},{"type":"Feature","id":1002035,"geometry":{"type":"Point","coordinates":[9.873,44.777]},"properties":{"code":"Q165040","status":"independent","s":18150609,"e":18471216,"c":5,"country_name":"Duchy of Parma and Piacenza","wiki":"Duchy of Parma and Piacenza","qid":"Q165040","src":"ohm","osm":"relation/2696938","rank":-1}},{"type":"Feature","id":1002036,"geometry":{"type":"Point","coordinates":[10.71,44.564]},"properties":{"code":"Q252580","status":"independent","s":18150609,"e":18291113,"c":4,"country_name":"Duchy of Modena and Reggio","wiki":"Duchy of Modena and Reggio","qid":"Q252580","src":"ohm","osm":"relation/2747005","rank":-1}},{"type":"Feature","id":1002037,"geometry":{"type":"Point","coordinates":[11.258,43.395]},"properties":{"code":"Q154849","status":"independent","s":18150609,"e":18471216,"c":0,"country_name":"Grand Duchy of Tuscany","wiki":"Grand Duchy of Tuscany","qid":"Q154849","src":"ohm","osm":"relation/2696931","rank":-2}},{"type":"Feature","id":1002038,"geometry":{"type":"Point","coordinates":[7.47,43.798]},"properties":{"code":"Q235","status":"independent","s":18150609,"e":18171107,"c":11,"country_name":"Principality of Monaco","wiki":"Monaco","qid":"Q235","rank":0}},{"type":"Feature","id":1002039,"geometry":{"type":"Point","coordinates":[8.158,53.119]},"properties":{"code":"Q693669","status":"independent","s":18150609,"e":18161231,"c":4,"country_name":"Grand Duchy of Oldenburg","wiki":"Grand Duchy of Oldenburg","qid":"Q693669","src":"ohm","osm":"relation/2697612","rank":-1}},{"type":"Feature","id":1002040,"geometry":{"type":"Point","coordinates":[7.893,49.368]},"properties":{"code":"255","status":"independent","s":18150609,"e":18160430,"c":5,"country_name":"Kingdom of Prussia","wiki":"Kingdom of Prussia","qid":"Q27306","rank":-1}},{"type":"Feature","id":1002041,"geometry":{"type":"Point","coordinates":[7.589,49.743]},"properties":{"code":"Q694269","status":"independent","s":18150609,"e":18660323,"c":0,"country_name":"Landgraviate of Hesse-Homburg","wiki":"Hesse-Homburg","qid":"Q694269","src":"ohm","osm":"relation/2690441","rank":0}},{"type":"Feature","id":1002042,"geometry":{"type":"Point","coordinates":[15.983,52.516]},"properties":{"code":"255","status":"independent","s":18150609,"e":18291022,"c":5,"country_name":"Kingdom of Prussia","wiki":"Kingdom of Prussia","qid":"Q27306","src":"ohm","osm":"relation/2694593","rank":-30}},{"type":"Feature","id":1002044,"geometry":{"type":"Point","coordinates":[8.762,49.834]},"properties":{"code":"Q20135","status":"independent","s":18150609,"e":18660323,"c":4,"country_name":"Grand Duchy of Hesse","wiki":"Grand Duchy of Hesse","qid":"Q20135","src":"ohm","osm":"relation/2661272","rank":-1}},{"type":"Feature","id":1002048,"geometry":{"type":"Point","coordinates":[8.378,49.332]},"properties":{"code":"Q186320","status":"independent","s":18150609,"e":18160430,"c":6,"country_name":"Grand Duchy of Baden","wiki":"Grand Duchy of Baden","qid":"Q186320","rank":0}},{"type":"Feature","id":1002049,"geometry":{"type":"Point","coordinates":[8.049,47.929]},"properties":{"code":"Q186320","status":"independent","s":18150609,"e":18190906,"c":6,"country_name":"Grand Duchy of Baden","wiki":"Grand Duchy of Baden","qid":"Q186320","src":"ohm","osm":"relation/2744913","rank":-2}},{"type":"Feature","id":1002050,"geometry":{"type":"Point","coordinates":[11.629,48.8]},"properties":{"code":"Q154195","status":"independent","s":18150609,"e":18160430,"c":7,"country_name":"Kingdom of Bavaria","wiki":"Kingdom of Bavaria","qid":"Q154195","rank":-8}},{"type":"Feature","id":1002051,"geometry":{"type":"Point","coordinates":[9.589,48.783]},"properties":{"code":"Q159631","status":"independent","s":18150609,"e":18701231,"c":9,"country_name":"Kingdom of Württemberg","wiki":"Kingdom of Württemberg","qid":"Q159631","src":"ohm","osm":"relation/2661271","rank":-2}},{"type":"Feature","id":1002063,"geometry":{"type":"Point","coordinates":[47.138,30.073]},"properties":{"code":"Q146871","status":"independent","s":18150609,"e":18191231,"c":9,"country_name":"Emirate of Diriyah","wiki":"Emirate of Diriyah","qid":"Q146871","rank":0}},{"type":"Feature","id":1002064,"geometry":{"type":"Point","coordinates":[9.2,56.1]},"properties":{"code":"390","status":"independent","s":18150609,"e":18471231,"c":8,"country_name":"Denmark","wiki":"Denmark","qid":"Q35","rank":-6}},{"type":"Feature","id":1002065,"geometry":{"type":"Point","coordinates":[10.736,53.774]},"properties":{"code":"Q950240","status":"independent","s":18150609,"e":18660919,"c":7,"country_name":"Free City of Lübeck","wiki":"Free City of Lübeck","qid":"Q950240","rank":0}},{"type":"Feature","id":1002066,"geometry":{"type":"Point","coordinates":[10.154,53.467]},"properties":{"code":"Q1055","status":"independent","s":18150609,"e":18641029,"c":10,"country_name":"Hamburg","wiki":"Hamburg","qid":"Q1055","src":"ohm","osm":"relation/2856441","rank":0}},{"type":"Feature","id":1002067,"geometry":{"type":"Point","coordinates":[10.272,53.569]},"properties":{"code":"Q1055","status":"independent","s":18150609,"e":18471231,"c":10,"country_name":"Free City of Hamburg","wiki":"Hamburg","qid":"Q1055","rank":0}},{"type":"Feature","id":1002068,"geometry":{"type":"Point","coordinates":[7.15,53.023]},"properties":{"code":"Q164079","status":"independent","s":18150609,"e":18660822,"c":1,"country_name":"Kingdom of Hanover","wiki":"Kingdom of Hanover","qid":"Q164079","rank":0}},{"type":"Feature","id":1002069,"geometry":{"type":"Point","coordinates":[9.929,52.854]},"properties":{"code":"Q164079","status":"independent","s":18150609,"e":18161231,"c":1,"country_name":"Kingdom of Hanover","wiki":"Kingdom of Hanover","qid":"Q164079","src":"ohm","osm":"relation/2745246","rank":-5}},{"type":"Feature","id":1002070,"geometry":{"type":"Point","coordinates":[13.68,61.611]},"properties":{"code":"380","status":"independent","s":18150609,"e":18851231,"c":6,"country_name":"United Kingdoms of Sweden and Norway","wiki":"Union between Sweden and Norway","qid":"Q62589","rank":-136}},{"type":"Feature","id":1002071,"geometry":{"type":"Point","coordinates":[12.773,43.229]},"properties":{"code":"Q170174","status":"independent","s":18150609,"e":18511231,"c":10,"country_name":"Papal States","wiki":"Papal States","qid":"Q170174","src":"ohm","osm":"relation/2696930","rank":-5}},{"type":"Feature","id":1002072,"geometry":{"type":"Point","coordinates":[16.052,40.644]},"properties":{"code":"Q173065","status":"independent","s":18150609,"e":18161207,"c":4,"country_name":"Kingdom of Naples","wiki":"Kingdom of Naples","qid":"Q173065","src":"ohm","osm":"relation/2750052","rank":-8}},{"type":"Feature","id":1002073,"geometry":{"type":"Point","coordinates":[10.527,43.891]},"properties":{"code":"Q158290","status":"independent","s":18150609,"e":18471216,"c":2,"country_name":"Duchy of Lucca","wiki":"Duchy of Lucca","qid":"Q158290","src":"ohm","osm":"relation/2696937","rank":0}},{"type":"Feature","id":1002074,"geometry":{"type":"Point","coordinates":[7.767,46.839]},"properties":{"code":"225","status":"independent","s":18150609,"e":18480229,"c":4,"country_name":"Swiss Confederation","wiki":"Switzerland","qid":"Q39","rank":-5}},{"type":"Feature","id":1002075,"geometry":{"type":"Point","coordinates":[9.218,48.105]},"properties":{"code":"Q157013","status":"independent","s":18150609,"e":18500311,"c":8,"country_name":"Principality of Hohenzollern-Sigmaringen","wiki":"Hohenzollern-Sigmaringen","qid":"Q157013","src":"ohm","osm":"relation/2694607","rank":0}},{"type":"Feature","id":1002076,"geometry":{"type":"Point","coordinates":[8.926,48.342]},"properties":{"code":"Q673865","status":"independent","s":18150609,"e":18500311,"c":6,"country_name":"Principality of Hohenzollern-Hechingen","wiki":"Hohenzollern-Hechingen","qid":"Q673865","src":"ohm","osm":"relation/2698293","rank":0}},{"type":"Feature","id":1002078,"geometry":{"type":"Point","coordinates":[12.158,50.192]},"properties":{"code":"Q672502","status":"independent","s":18150609,"e":18160430,"c":11,"country_name":"Ernestine duchies","wiki":"Ernestine duchies","qid":"Q672502","rank":0}},{"type":"Feature","id":1002079,"geometry":{"type":"Point","coordinates":[13.139,50.971]},"properties":{"code":"Q153015","status":"independent","s":18150609,"e":18441231,"c":8,"country_name":"Kingdom of Saxony","wiki":"Kingdom of Saxony","qid":"Q153015","src":"ohm","osm":"relation/2693578","rank":-2}},{"type":"Feature","id":1002080,"geometry":{"type":"Point","coordinates":[19.56,50.108]},"properties":{"code":"Q501303","status":"independent","s":18150609,"e":18461115,"c":10,"country_name":"Free City of Kraków","wiki":"Free City of Cracow","qid":"Q501303","src":"ohm","osm":"relation/2692575","rank":0}},{"type":"Feature","id":1002081,"geometry":{"type":"Point","coordinates":[10.592,50.939]},"properties":{"code":"Q672502","status":"independent","s":18150609,"e":18191231,"c":11,"country_name":"Ernestine duchies","wiki":"Ernestine duchies","qid":"Q672502","rank":0}},{"type":"Feature","id":1002082,"geometry":{"type":"Point","coordinates":[9.554,51.057]},"properties":{"code":"Q529605","status":"independent","s":18150609,"e":18311222,"c":2,"country_name":"Electorate of Hesse","wiki":"Electorate of Hesse","qid":"Q529605","src":"ohm","osm":"relation/2745247","rank":-1}},{"type":"Feature","id":1002085,"geometry":{"type":"Point","coordinates":[11.507,50.888]},"properties":{"code":"Q672502","status":"independent","s":18150609,"e":18191231,"c":11,"country_name":"Ernestine duchies","wiki":"Ernestine duchies","qid":"Q672502","rank":0}},{"type":"Feature","id":1002086,"geometry":{"type":"Point","coordinates":[10.167,50.679]},"properties":{"code":"Q672502","status":"independent","s":18150609,"e":18160430,"c":11,"country_name":"Ernestine duchies","wiki":"Ernestine duchies","qid":"Q672502","rank":-1}},{"type":"Feature","id":1002087,"geometry":{"type":"Point","coordinates":[10.845,51.337]},"properties":{"code":"Q630163","status":"independent","s":18150609,"e":18670630,"c":1,"country_name":"Principality of Schwarzburg-Sondershausen","wiki":"Schwarzburg-Sondershausen","qid":"Q630163","src":"ohm","osm":"relation/2830677","rank":0}},{"type":"Feature","id":1002090,"geometry":{"type":"Point","coordinates":[11.182,50.651]},"properties":{"code":"Q695316","status":"independent","s":18150609,"e":18241231,"c":2,"country_name":"Principality of Schwarzburg-Rudolstadt","wiki":"Schwarzburg-Rudolstadt","qid":"Q695316","src":"ohm","osm":"relation/2831863","rank":0}},{"type":"Feature","id":1002092,"geometry":{"type":"Point","coordinates":[11.371,51.113]},"properties":{"code":"Q672502","status":"independent","s":18150609,"e":18261111,"c":11,"country_name":"Ernestine duchies","wiki":"Ernestine duchies","qid":"Q672502","rank":0}},{"type":"Feature","id":1002093,"geometry":{"type":"Point","coordinates":[10.685,52.236]},"properties":{"code":"Q326029","status":"independent","s":18150609,"e":18670630,"c":3,"country_name":"Duchy of Brunswick","wiki":"Duchy of Brunswick","qid":"Q326029","src":"ohm","osm":"relation/2691497","rank":0}},{"type":"Feature","id":1002094,"geometry":{"type":"Point","coordinates":[12.406,51.947]},"properties":{"code":"Q686965","status":"independent","s":18150609,"e":18630818,"c":11,"country_name":"Anhalt-Bernburg","wiki":"Anhalt-Bernburg","qid":"Q686965","src":"ohm","osm":"relation/2808603","rank":0}},{"type":"Feature","id":1002095,"geometry":{"type":"Point","coordinates":[12.265,51.78]},"properties":{"code":"Q278874","status":"independent","s":18150609,"e":18530521,"c":7,"country_name":"Anhalt-Dessau","wiki":"Anhalt-Dessau","qid":"Q278874","src":"ohm","osm":"relation/2809697","rank":0}},{"type":"Feature","id":1002096,"geometry":{"type":"Point","coordinates":[11.975,51.732]},"properties":{"code":"Q264970","status":"independent","s":18150609,"e":18530521,"c":9,"country_name":"Anhalt-Köthen","wiki":"Anhalt-Köthen","qid":"Q264970","src":"ohm","osm":"relation/2808604","rank":0}},{"type":"Feature","id":1002097,"geometry":{"type":"Point","coordinates":[12.277,50.849]},"properties":{"code":"Q672502","status":"independent","s":18150609,"e":18261111,"c":11,"country_name":"Ernestine duchies","wiki":"Ernestine duchies","qid":"Q672502","rank":0}},{"type":"Feature","id":1002098,"geometry":{"type":"Point","coordinates":[12.164,50.673]},"properties":{"code":"Q531783","status":"independent","s":18150609,"e":18670630,"c":7,"country_name":"Principality of Reuss-Greiz","wiki":"Principality of Reuss-Greiz","qid":"Q531783","src":"ohm","osm":"relation/2831855","rank":0}},{"type":"Feature","id":1002099,"geometry":{"type":"Point","coordinates":[11.552,50.449]},"properties":{"code":"Q639100","status":"independent","s":18150609,"e":18670630,"c":9,"country_name":"Principality of Reuss-Gera","wiki":"Principality of Reuss-Gera","qid":"Q639100","src":"ohm","osm":"relation/2831854","rank":0}},{"type":"Feature","id":1002101,"geometry":{"type":"Point","coordinates":[11.672,50.758]},"properties":{"code":"Q672502","status":"independent","s":18150609,"e":18160430,"c":11,"country_name":"Ernestine duchies","wiki":"Ernestine duchies","qid":"Q672502","rank":0}},{"type":"Feature","id":1002104,"geometry":{"type":"Point","coordinates":[12.34,53.794]},"properties":{"code":"Q11024667","status":"independent","s":18150609,"e":18150613,"c":9,"country_name":"Duchy of Mecklenburg-Schwerin","wiki":"Duchy of Mecklenburg-Schwerin","qid":"Q11024667","src":"ohm","osm":"relation/2856448","rank":-2}},{"type":"Feature","id":1002105,"geometry":{"type":"Point","coordinates":[13.335,53.463]},"properties":{"code":"Q2751106","status":"independent","s":18150609,"e":18150627,"c":10,"country_name":"Duchy of Mecklenburg-Strelitz","wiki":"Duchy of Mecklenburg-Strelitz","qid":"Q2751106","src":"ohm","osm":"relation/2856450","rank":0}},{"type":"Feature","id":1002107,"geometry":{"type":"Point","coordinates":[6.761,44.691]},"properties":{"code":"325","status":"independent","s":18150609,"e":18600321,"c":6,"country_name":"Kingdom of Sardinia","wiki":"Kingdom of Sardinia (1720-1861)","qid":"Q2577303","rank":0}},{"type":"Feature","id":1002108,"geometry":{"type":"Point","coordinates":[6.996,46.947]},"properties":{"code":"255","status":"independent","s":18150609,"e":18471231,"c":5,"country_name":"Kingdom of Prussia","wiki":"Kingdom of Prussia","qid":"Q27306","rank":0}},{"type":"Feature","id":1002109,"geometry":{"type":"Point","coordinates":[9.555,47.159]},"properties":{"code":"Q347","status":"independent","s":18150609,"e":18160430,"c":11,"country_name":"Liechtenstein","wiki":"Liechtenstein","qid":"Q347","src":"ohm","osm":"relation/2746467","rank":0}},{"type":"Feature","id":1002110,"geometry":{"type":"Point","coordinates":[9.555,47.158]},"properties":{"code":"Q347","status":"independent","s":18160501,"e":18701231,"c":11,"country_name":"Liechtenstein","wiki":"Liechtenstein","qid":"Q347","src":"ohm","osm":"relation/2746467","rank":0}},{"type":"Feature","id":1002112,"geometry":{"type":"Point","coordinates":[5.612,49.909]},"properties":{"code":"Q32","status":"independent","s":18150609,"e":18150823,"c":2,"country_name":"Luxembourg","wiki":"Luxembourg","qid":"Q32","src":"ohm","osm":"relation/2877391","rank":-1}},{"type":"Feature","id":1002113,"geometry":{"type":"Point","coordinates":[5.087,51.457]},"properties":{"code":"210","status":"independent","s":18150609,"e":18150823,"c":0,"country_name":"Netherlands","wiki":"Netherlands","qid":"Q55","rank":-7}},{"type":"Feature","id":1002114,"geometry":{"type":"Point","coordinates":[14.587,37.509]},"properties":{"code":"Q188586","status":"independent","s":18150609,"e":18161207,"c":11,"country_name":"Kingdom of Sicily","wiki":"Kingdom of Sicily","qid":"Q188586","src":"ohm","osm":"relation/2750114","rank":-3}},{"type":"Feature","id":1002115,"geometry":{"type":"Point","coordinates":[10.129,44.068]},"properties":{"code":"Q933592","status":"independent","s":18150609,"e":18291113,"c":1,"country_name":"Duchy of Massa and Carrara","wiki":"Duchy of Massa and Carrara","qid":"Q933592","src":"ohm","osm":"relation/2832340","rank":0}},{"type":"Feature","id":1002116,"geometry":{"type":"Point","coordinates":[8.04,53.534]},"properties":{"code":"Q697084","status":"independent","s":18150609,"e":18171231,"c":2,"country_name":"Duchy of Oldenburg","wiki":"Duchy of Oldenburg","qid":"Q697084","rank":0}},{"type":"Feature","id":1002117,"geometry":{"type":"Point","coordinates":[9.375,47.598]},"properties":{"code":"Q159631","status":"independent","s":18150609,"e":18190906,"c":9,"country_name":"Kingdom of Württemberg","wiki":"Kingdom of Württemberg","qid":"Q159631","rank":0}},{"type":"Feature","id":1002118,"geometry":{"type":"Point","coordinates":[8.91,51.971]},"properties":{"code":"Q14551680","status":"independent","s":18150609,"e":18670630,"c":7,"country_name":"Principality of Lippe","wiki":"Principality of Lippe","qid":"Q14551680","src":"ohm","osm":"relation/2806794","rank":0}},{"type":"Feature","id":1002119,"geometry":{"type":"Point","coordinates":[8.804,53.095]},"properties":{"code":"Q1209","status":"independent","s":18150609,"e":18261231,"c":6,"country_name":"Bremen","wiki":"Bremen (state)","qid":"Q1209","src":"ohm","osm":"relation/2691499","rank":0}},{"type":"Feature","id":1002120,"geometry":{"type":"Point","coordinates":[9.315,51.967]},"properties":{"code":"Q825489","status":"independent","s":18150609,"e":18481231,"c":0,"country_name":"County Pyrmont","qid":"Q825489","src":"ohm","osm":"relation/2690422","rank":0}},{"type":"Feature","id":1002121,"geometry":{"type":"Point","coordinates":[10.869,53.623]},"properties":{"code":"Q109252949","status":"independent","s":18150609,"e":18191231,"c":2,"country_name":"Duchy of Mecklenburg","wiki":"Duchy of Mecklenburg","qid":"Q109252949","rank":0}},{"type":"Feature","id":1002122,"geometry":{"type":"Point","coordinates":[10.717,53.865]},"properties":{"code":"Q950240","status":"independent","s":18150609,"e":18670630,"c":7,"country_name":"History of the Free and Hanseatic City of Lübeck","wiki":"Free City of Lübeck","qid":"Q950240","src":"ohm","osm":"relation/2748578","rank":0}},{"type":"Feature","id":1002125,"geometry":{"type":"Point","coordinates":[9.152,52.326]},"properties":{"code":"Q310650","status":"independent","s":18150609,"e":18670630,"c":10,"country_name":"Schaumburg-Lippe","wiki":"Schaumburg-Lippe","qid":"Q310650","src":"ohm","osm":"relation/2690420","rank":0}},{"type":"Feature","id":1002126,"geometry":{"type":"Point","coordinates":[8.015,50.342]},"properties":{"code":"Q836680","status":"independent","s":18150609,"e":18660919,"c":3,"country_name":"Duchy of Nassau","wiki":"Duchy of Nassau","qid":"Q836680","src":"ohm","osm":"relation/2690443","rank":-1}},{"type":"Feature","id":1002127,"geometry":{"type":"Point","coordinates":[9.017,51.307]},"properties":{"code":"Q165763","status":"independent","s":18150609,"e":18481231,"c":11,"country_name":"Principality of Waldeck","wiki":"Principality of Waldeck and Pyrmont","qid":"Q165763","src":"ohm","osm":"relation/2806795","rank":0}},{"type":"Feature","id":1002128,"geometry":{"type":"Point","coordinates":[9.174,49.917]},"properties":{"code":"Q249428","status":"independent","s":18150609,"e":18160430,"c":11,"country_name":"Grand Duchy of Berg","wiki":"Grand Duchy of Berg","qid":"Q249428","rank":0}},{"type":"Feature","id":1002130,"geometry":{"type":"Point","coordinates":[11.182,44.101]},"properties":{"code":"Q154849","status":"independent","s":18150609,"e":18581231,"c":0,"country_name":"Grand Duchy of Tuscany","wiki":"Grand Duchy of Tuscany","qid":"Q154849","rank":0}},{"type":"Feature","id":1002131,"geometry":{"type":"Point","coordinates":[12.703,50.841]},"properties":{"code":"Q153015","status":"independent","s":18150609,"e":18261111,"c":8,"country_name":"Kingdom of Saxony","wiki":"Kingdom of Saxony","qid":"Q153015","rank":0}},{"type":"Feature","id":1002132,"geometry":{"type":"Point","coordinates":[12.456,43.943]},"properties":{"code":"Q238","status":"independent","s":18150609,"e":18701231,"c":2,"country_name":"San Marino","wiki":"San Marino","qid":"Q238","src":"ohm","osm":"relation/2853735","rank":0}},{"type":"Feature","id":1002178,"geometry":{"type":"Point","coordinates":[12.34,53.794]},"properties":{"code":"Q158445","status":"independent","s":18150614,"e":18670630,"c":0,"country_name":"Grand Duchy of Mecklenburg-Schwerin","wiki":"Grand Duchy of Mecklenburg-Schwerin","qid":"Q158445","src":"ohm","osm":"relation/2830658","rank":-2}},{"type":"Feature","id":1002236,"geometry":{"type":"Point","coordinates":[13.335,53.463]},"properties":{"code":"Q161215","status":"independent","s":18150628,"e":18670630,"c":11,"country_name":"Grand Duchy of Mecklenburg-Strelitz","wiki":"Grand Duchy of Mecklenburg-Strelitz","qid":"Q161215","src":"ohm","osm":"relation/2694810","rank":0}},{"type":"Feature","id":1002304,"geometry":{"type":"Point","coordinates":[8.696,50.092]},"properties":{"code":"Q704300","status":"independent","s":18150709,"e":18661002,"c":6,"country_name":"Free City of Frankfurt","wiki":"Free City of Frankfurt","qid":"Q704300","src":"ohm","osm":"relation/2690440","rank":0}},{"type":"Feature","id":1002356,"geometry":{"type":"Point","coordinates":[5.014,50.965]},"properties":{"code":"210","status":"independent","s":18150824,"e":18301003,"c":0,"country_name":"Netherlands","wiki":"Netherlands","qid":"Q55","rank":-8}},{"type":"Feature","id":1002363,"geometry":{"type":"Point","coordinates":[20.584,38.213]},"properties":{"code":"Q1063498","status":"colony","owner":"200","s":18151105,"e":18151119,"c":2,"country_name":"United States of the Ionian Islands","wiki":"United States of the Ionian Islands","qid":"Q1063498","rank":0}},{"type":"Feature","id":1002407,"geometry":{"type":"Point","coordinates":[20.584,38.213]},"properties":{"code":"Q1063498","status":"independent","s":18151120,"e":18640527,"c":0,"country_name":"United States of the Ionian Islands","wiki":"United States of the Ionian Islands","qid":"Q1063498","src":"ohm","osm":"relation/2827696","rank":0}},{"type":"Feature","id":1002433,"geometry":{"type":"Point","coordinates":[7.889,44.996]},"properties":{"code":"325","status":"independent","s":18160316,"e":18171107,"c":6,"country_name":"Kingdom of Sardinia","wiki":"Kingdom of Sardinia","qid":"Q165154","src":"ohm","osm":"relation/2835578","rank":-6}},{"type":"Feature","id":1002484,"geometry":{"type":"Point","coordinates":[22.97,50.531]},"properties":{"code":"300","status":"independent","s":18160501,"e":18271231,"c":3,"country_name":"Austrian Empire","wiki":"Austrian Empire","qid":"Q131964","rank":-1}},{"type":"Feature","id":1002485,"geometry":{"type":"Point","coordinates":[21.128,47.515]},"properties":{"code":"300","status":"independent","s":18160501,"e":18191003,"c":3,"country_name":"Austrian Empire","wiki":"Austrian Empire","qid":"Q131964","src":"ohm","osm":"relation/2692025","rank":-79}},{"type":"Feature","id":1002491,"geometry":{"type":"Point","coordinates":[18.9,52.884]},"properties":{"code":"255","status":"independent","s":18160501,"e":18190906,"c":5,"country_name":"Kingdom of Prussia","wiki":"Kingdom of Prussia","qid":"Q27306","rank":-1}},{"type":"Feature","id":1002492,"geometry":{"type":"Point","coordinates":[11.654,48.787]},"properties":{"code":"Q154195","status":"independent","s":18160501,"e":18160706,"c":7,"country_name":"Kingdom of Bavaria","wiki":"Kingdom of Bavaria","qid":"Q154195","src":"ohm","osm":"relation/2745050","rank":-9}},{"type":"Feature","id":1002511,"geometry":{"type":"Point","coordinates":[8.601,47.763]},"properties":{"code":"Q186320","status":"independent","s":18160501,"e":18190906,"c":6,"country_name":"Grand Duchy of Baden","wiki":"Grand Duchy of Baden","qid":"Q186320","rank":0}},{"type":"Feature","id":1002515,"geometry":{"type":"Point","coordinates":[10.177,50.706]},"properties":{"code":"Q672502","status":"independent","s":18160501,"e":18190906,"c":11,"country_name":"Ernestine duchies","wiki":"Ernestine duchies","qid":"Q672502","rank":0}},{"type":"Feature","id":1002517,"geometry":{"type":"Point","coordinates":[11.695,50.742]},"properties":{"code":"Q672502","status":"independent","s":18160501,"e":18190906,"c":11,"country_name":"Ernestine duchies","wiki":"Ernestine duchies","qid":"Q672502","rank":0}},{"type":"Feature","id":1002518,"geometry":{"type":"Point","coordinates":[10.957,50.242]},"properties":{"code":"Q672502","status":"independent","s":18160501,"e":18190906,"c":11,"country_name":"Ernestine duchies","wiki":"Ernestine duchies","qid":"Q672502","rank":0}},{"type":"Feature","id":1002519,"geometry":{"type":"Point","coordinates":[9.334,49.693]},"properties":{"code":"Q154195","status":"independent","s":18160501,"e":18160706,"c":7,"country_name":"Kingdom of Bavaria","wiki":"Kingdom of Bavaria","qid":"Q154195","rank":0}},{"type":"Feature","id":1002530,"geometry":{"type":"Point","coordinates":[9.165,49.685]},"properties":{"code":"Q249428","status":"independent","s":18160501,"e":18160706,"c":11,"country_name":"Grand Duchy of Berg","wiki":"Grand Duchy of Berg","qid":"Q249428","rank":0}},{"type":"Feature","id":1002548,"geometry":{"type":"Point","coordinates":[11.676,48.787]},"properties":{"code":"Q154195","status":"independent","s":18160707,"e":18190906,"c":7,"country_name":"Kingdom of Bavaria","wiki":"Kingdom of Bavaria","qid":"Q154195","src":"ohm","osm":"relation/2744896","rank":-9}},{"type":"Feature","id":1002575,"geometry":{"type":"Point","coordinates":[10.523,50.051]},"properties":{"code":"Q154195","status":"independent","s":18160707,"e":18190906,"c":7,"country_name":"Kingdom of Bavaria","wiki":"Kingdom of Bavaria","qid":"Q154195","rank":0}},{"type":"Feature","id":1002586,"geometry":{"type":"Point","coordinates":[8.482,50.223]},"properties":{"code":"Q249428","status":"independent","s":18160707,"e":18190906,"c":11,"country_name":"Grand Duchy of Berg","wiki":"Grand Duchy of Berg","qid":"Q249428","rank":0}},{"type":"Feature","id":1002621,"geometry":{"type":"Point","coordinates":[16.052,40.644]},"properties":{"code":"Q180393","status":"independent","s":18161208,"e":18430910,"c":3,"country_name":"Kingdom of the Two Sicilies","wiki":"Kingdom of the Two Sicilies","qid":"Q180393","src":"ohm","osm":"relation/2661315","rank":-8}},{"type":"Feature","id":1002659,"geometry":{"type":"Point","coordinates":[8.156,53.101]},"properties":{"code":"Q693669","status":"independent","s":18170101,"e":18171231,"c":4,"country_name":"Grand Duchy of Oldenburg","wiki":"Grand Duchy of Oldenburg","qid":"Q693669","src":"ohm","osm":"relation/2807435","rank":-1}},{"type":"Feature","id":1002677,"geometry":{"type":"Point","coordinates":[9.929,52.854]},"properties":{"code":"Q164079","status":"independent","s":18170101,"e":18261231,"c":1,"country_name":"Kingdom of Hanover","wiki":"Kingdom of Hanover","qid":"Q164079","src":"ohm","osm":"relation/2807436","rank":-5}},{"type":"Feature","id":1002715,"geometry":{"type":"Point","coordinates":[7.889,44.996]},"properties":{"code":"325","status":"independent","s":18171108,"e":18471128,"c":6,"country_name":"Kingdom of Sardinia","wiki":"Kingdom of Sardinia","qid":"Q165154","src":"ohm","osm":"relation/2961020","rank":-6}},{"type":"Feature","id":1002770,"geometry":{"type":"Point","coordinates":[8.146,53.093]},"properties":{"code":"Q693669","status":"independent","s":18180101,"e":18421231,"c":4,"country_name":"Grand Duchy of Oldenburg","wiki":"Grand Duchy of Oldenburg","qid":"Q693669","src":"ohm","osm":"relation/2748586","rank":-1}},{"type":"Feature","id":1002807,"geometry":{"type":"Point","coordinates":[8.036,53.522]},"properties":{"code":"Q697084","status":"independent","s":18180101,"e":18191231,"c":2,"country_name":"Duchy of Oldenburg","wiki":"Duchy of Oldenburg","qid":"Q697084","rank":0}},{"type":"Feature","id":1002826,"geometry":{"type":"Point","coordinates":[7.893,49.368]},"properties":{"code":"255","status":"independent","s":18190907,"e":18190907,"c":5,"country_name":"Kingdom of Prussia","wiki":"Kingdom of Prussia","qid":"Q27306","rank":-1}},{"type":"Feature","id":1002827,"geometry":{"type":"Point","coordinates":[7.926,47.908]},"properties":{"code":"Q186320","status":"independent","s":18190907,"e":18190907,"c":6,"country_name":"Grand Duchy of Baden","wiki":"Grand Duchy of Baden","qid":"Q186320","rank":-2}},{"type":"Feature","id":1002828,"geometry":{"type":"Point","coordinates":[11.629,48.8]},"properties":{"code":"Q154195","status":"independent","s":18190907,"e":18190907,"c":7,"country_name":"Kingdom of Bavaria","wiki":"Kingdom of Bavaria","qid":"Q154195","rank":-8}},{"type":"Feature","id":1002847,"geometry":{"type":"Point","coordinates":[8.648,48.987]},"properties":{"code":"Q159631","status":"independent","s":18190907,"e":18190907,"c":9,"country_name":"Kingdom of Württemberg","wiki":"Kingdom of Württemberg","qid":"Q159631","rank":0}},{"type":"Feature","id":1002849,"geometry":{"type":"Point","coordinates":[12.158,50.192]},"properties":{"code":"Q672502","status":"independent","s":18190907,"e":18190907,"c":11,"country_name":"Ernestine duchies","wiki":"Ernestine duchies","qid":"Q672502","rank":0}},{"type":"Feature","id":1002852,"geometry":{"type":"Point","coordinates":[10.167,50.679]},"properties":{"code":"Q672502","status":"independent","s":18190907,"e":18190907,"c":11,"country_name":"Ernestine duchies","wiki":"Ernestine duchies","qid":"Q672502","rank":-1}},{"type":"Feature","id":1002855,"geometry":{"type":"Point","coordinates":[11.672,50.758]},"properties":{"code":"Q672502","status":"independent","s":18190907,"e":18190907,"c":11,"country_name":"Ernestine duchies","wiki":"Ernestine duchies","qid":"Q672502","rank":0}},{"type":"Feature","id":1002863,"geometry":{"type":"Point","coordinates":[9.05,48.063]},"properties":{"code":"Q157013","status":"independent","s":18190907,"e":18190907,"c":8,"country_name":"Principality of Hohenzollern-Sigmaringen","wiki":"Hohenzollern-Sigmaringen","qid":"Q157013","rank":0}},{"type":"Feature","id":1002865,"geometry":{"type":"Point","coordinates":[9.185,49.915]},"properties":{"code":"Q249428","status":"independent","s":18190907,"e":18190907,"c":11,"country_name":"Grand Duchy of Berg","wiki":"Grand Duchy of Berg","qid":"Q249428","rank":0}},{"type":"Feature","id":1002866,"geometry":{"type":"Point","coordinates":[8.607,49.582]},"properties":{"code":"Q20135","status":"independent","s":18190907,"e":18190907,"c":4,"country_name":"Grand Duchy of Hesse","wiki":"Grand Duchy of Hesse","qid":"Q20135","rank":0}},{"type":"Feature","id":1002882,"geometry":{"type":"Point","coordinates":[18.9,52.884]},"properties":{"code":"255","status":"independent","s":18190908,"e":18641029,"c":5,"country_name":"Kingdom of Prussia","wiki":"Kingdom of Prussia","qid":"Q27306","rank":-1}},{"type":"Feature","id":1002883,"geometry":{"type":"Point","coordinates":[11.676,48.787]},"properties":{"code":"Q154195","status":"independent","s":18190908,"e":18251019,"c":7,"country_name":"Kingdom of Bavaria","wiki":"Kingdom of Bavaria","qid":"Q154195","src":"ohm","osm":"relation/2852315","rank":-9}},{"type":"Feature","id":1002886,"geometry":{"type":"Point","coordinates":[7.978,47.999]},"properties":{"code":"Q186320","status":"independent","s":18190908,"e":18701231,"c":6,"country_name":"Grand Duchy of Baden","wiki":"Grand Duchy of Baden","qid":"Q186320","src":"ohm","osm":"relation/2660798","rank":-2}},{"type":"Feature","id":1002905,"geometry":{"type":"Point","coordinates":[8.601,47.763]},"properties":{"code":"Q186320","status":"independent","s":18190908,"e":18490531,"c":6,"country_name":"Grand Duchy of Baden","wiki":"Grand Duchy of Baden","qid":"Q186320","rank":0}},{"type":"Feature","id":1002909,"geometry":{"type":"Point","coordinates":[10.177,50.706]},"properties":{"code":"Q672502","status":"independent","s":18190908,"e":18191231,"c":11,"country_name":"Ernestine duchies","wiki":"Ernestine duchies","qid":"Q672502","rank":0}},{"type":"Feature","id":1002911,"geometry":{"type":"Point","coordinates":[11.695,50.742]},"properties":{"code":"Q672502","status":"independent","s":18190908,"e":18191231,"c":11,"country_name":"Ernestine duchies","wiki":"Ernestine duchies","qid":"Q672502","rank":0}},{"type":"Feature","id":1002912,"geometry":{"type":"Point","coordinates":[10.957,50.242]},"properties":{"code":"Q672502","status":"independent","s":18190908,"e":18191231,"c":11,"country_name":"Ernestine duchies","wiki":"Ernestine duchies","qid":"Q672502","rank":0}},{"type":"Feature","id":1002913,"geometry":{"type":"Point","coordinates":[10.523,50.051]},"properties":{"code":"Q154195","status":"independent","s":18190908,"e":18191231,"c":7,"country_name":"Kingdom of Bavaria","wiki":"Kingdom of Bavaria","qid":"Q154195","rank":0}},{"type":"Feature","id":1002922,"geometry":{"type":"Point","coordinates":[9.375,47.598]},"properties":{"code":"Q159631","status":"independent","s":18190908,"e":18660919,"c":9,"country_name":"Kingdom of Württemberg","wiki":"Kingdom of Württemberg","qid":"Q159631","rank":0}},{"type":"Feature","id":1002924,"geometry":{"type":"Point","coordinates":[8.482,50.223]},"properties":{"code":"Q249428","status":"independent","s":18190908,"e":18191231,"c":11,"country_name":"Grand Duchy of Berg","wiki":"Grand Duchy of Berg","qid":"Q249428","rank":0}},{"type":"Feature","id":1002936,"geometry":{"type":"Point","coordinates":[21.128,47.515]},"properties":{"code":"300","status":"independent","s":18191004,"e":18441231,"c":3,"country_name":"Austrian Empire","wiki":"Austrian Empire","qid":"Q131964","src":"ohm","osm":"relation/2916014","rank":-79}},{"type":"Feature","id":1002987,"geometry":{"type":"Point","coordinates":[7.388,49.64]},"properties":{"code":"Q697084","status":"independent","s":18200101,"e":18261111,"c":2,"country_name":"Duchy of Oldenburg","wiki":"Duchy of Oldenburg","qid":"Q697084","rank":0}},{"type":"Feature","id":1002988,"geometry":{"type":"Point","coordinates":[7.962,49.013]},"properties":{"code":"Q154195","status":"independent","s":18200101,"e":18481231,"c":7,"country_name":"Kingdom of Bavaria","wiki":"Kingdom of Bavaria","qid":"Q154195","rank":0}},{"type":"Feature","id":1002997,"geometry":{"type":"Point","coordinates":[10.79,50.714]},"properties":{"code":"Q672502","status":"independent","s":18200101,"e":18261111,"c":11,"country_name":"Ernestine duchies","wiki":"Ernestine duchies","qid":"Q672502","rank":0}},{"type":"Feature","id":1002998,"geometry":{"type":"Point","coordinates":[11.537,50.962]},"properties":{"code":"Q672502","status":"independent","s":18200101,"e":18261111,"c":11,"country_name":"Ernestine duchies","wiki":"Ernestine duchies","qid":"Q672502","rank":0}},{"type":"Feature","id":1003000,"geometry":{"type":"Point","coordinates":[10.214,50.679]},"properties":{"code":"Q672502","status":"independent","s":18200101,"e":18261111,"c":11,"country_name":"Ernestine duchies","wiki":"Ernestine duchies","qid":"Q672502","rank":0}},{"type":"Feature","id":1003001,"geometry":{"type":"Point","coordinates":[10.254,50.878]},"properties":{"code":"Q672502","status":"independent","s":18200101,"e":18261111,"c":11,"country_name":"Ernestine duchies","wiki":"Ernestine duchies","qid":"Q672502","rank":0}},{"type":"Feature","id":1003002,"geometry":{"type":"Point","coordinates":[11.2,51.055]},"properties":{"code":"Q672502","status":"independent","s":18200101,"e":18261111,"c":11,"country_name":"Ernestine duchies","wiki":"Ernestine duchies","qid":"Q672502","rank":0}},{"type":"Feature","id":1003003,"geometry":{"type":"Point","coordinates":[11.785,50.749]},"properties":{"code":"Q672502","status":"independent","s":18200101,"e":18261111,"c":11,"country_name":"Ernestine duchies","wiki":"Ernestine duchies","qid":"Q672502","rank":0}},{"type":"Feature","id":1003004,"geometry":{"type":"Point","coordinates":[10.906,50.383]},"properties":{"code":"Q672502","status":"independent","s":18200101,"e":18261111,"c":11,"country_name":"Ernestine duchies","wiki":"Ernestine duchies","qid":"Q672502","rank":0}},{"type":"Feature","id":1003005,"geometry":{"type":"Point","coordinates":[10.914,50.201]},"properties":{"code":"Q672502","status":"independent","s":18200101,"e":18261111,"c":11,"country_name":"Ernestine duchies","wiki":"Ernestine duchies","qid":"Q672502","rank":0}},{"type":"Feature","id":1003009,"geometry":{"type":"Point","coordinates":[10.85,53.623]},"properties":{"code":"Q109252949","status":"independent","s":18200101,"e":18660822,"c":2,"country_name":"Duchy of Mecklenburg","wiki":"Duchy of Mecklenburg","qid":"Q109252949","rank":0}},{"type":"Feature","id":1003010,"geometry":{"type":"Point","coordinates":[8.482,50.223]},"properties":{"code":"Q20135","status":"independent","s":18200101,"e":18660822,"c":4,"country_name":"Grand Duchy of Hesse","wiki":"Grand Duchy of Hesse","qid":"Q20135","rank":0}},{"type":"Feature","id":1003012,"geometry":{"type":"Point","coordinates":[7.317,49.534]},"properties":{"code":"Q547629","status":"independent","s":18200101,"e":18261111,"c":4,"country_name":"Principality of Lichtenberg","wiki":"Principality of Lichtenberg","qid":"Q547629","rank":0}},{"type":"Feature","id":1003015,"geometry":{"type":"Point","coordinates":[52.631,33.337]},"properties":{"code":"630","status":"independent","s":18220101,"e":18271231,"c":3,"country_name":"Qajar Dynasty","wiki":"Qajar dynasty","qid":"Q189326","rank":-80}},{"type":"Feature","id":1003017,"geometry":{"type":"Point","coordinates":[54.847,39.703]},"properties":{"code":"Q491106","status":"independent","s":18220101,"e":18631231,"c":1,"country_name":"Khanate of Khiva","wiki":"Khanate of Khiva","qid":"Q491106","rank":-15}},{"type":"Feature","id":1003025,"geometry":{"type":"Point","coordinates":[22.193,37.604]},"properties":{"code":"Q528546","status":"independent","s":18220101,"e":18231231,"c":6,"country_name":"First Hellenic Republic","wiki":"First Hellenic Republic","qid":"Q528546","rank":-3}},{"type":"Feature","id":1003030,"geometry":{"type":"Point","coordinates":[22.184,37.595]},"properties":{"code":"Q528546","status":"independent","s":18240101,"e":18241231,"c":6,"country_name":"First Hellenic Republic","wiki":"First Hellenic Republic","qid":"Q528546","rank":-2}},{"type":"Feature","id":1003076,"geometry":{"type":"Point","coordinates":[11.182,50.651]},"properties":{"code":"Q695316","status":"independent","s":18250101,"e":18670630,"c":2,"country_name":"Principality of Schwarzburg-Rudolstadt","wiki":"Schwarzburg-Rudolstadt","qid":"Q695316","src":"ohm","osm":"relation/2830674","rank":0}},{"type":"Feature","id":1003082,"geometry":{"type":"Point","coordinates":[22.605,37.117]},"properties":{"code":"Q528546","status":"independent","s":18250101,"e":18271231,"c":6,"country_name":"First Hellenic Republic","wiki":"First Hellenic Republic","qid":"Q528546","rank":-2}},{"type":"Feature","id":1003109,"geometry":{"type":"Point","coordinates":[11.676,48.787]},"properties":{"code":"Q154195","status":"independent","s":18251020,"e":18251208,"c":7,"country_name":"Kingdom of Bavaria","wiki":"Kingdom of Bavaria","qid":"Q154195","src":"ohm","osm":"relation/2913645","rank":-9}},{"type":"Feature","id":1003169,"geometry":{"type":"Point","coordinates":[11.676,48.787]},"properties":{"code":"Q154195","status":"independent","s":18251209,"e":18520512,"c":7,"country_name":"Kingdom of Bavaria","wiki":"Kingdom of Bavaria","qid":"Q154195","src":"ohm","osm":"relation/2912841","rank":-9}},{"type":"Feature","id":1003228,"geometry":{"type":"Point","coordinates":[10.654,50.922]},"properties":{"code":"Q3462133","status":"independent","s":18261112,"e":18340530,"c":6,"country_name":"Duchy of Saxe-Coburg and Gotha","wiki":"Saxe-Coburg and Gotha","qid":"Q3462133","src":"ohm","osm":"relation/2692485","rank":0}},{"type":"Feature","id":1003252,"geometry":{"type":"Point","coordinates":[10.65,50.405]},"properties":{"code":"Q157710","status":"independent","s":18261112,"e":18670630,"c":0,"country_name":"Duchy of Saxe-Meiningen","wiki":"Saxe-Meiningen","qid":"Q157710","src":"ohm","osm":"relation/2747276","rank":0}},{"type":"Feature","id":1003255,"geometry":{"type":"Point","coordinates":[11.337,50.992]},"properties":{"code":"Q155570","status":"independent","s":18261112,"e":18670630,"c":3,"country_name":"Duchy of Saxe-Weimar-Eisenach","wiki":"Saxe-Weimar-Eisenach","qid":"Q155570","src":"ohm","osm":"relation/2747274","rank":0}},{"type":"Feature","id":1003256,"geometry":{"type":"Point","coordinates":[12.388,50.977]},"properties":{"code":"Q158151","status":"independent","s":18261112,"e":18670630,"c":4,"country_name":"Duchy of Saxe-Altenburg","wiki":"Saxe-Altenburg","qid":"Q158151","src":"ohm","osm":"relation/2747273","rank":0}},{"type":"Feature","id":1003265,"geometry":{"type":"Point","coordinates":[8.036,53.522]},"properties":{"code":"Q697084","status":"independent","s":18261112,"e":18340530,"c":2,"country_name":"Duchy of Oldenburg","wiki":"Duchy of Oldenburg","qid":"Q697084","rank":0}},{"type":"Feature","id":1003269,"geometry":{"type":"Point","coordinates":[11.2,50.856]},"properties":{"code":"Q155570","status":"independent","s":18261112,"e":18660919,"c":3,"country_name":"Grand Duchy of Saxe-Weimar-Eisenach","wiki":"Saxe-Weimar-Eisenach","qid":"Q155570","rank":0}},{"type":"Feature","id":1003271,"geometry":{"type":"Point","coordinates":[11.202,50.856]},"properties":{"code":"Q249428","status":"independent","s":18261112,"e":18271231,"c":11,"country_name":"Grand Duchy of Berg","wiki":"Grand Duchy of Berg","qid":"Q249428","rank":0}},{"type":"Feature","id":1003302,"geometry":{"type":"Point","coordinates":[9.929,52.854]},"properties":{"code":"Q164079","status":"independent","s":18270101,"e":18311222,"c":1,"country_name":"Kingdom of Hanover","wiki":"Kingdom of Hanover","qid":"Q164079","src":"ohm","osm":"relation/2807615","rank":-5}},{"type":"Feature","id":1003317,"geometry":{"type":"Point","coordinates":[8.804,53.095]},"properties":{"code":"Q1209","status":"independent","s":18270101,"e":18670630,"c":6,"country_name":"Bremen","wiki":"Bremen (state)","qid":"Q1209","src":"ohm","osm":"relation/2694653","rank":0}},{"type":"Feature","id":1003325,"geometry":{"type":"Point","coordinates":[22.865,50.496]},"properties":{"code":"300","status":"independent","s":18280101,"e":18291231,"c":3,"country_name":"Austrian Empire","wiki":"Austrian Empire","qid":"Q131964","rank":-1}},{"type":"Feature","id":1003326,"geometry":{"type":"Point","coordinates":[43.703,55.608]},"properties":{"code":"365","status":"independent","s":18280101,"e":18291231,"c":0,"country_name":"Russian Empire","wiki":"Russian Empire","qid":"Q34266","rank":-745}},{"type":"Feature","id":1003331,"geometry":{"type":"Point","coordinates":[46.688,42.457]},"properties":{"code":"Q2088141","status":"independent","s":18280101,"e":18351231,"c":1,"country_name":"Caucasian Imamate","wiki":"Caucasian Imamate","qid":"Q2088141","rank":-4}},{"type":"Feature","id":1003335,"geometry":{"type":"Point","coordinates":[52.471,33.318]},"properties":{"code":"630","status":"independent","s":18280101,"e":18791231,"c":3,"country_name":"Qajar Dynasty","wiki":"Qajar dynasty","qid":"Q189326","rank":-77}},{"type":"Feature","id":1003337,"geometry":{"type":"Point","coordinates":[22.179,37.59]},"properties":{"code":"Q528546","status":"independent","s":18280101,"e":18291231,"c":6,"country_name":"First Hellenic Republic","wiki":"First Hellenic Republic","qid":"Q528546","rank":-4}},{"type":"Feature","id":1003340,"geometry":{"type":"Point","coordinates":[11.202,50.856]},"properties":{"code":"Q157710","status":"independent","s":18280101,"e":18351231,"c":0,"country_name":"Saxe-Meiningen","wiki":"Saxe-Meiningen","qid":"Q157710","rank":0}},{"type":"Feature","id":1003354,"geometry":{"type":"Point","coordinates":[15.983,52.516]},"properties":{"code":"255","status":"independent","s":18291023,"e":18340814,"c":5,"country_name":"Kingdom of Prussia","wiki":"Kingdom of Prussia","qid":"Q27306","src":"ohm","osm":"relation/2913636","rank":-30}},{"type":"Feature","id":1003405,"geometry":{"type":"Point","coordinates":[10.677,44.497]},"properties":{"code":"Q252580","status":"independent","s":18291114,"e":18471216,"c":4,"country_name":"Duchy of Modena and Reggio","wiki":"Duchy of Modena and Reggio","qid":"Q252580","src":"ohm","osm":"relation/2800111","rank":-1}},{"type":"Feature","id":1003446,"geometry":{"type":"Point","coordinates":[2.339,36.447]},"properties":{"code":"Q218272","status":"colony","owner":"220","s":18300101,"e":18331231,"c":1,"country_name":"French Algeria","wiki":"French Algeria","qid":"Q218272","rank":0}},{"type":"Feature","id":1003447,"geometry":{"type":"Point","coordinates":[40.796,37.439]},"properties":{"code":"640","status":"independent","s":18300101,"e":18331231,"c":4,"country_name":"Ottoman Empire","wiki":"Ottoman Empire","qid":"Q12560","rank":-131}},{"type":"Feature","id":1003448,"geometry":{"type":"Point","coordinates":[22.97,50.531]},"properties":{"code":"300","status":"independent","s":18300101,"e":18481231,"c":3,"country_name":"Austrian Empire","wiki":"Austrian Empire","qid":"Q131964","rank":-1}},{"type":"Feature","id":1003449,"geometry":{"type":"Point","coordinates":[43.703,55.639]},"properties":{"code":"365","status":"independent","s":18300101,"e":18331231,"c":0,"country_name":"Russian Empire","wiki":"Russian Empire","qid":"Q34266","rank":-733}},{"type":"Feature","id":1003451,"geometry":{"type":"Point","coordinates":[42.583,43.017]},"properties":{"code":"Q2919545","status":"independent","s":18300101,"e":18331231,"c":1,"country_name":"Principality of Svaneti","wiki":"Principality of Svaneti","qid":"Q2919545","rank":0}},{"type":"Feature","id":1003455,"geometry":{"type":"Point","coordinates":[20.295,51.609]},"properties":{"code":"365","status":"independent","s":18300101,"e":18301128,"c":0,"country_name":"Russian Empire","wiki":"Russian Empire","qid":"Q34266","rank":-14}},{"type":"Feature","id":1003456,"geometry":{"type":"Point","coordinates":[22.175,37.611]},"properties":{"code":"Q528546","status":"independent","s":18300101,"e":18320506,"c":6,"country_name":"First Hellenic Republic","wiki":"First Hellenic Republic","qid":"Q528546","rank":-4}},{"type":"Feature","id":1003457,"geometry":{"type":"Point","coordinates":[2.361,46.829]},"properties":{"code":"220","status":"independent","s":18300809,"e":18480223,"c":1,"country_name":"July Monarchy","wiki":"July Monarchy","qid":"Q207162","rank":-61}},{"type":"Feature","id":1003460,"geometry":{"type":"Point","coordinates":[6.268,52.925]},"properties":{"code":"210","status":"independent","s":18301004,"e":18331231,"c":0,"country_name":"Netherlands","wiki":"Netherlands","qid":"Q55","rank":-4}},{"type":"Feature","id":1003461,"geometry":{"type":"Point","coordinates":[4.641,50.772]},"properties":{"code":"211","status":"independent","s":18301004,"e":18331231,"c":9,"country_name":"Kingdom of Belgium","wiki":"Belgium","qid":"Q31","rank":-3}},{"type":"Feature","id":1003462,"geometry":{"type":"Point","coordinates":[20.295,51.609]},"properties":{"code":"Q462964","status":"independent","s":18301129,"e":18311021,"c":7,"country_name":"Kingdom of Poland (November Uprising)","wiki":"November Uprising","qid":"Q462964","rank":-14}},{"type":"Feature","id":1003463,"geometry":{"type":"Point","coordinates":[20.295,51.609]},"properties":{"code":"365","status":"independent","s":18311022,"e":18331231,"c":0,"country_name":"Russian Empire","wiki":"Russian Empire","qid":"Q34266","rank":-14}},{"type":"Feature","id":1003494,"geometry":{"type":"Point","coordinates":[9.929,52.854]},"properties":{"code":"Q164079","status":"independent","s":18311223,"e":18660919,"c":1,"country_name":"Kingdom of Hanover","wiki":"Kingdom of Hanover","qid":"Q164079","src":"ohm","osm":"relation/2691498","rank":-5}},{"type":"Feature","id":1003503,"geometry":{"type":"Point","coordinates":[9.554,51.057]},"properties":{"code":"Q529605","status":"independent","s":18311223,"e":18660929,"c":2,"country_name":"Electorate of Hesse","wiki":"Electorate of Hesse","qid":"Q529605","src":"ohm","osm":"relation/2690444","rank":-1}},{"type":"Feature","id":1003556,"geometry":{"type":"Point","coordinates":[22.181,37.592]},"properties":{"code":"350","status":"independent","s":18320507,"e":18640527,"c":10,"country_name":"Kingdom of Greece","wiki":"Kingdom of Greece","qid":"Q209065","src":"ohm","osm":"relation/2923268","rank":-4}},{"type":"Feature","id":1003558,"geometry":{"type":"Point","coordinates":[24.967,35.159]},"properties":{"code":"350","status":"independent","s":18320507,"e":18331231,"c":10,"country_name":"Kingdom of Greece","wiki":"Kingdom of Greece","qid":"Q209065","rank":-1}},{"type":"Feature","id":1003574,"geometry":{"type":"Point","coordinates":[6.609,35.756]},"properties":{"code":"Q3045696","status":"independent","s":18340101,"e":18391231,"c":0,"country_name":"Regency of Algiers","wiki":"Regency of Algiers","qid":"Q3045696","rank":-20}},{"type":"Feature","id":1003575,"geometry":{"type":"Point","coordinates":[3.812,36.601]},"properties":{"code":"Q218272","status":"colony","owner":"220","s":18340101,"e":18391231,"c":1,"country_name":"French Algeria","wiki":"French Algeria","qid":"Q218272","rank":-1}},{"type":"Feature","id":1003577,"geometry":{"type":"Point","coordinates":[41.198,37.982]},"properties":{"code":"640","status":"independent","s":18340101,"e":18411231,"c":4,"country_name":"Ottoman Empire","wiki":"Ottoman Empire","qid":"Q12560","rank":-110}},{"type":"Feature","id":1003580,"geometry":{"type":"Point","coordinates":[43.703,55.608]},"properties":{"code":"365","status":"independent","s":18340101,"e":18471231,"c":0,"country_name":"Russian Empire","wiki":"Russian Empire","qid":"Q34266","rank":-752}},{"type":"Feature","id":1003582,"geometry":{"type":"Point","coordinates":[37.415,34.606]},"properties":{"code":"Q3057606","status":"independent","s":18340101,"e":18411231,"c":8,"country_name":"Muhammad Ali dynasty","wiki":"History of Egypt under the Muhammad Ali dynasty","qid":"Q3057606","rank":-30}},{"type":"Feature","id":1003587,"geometry":{"type":"Point","coordinates":[21.197,39.191]},"properties":{"code":"350","status":"independent","s":18340101,"e":18701231,"c":10,"country_name":"Kingdom of Greece","wiki":"Kingdom of Greece","qid":"Q209065","rank":0}},{"type":"Feature","id":1003589,"geometry":{"type":"Point","coordinates":[-7.84,40.559]},"properties":{"code":"235","status":"independent","s":18340101,"e":18351231,"c":8,"country_name":"Kingdom of Portugal","wiki":"Kingdom of Portugal","qid":"Q45670","rank":-9}},{"type":"Feature","id":1003590,"geometry":{"type":"Point","coordinates":[5.263,50.572]},"properties":{"code":"211","status":"independent","s":18340101,"e":18391231,"c":9,"country_name":"Kingdom of Belgium","wiki":"Belgium","qid":"Q31","rank":-4}},{"type":"Feature","id":1003591,"geometry":{"type":"Point","coordinates":[6.268,52.909]},"properties":{"code":"210","status":"independent","s":18340101,"e":18391231,"c":0,"country_name":"Netherlands","wiki":"Netherlands","qid":"Q55","rank":-4}},{"type":"Feature","id":1003609,"geometry":{"type":"Point","coordinates":[7.385,49.637]},"properties":{"code":"Q697084","status":"independent","s":18340531,"e":18340814,"c":2,"country_name":"Duchy of Oldenburg","wiki":"Duchy of Oldenburg","qid":"Q697084","rank":0}},{"type":"Feature","id":1003630,"geometry":{"type":"Point","coordinates":[10.654,50.922]},"properties":{"code":"Q3462133","status":"independent","s":18340531,"e":18670630,"c":6,"country_name":"Duchy of Saxe-Coburg and Gotha","wiki":"Saxe-Coburg and Gotha","qid":"Q3462133","src":"ohm","osm":"relation/2694591","rank":0}},{"type":"Feature","id":1003646,"geometry":{"type":"Point","coordinates":[7.32,49.535]},"properties":{"code":"Q158151","status":"independent","s":18340531,"e":18340814,"c":4,"country_name":"Saxe-Altenburg","wiki":"Saxe-Altenburg","qid":"Q158151","rank":0}},{"type":"Feature","id":1003661,"geometry":{"type":"Point","coordinates":[15.983,52.516]},"properties":{"code":"255","status":"independent","s":18340815,"e":18341231,"c":5,"country_name":"Kingdom of Prussia","wiki":"Kingdom of Prussia","qid":"Q27306","src":"ohm","osm":"relation/2830029","rank":-30}},{"type":"Feature","id":1003690,"geometry":{"type":"Point","coordinates":[8.036,53.522]},"properties":{"code":"Q697084","status":"independent","s":18340815,"e":18530719,"c":2,"country_name":"Duchy of Oldenburg","wiki":"Duchy of Oldenburg","qid":"Q697084","rank":0}},{"type":"Feature","id":1003711,"geometry":{"type":"Point","coordinates":[15.983,52.516]},"properties":{"code":"255","status":"independent","s":18350101,"e":18480229,"c":5,"country_name":"Kingdom of Prussia","wiki":"Kingdom of Prussia","qid":"Q27306","src":"ohm","osm":"relation/2694609","rank":-30}},{"type":"Feature","id":1003755,"geometry":{"type":"Point","coordinates":[17.748,30.596]},"properties":{"code":"Q1929987","status":"independent","s":18360101,"e":18391231,"c":6,"country_name":"Karamanli Dynasty","wiki":"Karamanli dynasty","qid":"Q1929987","rank":-5}},{"type":"Feature","id":1003757,"geometry":{"type":"Point","coordinates":[46.652,42.478]},"properties":{"code":"Q2088141","status":"independent","s":18360101,"e":18581231,"c":1,"country_name":"Caucasian Imamate","wiki":"Caucasian Imamate","qid":"Q2088141","rank":-4}},{"type":"Feature","id":1003763,"geometry":{"type":"Point","coordinates":[-7.891,40.408]},"properties":{"code":"235","status":"independent","s":18360101,"e":18851231,"c":8,"country_name":"Kingdom of Portugal","wiki":"Kingdom of Portugal","qid":"Q45670","rank":-9}},{"type":"Feature","id":1003765,"geometry":{"type":"Point","coordinates":[11.202,50.856]},"properties":{"code":"Q3462133","status":"independent","s":18360101,"e":18391231,"c":6,"country_name":"Saxe-Coburg and Gotha","wiki":"Saxe-Coburg and Gotha","qid":"Q3462133","rank":0}},{"type":"Feature","id":1003768,"geometry":{"type":"Point","coordinates":[3.162,35.396]},"properties":{"code":"Q3045696","status":"independent","s":18400101,"e":18411231,"c":0,"country_name":"Regency of Algiers","wiki":"Regency of Algiers","qid":"Q3045696","rank":-18}},{"type":"Feature","id":1003769,"geometry":{"type":"Point","coordinates":[6.499,36.624]},"properties":{"code":"Q218272","status":"colony","owner":"220","s":18400101,"e":18411231,"c":1,"country_name":"French Algeria","wiki":"French Algeria","qid":"Q218272","rank":-3}},{"type":"Feature","id":1003775,"geometry":{"type":"Point","coordinates":[21.947,31.462]},"properties":{"code":"Q1529261","status":"colony","owner":"640","s":18400101,"e":18851231,"c":4,"country_name":"Ottoman Tripolitania","wiki":"Ottoman Tripolitania","qid":"Q1529261","rank":-29}},{"type":"Feature","id":1003787,"geometry":{"type":"Point","coordinates":[6.268,52.925]},"properties":{"code":"210","status":"independent","s":18400101,"e":18851231,"c":0,"country_name":"Netherlands","wiki":"Netherlands","qid":"Q55","rank":-4}},{"type":"Feature","id":1003788,"geometry":{"type":"Point","coordinates":[4.644,50.777]},"properties":{"code":"211","status":"independent","s":18400101,"e":18700902,"c":9,"country_name":"Kingdom of Belgium","wiki":"Belgium","qid":"Q31","rank":-4}},{"type":"Feature","id":1003790,"geometry":{"type":"Point","coordinates":[11.202,50.856]},"properties":{"code":"Q157710","status":"independent","s":18400101,"e":18660919,"c":0,"country_name":"Saxe-Meiningen","wiki":"Saxe-Meiningen","qid":"Q157710","rank":0}},{"type":"Feature","id":1003832,"geometry":{"type":"Point","coordinates":[6.098,49.747]},"properties":{"code":"Q32","status":"independent","s":18400912,"e":18701231,"c":2,"country_name":"Luxembourg","wiki":"Luxembourg","qid":"Q32","src":"ohm","osm":"relation/2748545","rank":0}},{"type":"Feature","id":1003846,"geometry":{"type":"Point","coordinates":[3.118,35.396]},"properties":{"code":"Q3045696","status":"independent","s":18420101,"e":18451231,"c":0,"country_name":"Regency of Algiers","wiki":"Regency of Algiers","qid":"Q3045696","rank":-16}},{"type":"Feature","id":1003848,"geometry":{"type":"Point","coordinates":[6.504,36.624]},"properties":{"code":"Q218272","status":"colony","owner":"220","s":18420101,"e":18451231,"c":1,"country_name":"French Algeria","wiki":"French Algeria","qid":"Q218272","rank":-3}},{"type":"Feature","id":1003849,"geometry":{"type":"Point","coordinates":[40.796,37.439]},"properties":{"code":"640","status":"independent","s":18420101,"e":18791231,"c":4,"country_name":"Ottoman Empire","wiki":"Ottoman Empire","qid":"Q12560","rank":-130}},{"type":"Feature","id":1003850,"geometry":{"type":"Point","coordinates":[31.213,30.747]},"properties":{"code":"Q3057606","status":"independent","s":18420101,"e":18651231,"c":8,"country_name":"Muhammad Ali dynasty","wiki":"History of Egypt under the Muhammad Ali dynasty","qid":"Q3057606","rank":-10}},{"type":"Feature","id":1003871,"geometry":{"type":"Point","coordinates":[8.146,53.093]},"properties":{"code":"Q693669","status":"independent","s":18430101,"e":18530719,"c":4,"country_name":"Grand Duchy of Oldenburg","wiki":"Grand Duchy of Oldenburg","qid":"Q693669","src":"ohm","osm":"relation/2691500","rank":-1}},{"type":"Feature","id":1003938,"geometry":{"type":"Point","coordinates":[16.056,40.644]},"properties":{"code":"Q180393","status":"independent","s":18430911,"e":18430911,"c":3,"country_name":"Kingdom of the Two Sicilies","wiki":"Kingdom of the Two Sicilies","qid":"Q180393","rank":-8}},{"type":"Feature","id":1003939,"geometry":{"type":"Point","coordinates":[13.799,41.61]},"properties":{"code":"Q170174","status":"independent","s":18430911,"e":18430911,"c":10,"country_name":"Papal States","wiki":"Papal States","qid":"Q170174","rank":0}},{"type":"Feature","id":1003989,"geometry":{"type":"Point","coordinates":[16.052,40.644]},"properties":{"code":"Q180393","status":"independent","s":18430912,"e":18511231,"c":3,"country_name":"Kingdom of the Two Sicilies","wiki":"Kingdom of the Two Sicilies","qid":"Q180393","src":"ohm","osm":"relation/2889463","rank":-8}},{"type":"Feature","id":1004020,"geometry":{"type":"Point","coordinates":[21.128,47.515]},"properties":{"code":"300","status":"independent","s":18450101,"e":18461115,"c":3,"country_name":"Austrian Empire","wiki":"Austrian Empire","qid":"Q131964","src":"ohm","osm":"relation/2806951","rank":-79}},{"type":"Feature","id":1004046,"geometry":{"type":"Point","coordinates":[13.139,50.971]},"properties":{"code":"Q153015","status":"independent","s":18450101,"e":18670630,"c":8,"country_name":"Kingdom of Saxony","wiki":"Kingdom of Saxony","qid":"Q153015","src":"ohm","osm":"relation/2806952","rank":-2}},{"type":"Feature","id":1004061,"geometry":{"type":"Point","coordinates":[11.247,44.945]},"properties":{"code":"Q252580","status":"independent","s":18450101,"e":18471231,"c":4,"country_name":"Duchy of Modena and Reggio","wiki":"Duchy of Modena and Reggio","qid":"Q252580","rank":0}},{"type":"Feature","id":1004064,"geometry":{"type":"Point","coordinates":[3.998,35.699]},"properties":{"code":"Q218272","status":"colony","owner":"220","s":18460101,"e":18471231,"c":1,"country_name":"French Algeria","wiki":"French Algeria","qid":"Q218272","rank":-21}},{"type":"Feature","id":1004086,"geometry":{"type":"Point","coordinates":[21.128,47.515]},"properties":{"code":"300","status":"independent","s":18461116,"e":18491231,"c":3,"country_name":"Austrian Empire","wiki":"Austrian Empire","qid":"Q131964","src":"ohm","osm":"relation/2747007","rank":-80}},{"type":"Feature","id":1004142,"geometry":{"type":"Point","coordinates":[7.889,44.996]},"properties":{"code":"325","status":"independent","s":18471129,"e":18471231,"c":6,"country_name":"Kingdom of Sardinia","wiki":"Kingdom of Sardinia","qid":"Q165154","src":"ohm","osm":"relation/2687432","rank":-6}},{"type":"Feature","id":1004143,"geometry":{"type":"Point","coordinates":[7.945,45.024]},"properties":{"code":"325","status":"independent","s":18480101,"e":18591009,"c":6,"country_name":"Kingdom of Sardinia","wiki":"Kingdom of Sardinia","qid":"Q165154","src":"ohm","osm":"relation/2687432","rank":-6}},{"type":"Feature","id":1004196,"geometry":{"type":"Point","coordinates":[9.911,44.688]},"properties":{"code":"Q165040","status":"independent","s":18471217,"e":18591202,"c":5,"country_name":"Duchy of Parma and Piacenza","wiki":"Duchy of Parma and Piacenza","qid":"Q165040","src":"ohm","osm":"relation/2799901","rank":-1}},{"type":"Feature","id":1004197,"geometry":{"type":"Point","coordinates":[10.718,44.569]},"properties":{"code":"Q252580","status":"independent","s":18471217,"e":18491231,"c":4,"country_name":"Duchy of Modena and Reggio","wiki":"Duchy of Modena and Reggio","qid":"Q252580","src":"ohm","osm":"relation/2799902","rank":-1}},{"type":"Feature","id":1004217,"geometry":{"type":"Point","coordinates":[11.264,43.395]},"properties":{"code":"Q154849","status":"independent","s":18471217,"e":18581231,"c":0,"country_name":"Grand Duchy of Tuscany","wiki":"Grand Duchy of Tuscany","qid":"Q154849","src":"ohm","osm":"relation/2800112","rank":-2}},{"type":"Feature","id":1004218,"geometry":{"type":"Point","coordinates":[11.239,43.395]},"properties":{"code":"Q154849","status":"independent","s":18590101,"e":18591109,"c":0,"country_name":"Grand Duchy of Tuscany","wiki":"Grand Duchy of Tuscany","qid":"Q154849","src":"ohm","osm":"relation/2800112","rank":-2}},{"type":"Feature","id":1004219,"geometry":{"type":"Point","coordinates":[11.258,43.395]},"properties":{"code":"Q154849","status":"independent","s":18591110,"e":18591207,"c":0,"country_name":"Grand Duchy of Tuscany","wiki":"Grand Duchy of Tuscany","qid":"Q154849","src":"ohm","osm":"relation/2800112","rank":-2}},{"type":"Feature","id":1004240,"geometry":{"type":"Point","coordinates":[3.998,35.699]},"properties":{"code":"Q19951607","status":"colony","owner":"220","s":18480101,"e":18691231,"c":1,"country_name":"French Africa","wiki":"French Africa","qid":"Q19951607","rank":-21}},{"type":"Feature","id":1004242,"geometry":{"type":"Point","coordinates":[21.305,43.966]},"properties":{"code":"340","status":"independent","s":18480101,"e":18521231,"c":8,"country_name":"Principality of Serbia","wiki":"Principality of Serbia","qid":"Q684030","rank":-4}},{"type":"Feature","id":1004244,"geometry":{"type":"Point","coordinates":[45.828,55.947]},"properties":{"code":"365","status":"independent","s":18480101,"e":18551231,"c":0,"country_name":"Russian Empire","wiki":"Russian Empire","qid":"Q34266","rank":-785}},{"type":"Feature","id":1004251,"geometry":{"type":"Point","coordinates":[9.2,56.1]},"properties":{"code":"390","status":"independent","s":18480101,"e":18521231,"c":8,"country_name":"Denmark","wiki":"Denmark","qid":"Q35","rank":-3}},{"type":"Feature","id":1004252,"geometry":{"type":"Point","coordinates":[9.468,54.317]},"properties":{"code":"Q704288","status":"independent","s":18480101,"e":18521231,"c":5,"country_name":"Duchy of Holstein","wiki":"Duchy of Holstein","qid":"Q704288","rank":-2}},{"type":"Feature","id":1004253,"geometry":{"type":"Point","coordinates":[10.277,53.588]},"properties":{"code":"Q1055","status":"independent","s":18480101,"e":18521231,"c":10,"country_name":"Free City of Hamburg","wiki":"Hamburg","qid":"Q1055","rank":0}},{"type":"Feature","id":1004258,"geometry":{"type":"Point","coordinates":[7.15,43.66]},"properties":{"code":"Q235","status":"independent","s":18480101,"e":18600323,"c":11,"country_name":"Principality of Monaco","wiki":"Monaco","qid":"Q235","rank":0}},{"type":"Feature","id":1004260,"geometry":{"type":"Point","coordinates":[2.361,46.829]},"properties":{"code":"220","status":"independent","s":18480224,"e":18521201,"c":1,"country_name":"French Second Republic","wiki":"French Second Republic","qid":"Q58326","rank":-61}},{"type":"Feature","id":1004274,"geometry":{"type":"Point","coordinates":[15.983,52.516]},"properties":{"code":"255","status":"independent","s":18480301,"e":18491231,"c":5,"country_name":"Kingdom of Prussia","wiki":"Kingdom of Prussia","qid":"Q27306","src":"ohm","osm":"relation/2748490","rank":-30}},{"type":"Feature","id":1004294,"geometry":{"type":"Point","coordinates":[7.537,46.724]},"properties":{"code":"225","status":"independent","s":18480301,"e":18851231,"c":4,"country_name":"Swiss Confederation","wiki":"Switzerland","qid":"Q39","rank":-5}},{"type":"Feature","id":1004412,"geometry":{"type":"Point","coordinates":[9.174,45.453]},"properties":{"code":"Q623164","status":"independent","s":18480318,"e":18480804,"c":2,"country_name":"Five Days of Milan","wiki":"Five Days of Milan","qid":"Q623164","src":"ohm","osm":"relation/2850644","rank":0}},{"type":"Feature","id":1004456,"geometry":{"type":"Point","coordinates":[14.584,37.518]},"properties":{"code":"Q30890672","status":"independent","s":18480325,"e":18490514,"c":4,"country_name":"Kingdom of Sicily","qid":"Q30890672","src":"ohm","osm":"relation/2850643","rank":-2}},{"type":"Feature","id":1004522,"geometry":{"type":"Point","coordinates":[22.511,44.821]},"properties":{"code":"300","status":"independent","s":18490101,"e":18490413,"c":3,"country_name":"Austrian Empire","wiki":"Austrian Empire","qid":"Q131964","rank":0}},{"type":"Feature","id":1004525,"geometry":{"type":"Point","coordinates":[22.865,50.496]},"properties":{"code":"300","status":"independent","s":18490101,"e":18561231,"c":3,"country_name":"Austrian Empire","wiki":"Austrian Empire","qid":"Q131964","rank":-1}},{"type":"Feature","id":1004558,"geometry":{"type":"Point","coordinates":[9.541,47.533]},"properties":{"code":"Q154195","status":"independent","s":18490101,"e":18521231,"c":7,"country_name":"Kingdom of Bavaria","wiki":"Kingdom of Bavaria","qid":"Q154195","rank":0}},{"type":"Feature","id":1004559,"geometry":{"type":"Point","coordinates":[9.017,51.307]},"properties":{"code":"Q165763","status":"independent","s":18490101,"e":18670630,"c":11,"country_name":"Principality of Waldeck","wiki":"Principality of Waldeck and Pyrmont","qid":"Q165763","src":"ohm","osm":"relation/2690427","rank":0}},{"type":"Feature","id":1004565,"geometry":{"type":"Point","coordinates":[11.247,44.945]},"properties":{"code":"Q252580","status":"independent","s":18490101,"e":18520513,"c":4,"country_name":"Duchy of Modena and Reggio","wiki":"Duchy of Modena and Reggio","qid":"Q252580","rank":0}},{"type":"Feature","id":1004566,"geometry":{"type":"Point","coordinates":[22.496,44.806]},"properties":{"code":"Q18331029","status":"independent","s":18490414,"e":18490813,"c":1,"country_name":"Hungarian State","wiki":"Hungarian State","qid":"Q18331029","rank":0}},{"type":"Feature","id":1004618,"geometry":{"type":"Point","coordinates":[8.601,47.763]},"properties":{"code":"Q690821","status":"independent","s":18490601,"e":18490723,"c":5,"country_name":"Republic of Baden","wiki":"Republic of Baden","qid":"Q690821","rank":0}},{"type":"Feature","id":1004619,"geometry":{"type":"Point","coordinates":[8.601,47.763]},"properties":{"code":"Q186320","status":"independent","s":18490724,"e":18660919,"c":6,"country_name":"Grand Duchy of Baden","wiki":"Grand Duchy of Baden","qid":"Q186320","rank":0}},{"type":"Feature","id":1004620,"geometry":{"type":"Point","coordinates":[22.511,44.821]},"properties":{"code":"300","status":"independent","s":18490814,"e":18521231,"c":3,"country_name":"Austrian Empire","wiki":"Austrian Empire","qid":"Q131964","rank":0}},{"type":"Feature","id":1004681,"geometry":{"type":"Point","coordinates":[21.128,47.515]},"properties":{"code":"300","status":"independent","s":18500101,"e":18520513,"c":3,"country_name":"Austrian Empire","wiki":"Austrian Empire","qid":"Q131964","src":"ohm","osm":"relation/2852314","rank":-80}},{"type":"Feature","id":1004687,"geometry":{"type":"Point","coordinates":[10.718,44.569]},"properties":{"code":"Q252580","status":"independent","s":18500101,"e":18581231,"c":4,"country_name":"Duchy of Modena and Reggio","wiki":"Duchy of Modena and Reggio","qid":"Q252580","src":"ohm","osm":"relation/2696939","rank":-1}},{"type":"Feature","id":1004688,"geometry":{"type":"Point","coordinates":[15.983,52.516]},"properties":{"code":"255","status":"independent","s":18500101,"e":18660323,"c":5,"country_name":"Kingdom of Prussia","wiki":"Kingdom of Prussia","qid":"Q27306","src":"ohm","osm":"relation/2694606","rank":-30}},{"type":"Feature","id":1004809,"geometry":{"type":"Point","coordinates":[12.773,43.229]},"properties":{"code":"Q170174","status":"independent","s":18520101,"e":18591207,"c":10,"country_name":"Papal States","wiki":"Papal States","qid":"Q170174","src":"ohm","osm":"relation/2889461","rank":-5}},{"type":"Feature","id":1004810,"geometry":{"type":"Point","coordinates":[16.052,40.644]},"properties":{"code":"Q180393","status":"independent","s":18520101,"e":18600726,"c":3,"country_name":"Kingdom of the Two Sicilies","wiki":"Kingdom of the Two Sicilies","qid":"Q180393","src":"ohm","osm":"relation/2661316","rank":-8}},{"type":"Feature","id":1004844,"geometry":{"type":"Point","coordinates":[11.676,48.787]},"properties":{"code":"Q154195","status":"independent","s":18520513,"e":18660930,"c":7,"country_name":"Kingdom of Bavaria","wiki":"Kingdom of Bavaria","qid":"Q154195","src":"ohm","osm":"relation/2690437","rank":-9}},{"type":"Feature","id":1004891,"geometry":{"type":"Point","coordinates":[21.128,47.515]},"properties":{"code":"300","status":"independent","s":18520514,"e":18591109,"c":3,"country_name":"Austrian Empire","wiki":"Austrian Empire","qid":"Q131964","src":"ohm","osm":"relation/2746346","rank":-80}},{"type":"Feature","id":1004936,"geometry":{"type":"Point","coordinates":[2.361,46.829]},"properties":{"code":"220","status":"independent","s":18521202,"e":18600323,"c":1,"country_name":"Second French Empire","wiki":"Second French Empire","qid":"Q71092","rank":-61}},{"type":"Feature","id":1004940,"geometry":{"type":"Point","coordinates":[21.334,43.937]},"properties":{"code":"340","status":"independent","s":18530101,"e":18670417,"c":8,"country_name":"Principality of Serbia","wiki":"Principality of Serbia","qid":"Q684030","rank":-4}},{"type":"Feature","id":1004943,"geometry":{"type":"Point","coordinates":[7.962,49.013]},"properties":{"code":"Q154195","status":"independent","s":18530101,"e":18691231,"c":7,"country_name":"Kingdom of Bavaria","wiki":"Kingdom of Bavaria","qid":"Q154195","rank":0}},{"type":"Feature","id":1004948,"geometry":{"type":"Point","coordinates":[9.2,56.1]},"properties":{"code":"390","status":"independent","s":18530101,"e":18641029,"c":8,"country_name":"Denmark","wiki":"Denmark","qid":"Q35","rank":-6}},{"type":"Feature","id":1004949,"geometry":{"type":"Point","coordinates":[10.272,53.569]},"properties":{"code":"Q1055","status":"independent","s":18530101,"e":18641029,"c":10,"country_name":"Free City of Hamburg","wiki":"Hamburg","qid":"Q1055","rank":0}},{"type":"Feature","id":1004953,"geometry":{"type":"Point","coordinates":[19.046,42.912]},"properties":{"code":"341","status":"independent","s":18530101,"e":18791231,"c":2,"country_name":"Montenegro","wiki":"Montenegro","qid":"Q236","rank":-1}},{"type":"Feature","id":1004990,"geometry":{"type":"Point","coordinates":[12.235,51.819]},"properties":{"code":"Q278874","status":"independent","s":18530522,"e":18630818,"c":7,"country_name":"Anhalt-Dessau","wiki":"Anhalt-Dessau","qid":"Q278874","src":"ohm","osm":"relation/2856569","rank":0}},{"type":"Feature","id":1005018,"geometry":{"type":"Point","coordinates":[8.146,53.093]},"properties":{"code":"Q693669","status":"independent","s":18530720,"e":18531231,"c":4,"country_name":"Grand Duchy of Oldenburg","wiki":"Grand Duchy of Oldenburg","qid":"Q693669","src":"ohm","osm":"relation/2691496","rank":-1}},{"type":"Feature","id":1005047,"geometry":{"type":"Point","coordinates":[8.105,53.513]},"properties":{"code":"Q697084","status":"independent","s":18530720,"e":18660919,"c":2,"country_name":"Duchy of Oldenburg","wiki":"Duchy of Oldenburg","qid":"Q697084","rank":0}},{"type":"Feature","id":1005067,"geometry":{"type":"Point","coordinates":[8.146,53.093]},"properties":{"code":"Q693669","status":"independent","s":18540101,"e":18670222,"c":4,"country_name":"Grand Duchy of Oldenburg","wiki":"Grand Duchy of Oldenburg","qid":"Q693669","src":"ohm","osm":"relation/2959477","rank":-1}},{"type":"Feature","id":1005112,"geometry":{"type":"Point","coordinates":[45.828,55.947]},"properties":{"code":"365","status":"independent","s":18560101,"e":18561231,"c":0,"country_name":"Russian Empire","wiki":"Russian Empire","qid":"Q34266","rank":-784}},{"type":"Feature","id":1005125,"geometry":{"type":"Point","coordinates":[22.97,50.531]},"properties":{"code":"300","status":"independent","s":18570101,"e":18641029,"c":3,"country_name":"Austrian Empire","wiki":"Austrian Empire","qid":"Q131964","rank":-1}},{"type":"Feature","id":1005126,"geometry":{"type":"Point","coordinates":[27.338,46.336]},"properties":{"code":"Q10957559","status":"independent","s":18570101,"e":18581231,"c":11,"country_name":"Principality of Moldavia","wiki":"Moldavia","qid":"Q10957559","rank":-6}},{"type":"Feature","id":1005127,"geometry":{"type":"Point","coordinates":[45.828,55.947]},"properties":{"code":"365","status":"independent","s":18570101,"e":18631231,"c":0,"country_name":"Russian Empire","wiki":"Russian Empire","qid":"Q34266","rank":-783}},{"type":"Feature","id":1005139,"geometry":{"type":"Point","coordinates":[24.723,44.657]},"properties":{"code":"360","status":"independent","s":18590101,"e":18670417,"c":11,"country_name":"United Principalities of Moldavia and Wallachia","wiki":"United Principalities of Moldavia and Wallachia","qid":"Q958291","rank":-15}},{"type":"Feature","id":1005146,"geometry":{"type":"Point","coordinates":[9.827,44.257]},"properties":{"code":"Q165040","status":"independent","s":18590101,"e":18591109,"c":5,"country_name":"Duchy of Parma and Piacenza","wiki":"Duchy of Parma and Piacenza","qid":"Q165040","rank":0}},{"type":"Feature","id":1005147,"geometry":{"type":"Point","coordinates":[10.766,44.657]},"properties":{"code":"Q252580","status":"independent","s":18590101,"e":18591202,"c":4,"country_name":"Duchy of Modena and Reggio","wiki":"Duchy of Modena and Reggio","qid":"Q252580","rank":-1}},{"type":"Feature","id":1005163,"geometry":{"type":"Point","coordinates":[10.946,44.349]},"properties":{"code":"Q170174","status":"independent","s":18590101,"e":18591207,"c":10,"country_name":"Papal States","wiki":"Papal States","qid":"Q170174","rank":0}},{"type":"Feature","id":1005164,"geometry":{"type":"Point","coordinates":[10.149,44.092]},"properties":{"code":"Q154849","status":"independent","s":18590101,"e":18591109,"c":0,"country_name":"Grand Duchy of Tuscany","wiki":"Grand Duchy of Tuscany","qid":"Q154849","rank":0}},{"type":"Feature","id":1005195,"geometry":{"type":"Point","coordinates":[7.884,45.004]},"properties":{"code":"325","status":"independent","s":18590712,"e":18600323,"c":6,"country_name":"Kingdom of Sardinia","wiki":"Kingdom of Sardinia","qid":"Q165154","src":"ohm","osm":"relation/2850444","rank":-8}},{"type":"Feature","id":1005295,"geometry":{"type":"Point","coordinates":[21.289,47.55]},"properties":{"code":"300","status":"independent","s":18591110,"e":18661011,"c":3,"country_name":"Austrian Empire","wiki":"Austrian Empire","qid":"Q131964","src":"ohm","osm":"relation/2694155","rank":-77}},{"type":"Feature","id":1005301,"geometry":{"type":"Point","coordinates":[9.825,44.266]},"properties":{"code":"Q165040","status":"independent","s":18591110,"e":18591202,"c":5,"country_name":"Duchy of Parma and Piacenza","wiki":"Duchy of Parma and Piacenza","qid":"Q165040","rank":0}},{"type":"Feature","id":1005349,"geometry":{"type":"Point","coordinates":[9.792,44.767]},"properties":{"code":"Q165040","status":"independent","s":18591203,"e":18591207,"c":5,"country_name":"Duchy of Parma and Piacenza","wiki":"Duchy of Parma and Piacenza","qid":"Q165040","rank":-1}},{"type":"Feature","id":1005350,"geometry":{"type":"Point","coordinates":[10.577,44.551]},"properties":{"code":"Q252580","status":"independent","s":18591203,"e":18591207,"c":4,"country_name":"Duchy of Modena and Reggio","wiki":"Duchy of Modena and Reggio","qid":"Q252580","rank":-1}},{"type":"Feature","id":1005397,"geometry":{"type":"Point","coordinates":[11.183,43.994]},"properties":{"code":"Q2268597","status":"independent","s":18591208,"e":18600321,"c":8,"country_name":"United Provinces of Central Italy","wiki":"United Provinces of Central Italy","qid":"Q2268597","src":"ohm","osm":"relation/2850447","rank":-5}},{"type":"Feature","id":1005413,"geometry":{"type":"Point","coordinates":[12.8,43.223]},"properties":{"code":"Q170174","status":"independent","s":18591208,"e":18601103,"c":10,"country_name":"Papal States","wiki":"Papal States","qid":"Q170174","src":"ohm","osm":"relation/2800241","rank":-4}},{"type":"Feature","id":1005450,"geometry":{"type":"Point","coordinates":[9.792,44.767]},"properties":{"code":"Q165040","status":"independent","s":18600322,"e":18600323,"c":5,"country_name":"Duchy of Parma and Piacenza","wiki":"Duchy of Parma and Piacenza","qid":"Q165040","rank":-1}},{"type":"Feature","id":1005451,"geometry":{"type":"Point","coordinates":[10.577,44.551]},"properties":{"code":"Q252580","status":"independent","s":18600322,"e":18600323,"c":4,"country_name":"Duchy of Modena and Reggio","wiki":"Duchy of Modena and Reggio","qid":"Q252580","rank":-1}},{"type":"Feature","id":1005452,"geometry":{"type":"Point","coordinates":[11.237,43.478]},"properties":{"code":"325","status":"independent","s":18600322,"e":18600323,"c":6,"country_name":"Kingdom of Sardinia","wiki":"Kingdom of Sardinia (1720-1861)","qid":"Q2577303","rank":-3}},{"type":"Feature","id":1005468,"geometry":{"type":"Point","coordinates":[11.81,44.561]},"properties":{"code":"Q170174","status":"independent","s":18600322,"e":18600323,"c":10,"country_name":"Papal States","wiki":"Papal States","qid":"Q170174","rank":-1}},{"type":"Feature","id":1005488,"geometry":{"type":"Point","coordinates":[2.497,46.693]},"properties":{"code":"220","status":"independent","s":18600324,"e":18700902,"c":1,"country_name":"Second French Empire","wiki":"Second French Empire","qid":"Q71092","rank":-63}},{"type":"Feature","id":1005498,"geometry":{"type":"Point","coordinates":[9.754,45.125]},"properties":{"code":"325","status":"independent","s":18600324,"e":18600930,"c":6,"country_name":"Kingdom of Sardinia","wiki":"Kingdom of Sardinia","qid":"Q165154","src":"ohm","osm":"relation/2850443","rank":-11}},{"type":"Feature","id":1005499,"geometry":{"type":"Point","coordinates":[7.665,43.929]},"properties":{"code":"325","status":"independent","s":18600324,"e":18600726,"c":6,"country_name":"Kingdom of Sardinia","wiki":"Kingdom of Sardinia (1720-1861)","qid":"Q2577303","rank":0}},{"type":"Feature","id":1005526,"geometry":{"type":"Point","coordinates":[7.188,43.702]},"properties":{"code":"Q235","status":"independent","s":18600324,"e":18700902,"c":11,"country_name":"Principality of Monaco","wiki":"Monaco","qid":"Q235","rank":0}},{"type":"Feature","id":1005578,"geometry":{"type":"Point","coordinates":[12.437,37.765]},"properties":{"code":"Q19413475","status":"independent","s":18600517,"e":18600726,"c":5,"country_name":"Dictatorship of Garibaldi","wiki":"Dictatorship of Giuseppe Garibaldi","qid":"Q19413475","src":"ohm","osm":"relation/2850632","rank":0}},{"type":"Feature","id":1005591,"geometry":{"type":"Point","coordinates":[16.515,39.225]},"properties":{"code":"325","status":"independent","s":18600727,"e":18600727,"c":6,"country_name":"Kingdom of Sardinia","wiki":"Kingdom of Sardinia (1720-1861)","qid":"Q2577303","rank":-1}},{"type":"Feature","id":1005607,"geometry":{"type":"Point","coordinates":[15.743,40.757]},"properties":{"code":"Q180393","status":"independent","s":18600727,"e":18600727,"c":3,"country_name":"Kingdom of the Two Sicilies","wiki":"Kingdom of the Two Sicilies","qid":"Q180393","rank":-6}},{"type":"Feature","id":1005608,"geometry":{"type":"Point","coordinates":[13.799,41.61]},"properties":{"code":"Q170174","status":"independent","s":18600727,"e":18600727,"c":10,"country_name":"Papal States","wiki":"Papal States","qid":"Q170174","rank":0}},{"type":"Feature","id":1005620,"geometry":{"type":"Point","coordinates":[14.587,37.509]},"properties":{"code":"Q19413475","status":"independent","s":18600727,"e":18600905,"c":5,"country_name":"Dictatorship of Garibaldi","wiki":"Dictatorship of Giuseppe Garibaldi","qid":"Q19413475","src":"ohm","osm":"relation/2850631","rank":-3}},{"type":"Feature","id":1005639,"geometry":{"type":"Point","coordinates":[7.665,43.929]},"properties":{"code":"325","status":"independent","s":18600728,"e":18610316,"c":6,"country_name":"Kingdom of Sardinia","wiki":"Kingdom of Sardinia (1720-1861)","qid":"Q2577303","rank":0}},{"type":"Feature","id":1005655,"geometry":{"type":"Point","coordinates":[16.052,40.644]},"properties":{"code":"Q180393","status":"independent","s":18600728,"e":18600905,"c":3,"country_name":"Kingdom of the Two Sicilies","wiki":"Kingdom of the Two Sicilies","qid":"Q180393","src":"ohm","osm":"relation/2850628","rank":-8}},{"type":"Feature","id":1005701,"geometry":{"type":"Point","coordinates":[15.294,41.168]},"properties":{"code":"Q19413475","status":"independent","s":18600906,"e":18601216,"c":5,"country_name":"Dictatorship of Garibaldi","wiki":"Dictatorship of Giuseppe Garibaldi","qid":"Q19413475","src":"ohm","osm":"relation/2850630","rank":-8}},{"type":"Feature","id":1005731,"geometry":{"type":"Point","coordinates":[11.41,43.864]},"properties":{"code":"325","status":"independent","s":18601001,"e":18601216,"c":6,"country_name":"Kingdom of Sardinia","wiki":"Kingdom of Sardinia","qid":"Q165154","src":"ohm","osm":"relation/2850542","rank":-14}},{"type":"Feature","id":1005793,"geometry":{"type":"Point","coordinates":[12.98,41.703]},"properties":{"code":"Q170174","status":"independent","s":18601104,"e":18700919,"c":10,"country_name":"Papal States","wiki":"Papal States","qid":"Q170174","src":"ohm","osm":"relation/2697845","rank":-1}},{"type":"Feature","id":1005823,"geometry":{"type":"Point","coordinates":[11.403,43.863]},"properties":{"code":"325","status":"independent","s":18601217,"e":18610212,"c":6,"country_name":"Kingdom of Sardinia","wiki":"Kingdom of Sardinia","qid":"Q165154","src":"ohm","osm":"relation/2850629","rank":-22}},{"type":"Feature","id":1005860,"geometry":{"type":"Point","coordinates":[-9.532,30.114]},"properties":{"code":"Q80702","status":"colony","owner":"230","s":18610101,"e":18721231,"c":7,"country_name":"Spanish Empire","wiki":"History of Spain (1808–1874)","qid":"Q80702","rank":0}},{"type":"Feature","id":1005920,"geometry":{"type":"Point","coordinates":[11.403,43.863]},"properties":{"code":"325","status":"independent","s":18610213,"e":18610316,"c":6,"country_name":"Kingdom of Sardinia","wiki":"Kingdom of Sardinia","qid":"Q165154","src":"ohm","osm":"relation/2850626","rank":-22}},{"type":"Feature","id":1005967,"geometry":{"type":"Point","coordinates":[11.369,43.829]},"properties":{"code":"325","status":"independent","s":18610317,"e":18661011,"c":6,"country_name":"Kingdom of Italy","wiki":"Kingdom of Italy","qid":"Q172579","src":"ohm","osm":"relation/2697847","rank":-22}},{"type":"Feature","id":1005968,"geometry":{"type":"Point","coordinates":[6.901,45.883]},"properties":{"code":"325","status":"independent","s":18610317,"e":18700902,"c":6,"country_name":"Kingdom of Italy","wiki":"Kingdom of Italy","qid":"Q172579","rank":0}},{"type":"Feature","id":1006045,"geometry":{"type":"Point","coordinates":[12.256,51.961]},"properties":{"code":"Q16550783","status":"independent","s":18630819,"e":18670630,"c":9,"country_name":"Duchy of Anhalt","wiki":"Duchy of Anhalt","qid":"Q16550783","src":"ohm","osm":"relation/2808169","rank":0}},{"type":"Feature","id":1006059,"geometry":{"type":"Point","coordinates":[45.875,55.971]},"properties":{"code":"365","status":"independent","s":18640101,"e":18660919,"c":0,"country_name":"Russian Empire","wiki":"Russian Empire","qid":"Q34266","rank":-798}},{"type":"Feature","id":1006067,"geometry":{"type":"Point","coordinates":[55.895,38.955]},"properties":{"code":"Q491106","status":"independent","s":18640101,"e":18721231,"c":1,"country_name":"Khanate of Khiva","wiki":"Khanate of Khiva","qid":"Q491106","rank":0}},{"type":"Feature","id":1006099,"geometry":{"type":"Point","coordinates":[22.181,37.592]},"properties":{"code":"350","status":"independent","s":18640528,"e":18701231,"c":10,"country_name":"Kingdom of Greece","wiki":"Kingdom of Greece","qid":"Q209065","src":"ohm","osm":"relation/2855110","rank":-4}},{"type":"Feature","id":1006115,"geometry":{"type":"Point","coordinates":[9.764,53.922]},"properties":{"code":"300","status":"independent","s":18641030,"e":18660822,"c":3,"country_name":"Austrian Empire","wiki":"Austrian Empire","qid":"Q131964","rank":-1}},{"type":"Feature","id":1006116,"geometry":{"type":"Point","coordinates":[9.2,56.1]},"properties":{"code":"390","status":"independent","s":18641030,"e":18851231,"c":8,"country_name":"Denmark","wiki":"Denmark","qid":"Q35","rank":-3}},{"type":"Feature","id":1006117,"geometry":{"type":"Point","coordinates":[9.043,55.009]},"properties":{"code":"255","status":"independent","s":18641030,"e":18660919,"c":5,"country_name":"Kingdom of Prussia","wiki":"Kingdom of Prussia","qid":"Q27306","rank":-1}},{"type":"Feature","id":1006119,"geometry":{"type":"Point","coordinates":[10.153,53.459]},"properties":{"code":"Q1055","status":"independent","s":18641030,"e":18660822,"c":10,"country_name":"Hamburg","wiki":"Hamburg","qid":"Q1055","src":"ohm","osm":"relation/2856441","rank":0}},{"type":"Feature","id":1006120,"geometry":{"type":"Point","coordinates":[10.259,53.569]},"properties":{"code":"Q1055","status":"independent","s":18641030,"e":18660822,"c":10,"country_name":"Free City of Hamburg","wiki":"Hamburg","qid":"Q1055","rank":0}},{"type":"Feature","id":1006126,"geometry":{"type":"Point","coordinates":[31.213,30.747]},"properties":{"code":"Q127861","status":"independent","s":18660101,"e":18841231,"c":10,"country_name":"Khedivate of Egypt","wiki":"Khedivate of Egypt","qid":"Q127861","rank":-10}},{"type":"Feature","id":1006140,"geometry":{"type":"Point","coordinates":[15.983,52.516]},"properties":{"code":"255","status":"independent","s":18660324,"e":18660919,"c":5,"country_name":"Kingdom of Prussia","wiki":"Kingdom of Prussia","qid":"Q27306","src":"ohm","osm":"relation/2745625","rank":-30}},{"type":"Feature","id":1006141,"geometry":{"type":"Point","coordinates":[8.762,49.834]},"properties":{"code":"Q20135","status":"independent","s":18660324,"e":18660902,"c":4,"country_name":"Grand Duchy of Hesse","wiki":"Grand Duchy of Hesse","qid":"Q20135","src":"ohm","osm":"relation/2745624","rank":-1}},{"type":"Feature","id":1006175,"geometry":{"type":"Point","coordinates":[9.793,53.951]},"properties":{"code":"300","status":"independent","s":18660823,"e":18660919,"c":3,"country_name":"Austrian Empire","wiki":"Austrian Empire","qid":"Q131964","rank":-1}},{"type":"Feature","id":1006181,"geometry":{"type":"Point","coordinates":[10.154,53.467]},"properties":{"code":"Q1055","status":"independent","s":18660823,"e":18670630,"c":10,"country_name":"Hamburg","wiki":"Hamburg","qid":"Q1055","src":"ohm","osm":"relation/2856441","rank":0}},{"type":"Feature","id":1006184,"geometry":{"type":"Point","coordinates":[10.243,53.569]},"properties":{"code":"Q1055","status":"independent","s":18660823,"e":18660930,"c":10,"country_name":"Free City of Hamburg","wiki":"Hamburg","qid":"Q1055","rank":0}},{"type":"Feature","id":1006188,"geometry":{"type":"Point","coordinates":[10.869,53.623]},"properties":{"code":"Q109252949","status":"independent","s":18660823,"e":18670630,"c":2,"country_name":"Duchy of Mecklenburg","wiki":"Duchy of Mecklenburg","qid":"Q109252949","rank":0}},{"type":"Feature","id":1006205,"geometry":{"type":"Point","coordinates":[8.762,49.834]},"properties":{"code":"Q20135","status":"independent","s":18660903,"e":18670630,"c":4,"country_name":"Grand Duchy of Hesse","wiki":"Grand Duchy of Hesse","qid":"Q20135","src":"ohm","osm":"relation/2857193","rank":-1}},{"type":"Feature","id":1006233,"geometry":{"type":"Point","coordinates":[8.666,51.28]},"properties":{"code":"Q165763","status":"independent","s":18660903,"e":18660919,"c":11,"country_name":"Principality of Waldeck and Pyrmont","wiki":"Principality of Waldeck and Pyrmont","qid":"Q165763","rank":0}},{"type":"Feature","id":1006245,"geometry":{"type":"Point","coordinates":[9.705,53.922]},"properties":{"code":"300","status":"independent","s":18660920,"e":18660930,"c":3,"country_name":"Austrian Empire","wiki":"Austrian Empire","qid":"Q131964","rank":-1}},{"type":"Feature","id":1006246,"geometry":{"type":"Point","coordinates":[45.806,55.939]},"properties":{"code":"365","status":"independent","s":18660920,"e":18660930,"c":0,"country_name":"Russian Empire","wiki":"Russian Empire","qid":"Q34266","rank":-798}},{"type":"Feature","id":1006250,"geometry":{"type":"Point","coordinates":[16.126,52.614]},"properties":{"code":"255","status":"independent","s":18660920,"e":18660929,"c":5,"country_name":"Kingdom of Prussia","wiki":"Kingdom of Prussia","qid":"Q27306","rank":-43}},{"type":"Feature","id":1006251,"geometry":{"type":"Point","coordinates":[7.876,53.468]},"properties":{"code":"Q697084","status":"independent","s":18660920,"e":18660930,"c":2,"country_name":"Duchy of Oldenburg","wiki":"Duchy of Oldenburg","qid":"Q697084","rank":0}},{"type":"Feature","id":1006262,"geometry":{"type":"Point","coordinates":[13.24,53.64]},"properties":{"code":"Q950240","status":"independent","s":18660920,"e":18660930,"c":7,"country_name":"Free City of Lübeck","wiki":"Free City of Lübeck","qid":"Q950240","rank":0}},{"type":"Feature","id":1006266,"geometry":{"type":"Point","coordinates":[9.174,47.96]},"properties":{"code":"Q186320","status":"independent","s":18660920,"e":18660930,"c":6,"country_name":"Grand Duchy of Baden","wiki":"Grand Duchy of Baden","qid":"Q186320","rank":0}},{"type":"Feature","id":1006267,"geometry":{"type":"Point","coordinates":[8.836,48.357]},"properties":{"code":"Q159631","status":"independent","s":18660920,"e":18660930,"c":9,"country_name":"Kingdom of Württemberg","wiki":"Kingdom of Württemberg","qid":"Q159631","rank":0}},{"type":"Feature","id":1006268,"geometry":{"type":"Point","coordinates":[14.579,51.473]},"properties":{"code":"Q153015","status":"independent","s":18660920,"e":18660930,"c":8,"country_name":"Kingdom of Saxony","wiki":"Kingdom of Saxony","qid":"Q153015","rank":0}},{"type":"Feature","id":1006269,"geometry":{"type":"Point","coordinates":[10.872,51.449]},"properties":{"code":"Q708821","status":"independent","s":18660920,"e":18660930,"c":7,"country_name":"Principality of Schwarzburg-Sonderhausen","wiki":"House of Schwarzburg","qid":"Q708821","rank":0}},{"type":"Feature","id":1006270,"geometry":{"type":"Point","coordinates":[11.942,51.589]},"properties":{"code":"Q16550783","status":"independent","s":18660920,"e":18660930,"c":9,"country_name":"Duchy of Anhalt","wiki":"Duchy of Anhalt","qid":"Q16550783","rank":0}},{"type":"Feature","id":1006271,"geometry":{"type":"Point","coordinates":[12.144,51.018]},"properties":{"code":"Q639100","status":"independent","s":18660920,"e":18660930,"c":9,"country_name":"Principality of Reuss-Gera","wiki":"Principality of Reuss-Gera","qid":"Q639100","rank":0}},{"type":"Feature","id":1006272,"geometry":{"type":"Point","coordinates":[10.783,50.533]},"properties":{"code":"Q157710","status":"independent","s":18660920,"e":18660930,"c":0,"country_name":"Saxe-Meiningen","wiki":"Saxe-Meiningen","qid":"Q157710","rank":0}},{"type":"Feature","id":1006273,"geometry":{"type":"Point","coordinates":[10.935,50.989]},"properties":{"code":"Q155570","status":"independent","s":18660920,"e":18660930,"c":3,"country_name":"Grand Duchy of Saxe-Weimar-Eisenach","wiki":"Saxe-Weimar-Eisenach","qid":"Q155570","rank":0}},{"type":"Feature","id":1006274,"geometry":{"type":"Point","coordinates":[10.617,51.148]},"properties":{"code":"Q158151","status":"independent","s":18660920,"e":18660930,"c":4,"country_name":"Saxe-Altenburg","wiki":"Saxe-Altenburg","qid":"Q158151","rank":0}},{"type":"Feature","id":1006284,"geometry":{"type":"Point","coordinates":[9.991,52.055]},"properties":{"code":"Q326029","status":"independent","s":18660920,"e":18660930,"c":3,"country_name":"Duchy of Brunswick","wiki":"Duchy of Brunswick","qid":"Q326029","rank":0}},{"type":"Feature","id":1006285,"geometry":{"type":"Point","coordinates":[8.548,51.928]},"properties":{"code":"Q14551680","status":"independent","s":18660920,"e":18660930,"c":7,"country_name":"Principality of Lippe","wiki":"Principality of Lippe","qid":"Q14551680","rank":0}},{"type":"Feature","id":1006287,"geometry":{"type":"Point","coordinates":[8.628,52.96]},"properties":{"code":"Q474779","status":"independent","s":18660920,"e":18660930,"c":11,"country_name":"Free City of Bremen","wiki":"History of Bremen (city)","qid":"Q474779","rank":0}},{"type":"Feature","id":1006288,"geometry":{"type":"Point","coordinates":[8.621,51.455]},"properties":{"code":"Q165763","status":"independent","s":18660920,"e":18660930,"c":11,"country_name":"Principality of Waldeck and Pyrmont","wiki":"Principality of Waldeck and Pyrmont","qid":"Q165763","rank":0}},{"type":"Feature","id":1006302,"geometry":{"type":"Point","coordinates":[16.126,52.614]},"properties":{"code":"255","status":"independent","s":18660930,"e":18660930,"c":5,"country_name":"Kingdom of Prussia","wiki":"Kingdom of Prussia","qid":"Q27306","rank":-44}},{"type":"Feature","id":1006341,"geometry":{"type":"Point","coordinates":[10.382,50.807]},"properties":{"code":"Q529605","status":"independent","s":18660930,"e":18660930,"c":2,"country_name":"Electorate of Hesse","wiki":"Electorate of Hesse","qid":"Q529605","rank":0}},{"type":"Feature","id":1006350,"geometry":{"type":"Point","coordinates":[22.97,50.531]},"properties":{"code":"300","status":"independent","s":18661001,"e":18670329,"c":3,"country_name":"Austrian Empire","wiki":"Austrian Empire","qid":"Q131964","rank":-1}},{"type":"Feature","id":1006351,"geometry":{"type":"Point","coordinates":[45.875,55.971]},"properties":{"code":"365","status":"independent","s":18661001,"e":18701231,"c":0,"country_name":"Russian Empire","wiki":"Russian Empire","qid":"Q34266","rank":-798}},{"type":"Feature","id":1006355,"geometry":{"type":"Point","coordinates":[15.987,52.507]},"properties":{"code":"255","status":"independent","s":18661001,"e":18670222,"c":5,"country_name":"Kingdom of Prussia","wiki":"Kingdom of Prussia","qid":"Q27306","src":"ohm","osm":"relation/2694592","rank":-47}},{"type":"Feature","id":1006356,"geometry":{"type":"Point","coordinates":[11.639,48.84]},"properties":{"code":"Q154195","status":"independent","s":18661001,"e":18701231,"c":7,"country_name":"Kingdom of Bavaria","wiki":"Kingdom of Bavaria","qid":"Q154195","src":"ohm","osm":"relation/2690439","rank":-9}},{"type":"Feature","id":1006369,"geometry":{"type":"Point","coordinates":[8.601,47.763]},"properties":{"code":"Q186320","status":"independent","s":18661001,"e":18701231,"c":6,"country_name":"Grand Duchy of Baden","wiki":"Grand Duchy of Baden","qid":"Q186320","rank":0}},{"type":"Feature","id":1006370,"geometry":{"type":"Point","coordinates":[18.9,52.884]},"properties":{"code":"255","status":"independent","s":18661001,"e":18670630,"c":5,"country_name":"Kingdom of Prussia","wiki":"Kingdom of Prussia","qid":"Q27306","rank":-1}},{"type":"Feature","id":1006380,"geometry":{"type":"Point","coordinates":[9.375,47.598]},"properties":{"code":"Q159631","status":"independent","s":18661001,"e":18701231,"c":9,"country_name":"Kingdom of Württemberg","wiki":"Kingdom of Württemberg","qid":"Q159631","rank":0}},{"type":"Feature","id":1006382,"geometry":{"type":"Point","coordinates":[10.736,53.774]},"properties":{"code":"Q950240","status":"independent","s":18661001,"e":18670630,"c":7,"country_name":"Free City of Lübeck","wiki":"Free City of Lübeck","qid":"Q950240","rank":0}},{"type":"Feature","id":1006383,"geometry":{"type":"Point","coordinates":[10.313,53.501]},"properties":{"code":"Q1055","status":"independent","s":18661001,"e":18670630,"c":10,"country_name":"Free City of Hamburg","wiki":"Hamburg","qid":"Q1055","rank":0}},{"type":"Feature","id":1006384,"geometry":{"type":"Point","coordinates":[11.2,50.856]},"properties":{"code":"Q155570","status":"independent","s":18661001,"e":18670630,"c":3,"country_name":"Grand Duchy of Saxe-Weimar-Eisenach","wiki":"Saxe-Weimar-Eisenach","qid":"Q155570","rank":0}},{"type":"Feature","id":1006385,"geometry":{"type":"Point","coordinates":[11.202,50.856]},"properties":{"code":"Q157710","status":"independent","s":18661001,"e":18670630,"c":0,"country_name":"Saxe-Meiningen","wiki":"Saxe-Meiningen","qid":"Q157710","rank":0}},{"type":"Feature","id":1006386,"geometry":{"type":"Point","coordinates":[8.105,53.513]},"properties":{"code":"Q697084","status":"independent","s":18661001,"e":18670630,"c":2,"country_name":"Duchy of Oldenburg","wiki":"Duchy of Oldenburg","qid":"Q697084","rank":0}},{"type":"Feature","id":1006439,"geometry":{"type":"Point","coordinates":[21.289,47.55]},"properties":{"code":"300","status":"independent","s":18661012,"e":18670528,"c":3,"country_name":"Austrian Empire","wiki":"Austrian Empire","qid":"Q131964","src":"ohm","osm":"relation/2746345","rank":-74}},{"type":"Feature","id":1006443,"geometry":{"type":"Point","coordinates":[11.132,44.558]},"properties":{"code":"325","status":"independent","s":18661012,"e":18700919,"c":6,"country_name":"Kingdom of Italy","wiki":"Kingdom of Italy","qid":"Q172579","src":"ohm","osm":"relation/2829426","rank":-25}},{"type":"Feature","id":1006488,"geometry":{"type":"Point","coordinates":[8.146,53.093]},"properties":{"code":"Q693669","status":"independent","s":18670223,"e":18670630,"c":4,"country_name":"Grand Duchy of Oldenburg","wiki":"Grand Duchy of Oldenburg","qid":"Q693669","src":"ohm","osm":"relation/2856442","rank":-1}},{"type":"Feature","id":1006489,"geometry":{"type":"Point","coordinates":[15.987,52.507]},"properties":{"code":"255","status":"independent","s":18670223,"e":18670630,"c":5,"country_name":"Kingdom of Prussia","wiki":"Kingdom of Prussia","qid":"Q27306","src":"ohm","osm":"relation/2856504","rank":-47}},{"type":"Feature","id":1006520,"geometry":{"type":"Point","coordinates":[22.97,50.531]},"properties":{"code":"300","status":"independent","s":18670330,"e":18701231,"c":3,"country_name":"Austria-Hungary","wiki":"Austria-Hungary","qid":"Q28513","rank":-1}},{"type":"Feature","id":1006527,"geometry":{"type":"Point","coordinates":[24.727,44.657]},"properties":{"code":"360","status":"independent","s":18670418,"e":18701231,"c":11,"country_name":"United Principalities of Moldavia and Wallachia","wiki":"United Principalities of Moldavia and Wallachia","qid":"Q958291","rank":-14}},{"type":"Feature","id":1006529,"geometry":{"type":"Point","coordinates":[20.556,43.981]},"properties":{"code":"340","status":"independent","s":18670418,"e":18701231,"c":8,"country_name":"Principality of Serbia","wiki":"Principality of Serbia","qid":"Q684030","src":"ohm","osm":"relation/2952971","rank":-4}},{"type":"Feature","id":1006530,"geometry":{"type":"Point","coordinates":[21.375,43.246]},"properties":{"code":"340","status":"independent","s":18670418,"e":18701231,"c":8,"country_name":"Principality of Serbia","wiki":"Principality of Serbia","qid":"Q684030","rank":0}},{"type":"Feature","id":1006575,"geometry":{"type":"Point","coordinates":[21.289,47.55]},"properties":{"code":"300","status":"independent","s":18670529,"e":18701231,"c":3,"country_name":"Austria–Hungary","wiki":"Austria-Hungary","qid":"Q28513","src":"ohm","osm":"relation/2692702","rank":-74}},{"type":"Feature","id":1006623,"geometry":{"type":"Point","coordinates":[12.425,52.309]},"properties":{"code":"255","status":"independent","s":18670701,"e":18701231,"c":5,"country_name":"North German Confederation","wiki":"North German Confederation","qid":"Q150981","src":"ohm","osm":"relation/2693574","rank":-54}},{"type":"Feature","id":1006624,"geometry":{"type":"Point","coordinates":[8.762,49.834]},"properties":{"code":"Q20135","status":"independent","s":18670701,"e":18701231,"c":4,"country_name":"Grand Duchy of Hesse","wiki":"Grand Duchy of Hesse","qid":"Q20135","src":"ohm","osm":"relation/2690436","rank":-1}},{"type":"Feature","id":1006637,"geometry":{"type":"Point","coordinates":[18.9,52.884]},"properties":{"code":"255","status":"independent","s":18670701,"e":18701231,"c":5,"country_name":"North German Confederation","wiki":"North German Confederation","qid":"Q150981","rank":-1}},{"type":"Feature","id":1006653,"geometry":{"type":"Point","coordinates":[3.191,34.045]},"properties":{"code":"Q19951607","status":"colony","owner":"220","s":18700101,"e":18700902,"c":1,"country_name":"French Africa","wiki":"French Africa","qid":"Q19951607","rank":-45}},{"type":"Feature","id":1006662,"geometry":{"type":"Point","coordinates":[10.523,50.051]},"properties":{"code":"Q154195","status":"independent","s":18700101,"e":18701231,"c":7,"country_name":"Kingdom of Bavaria","wiki":"Kingdom of Bavaria","qid":"Q154195","rank":0}},{"type":"Feature","id":1006664,"geometry":{"type":"Point","coordinates":[1.619,42.449]},"properties":{"code":"Q228","status":"independent","s":18700903,"e":18701231,"c":2,"country_name":"Principality of Andorra","wiki":"Andorra","qid":"Q228","rank":0}},{"type":"Feature","id":1006666,"geometry":{"type":"Point","coordinates":[4.637,50.035]},"properties":{"code":"220","status":"independent","s":18700903,"e":18700903,"c":1,"country_name":"Second French Empire","wiki":"Second French Empire","qid":"Q71092","rank":0}},{"type":"Feature","id":1006667,"geometry":{"type":"Point","coordinates":[2.527,46.746]},"properties":{"code":"220","status":"independent","s":18700903,"e":18701231,"c":1,"country_name":"French Third Republic","wiki":"French Third Republic","qid":"Q70802","src":"ohm","osm":"relation/2866010","rank":-63}},{"type":"Feature","id":1006668,"geometry":{"type":"Point","coordinates":[3.946,32.119]},"properties":{"code":"Q19951607","status":"colony","owner":"220","s":18700903,"e":18701231,"c":1,"country_name":"French Africa","wiki":"French Africa","qid":"Q19951607","rank":-5}},{"type":"Feature","id":1006686,"geometry":{"type":"Point","coordinates":[9.601,46.355]},"properties":{"code":"325","status":"independent","s":18700903,"e":18701231,"c":6,"country_name":"Kingdom of Italy","wiki":"Kingdom of Italy","qid":"Q172579","rank":0}},{"type":"Feature","id":1006696,"geometry":{"type":"Point","coordinates":[4.605,50.777]},"properties":{"code":"211","status":"independent","s":18700903,"e":18701231,"c":9,"country_name":"Kingdom of Belgium","wiki":"Belgium","qid":"Q31","rank":-4}},{"type":"Feature","id":1006700,"geometry":{"type":"Point","coordinates":[4.637,50.035]},"properties":{"code":"220","status":"independent","s":18700904,"e":18701231,"c":1,"country_name":"French Third Republic","wiki":"French Third Republic","qid":"Q70802","rank":0}},{"type":"Feature","id":1006714,"geometry":{"type":"Point","coordinates":[11.132,44.558]},"properties":{"code":"325","status":"independent","s":18700920,"e":18701231,"c":6,"country_name":"Kingdom of Italy","wiki":"Kingdom of Italy","qid":"Q172579","src":"ohm","osm":"relation/2696424","rank":-26}},{"type":"Feature","id":1006738,"geometry":{"type":"Point","coordinates":[1.768,42.524]},"properties":{"code":"Q228","status":"independent","s":18710101,"e":18851231,"c":2,"country_name":"Principality of Andorra","wiki":"Andorra","qid":"Q228","rank":0}},{"type":"Feature","id":1006740,"geometry":{"type":"Point","coordinates":[2.497,46.693]},"properties":{"code":"220","status":"independent","s":18710101,"e":18710509,"c":1,"country_name":"French Third Republic","wiki":"French Third Republic","qid":"Q70802","rank":-63}},{"type":"Feature","id":1006741,"geometry":{"type":"Point","coordinates":[3.17,34.031]},"properties":{"code":"Q19951607","status":"colony","owner":"220","s":18710101,"e":18841231,"c":1,"country_name":"French Africa","wiki":"French Africa","qid":"Q19951607","rank":-45}},{"type":"Feature","id":1006743,"geometry":{"type":"Point","coordinates":[24.65,44.657]},"properties":{"code":"360","status":"independent","s":18710101,"e":18791231,"c":11,"country_name":"United Principalities of Moldavia and Wallachia","wiki":"United Principalities of Moldavia and Wallachia","qid":"Q958291","rank":-15}},{"type":"Feature","id":1006745,"geometry":{"type":"Point","coordinates":[21.34,43.968]},"properties":{"code":"340","status":"independent","s":18710101,"e":18761231,"c":8,"country_name":"Principality of Serbia","wiki":"Principality of Serbia","qid":"Q684030","rank":-5}},{"type":"Feature","id":1006746,"geometry":{"type":"Point","coordinates":[22.438,47.965]},"properties":{"code":"300","status":"independent","s":18710101,"e":18791231,"c":3,"country_name":"Austria-Hungary","wiki":"Austria-Hungary","qid":"Q28513","rank":-75}},{"type":"Feature","id":1006747,"geometry":{"type":"Point","coordinates":[45.806,55.939]},"properties":{"code":"365","status":"independent","s":18710101,"e":18791231,"c":0,"country_name":"Russian Empire","wiki":"Russian Empire","qid":"Q34266","rank":-799}},{"type":"Feature","id":1006750,"geometry":{"type":"Point","coordinates":[11.118,44.592]},"properties":{"code":"325","status":"independent","s":18710101,"e":18851231,"c":6,"country_name":"Kingdom of Italy","wiki":"Kingdom of Italy","qid":"Q172579","rank":-26}},{"type":"Feature","id":1006751,"geometry":{"type":"Point","coordinates":[9.647,51.244]},"properties":{"code":"255","status":"independent","s":18710101,"e":18710509,"c":5,"country_name":"German Empire","wiki":"German Empire","qid":"Q43287","rank":-69}},{"type":"Feature","id":1006763,"geometry":{"type":"Point","coordinates":[22.177,37.615]},"properties":{"code":"350","status":"independent","s":18710101,"e":18841231,"c":10,"country_name":"Kingdom of Greece","wiki":"Kingdom of Greece","qid":"Q209065","rank":-4}},{"type":"Feature","id":1006769,"geometry":{"type":"Point","coordinates":[4.644,50.777]},"properties":{"code":"211","status":"independent","s":18710101,"e":18721231,"c":9,"country_name":"Kingdom of Belgium","wiki":"Belgium","qid":"Q31","rank":-4}},{"type":"Feature","id":1006770,"geometry":{"type":"Point","coordinates":[7.188,43.702]},"properties":{"code":"Q235","status":"independent","s":18710101,"e":18851231,"c":11,"country_name":"Principality of Monaco","wiki":"Monaco","qid":"Q235","rank":0}},{"type":"Feature","id":1006772,"geometry":{"type":"Point","coordinates":[2.497,46.693]},"properties":{"code":"220","status":"independent","s":18710510,"e":18851231,"c":1,"country_name":"French Third Republic","wiki":"French Third Republic","qid":"Q70802","rank":-61}},{"type":"Feature","id":1006773,"geometry":{"type":"Point","coordinates":[9.318,50.576]},"properties":{"code":"255","status":"independent","s":18710510,"e":18721231,"c":5,"country_name":"German Empire","wiki":"German Empire","qid":"Q43287","rank":-71}},{"type":"Feature","id":1006779,"geometry":{"type":"Point","coordinates":[9.302,50.609]},"properties":{"code":"255","status":"independent","s":18730101,"e":18851231,"c":5,"country_name":"German Empire","wiki":"German Empire","qid":"Q43287","rank":-71}},{"type":"Feature","id":1006785,"geometry":{"type":"Point","coordinates":[4.629,50.783]},"properties":{"code":"211","status":"independent","s":18730101,"e":18851231,"c":9,"country_name":"Kingdom of Belgium","wiki":"Belgium","qid":"Q31","rank":-4}},{"type":"Feature","id":1006786,"geometry":{"type":"Point","coordinates":[-3.482,39.976]},"properties":{"code":"Q497777","status":"independent","s":18730211,"e":18741229,"c":0,"country_name":"First Spanish Republic","wiki":"First Spanish Republic","qid":"Q497777","rank":-52}},{"type":"Feature","id":1006787,"geometry":{"type":"Point","coordinates":[-3.482,39.976]},"properties":{"code":"230","status":"independent","s":18741230,"e":18851231,"c":7,"country_name":"Kingdom of Spain","wiki":"Spain","qid":"Q29","rank":-52}},{"type":"Feature","id":1006790,"geometry":{"type":"Point","coordinates":[21.371,43.999]},"properties":{"code":"340","status":"independent","s":18770101,"e":18791231,"c":8,"country_name":"Principality of Serbia","wiki":"Principality of Serbia","qid":"Q684030","rank":-5}},{"type":"Feature","id":1006796,"geometry":{"type":"Point","coordinates":[23.616,43.149]},"properties":{"code":"355","status":"independent","s":18780713,"e":18791231,"c":1,"country_name":"Principality of Bulgaria","wiki":"Principality of Bulgaria","qid":"Q815731","rank":-7}},{"type":"Feature","id":1006800,"geometry":{"type":"Point","coordinates":[27.199,45.121]},"properties":{"code":"360","status":"independent","s":18800101,"e":18851231,"c":11,"country_name":"United Principalities of Moldavia and Wallachia","wiki":"United Principalities of Moldavia and Wallachia","qid":"Q958291","rank":-15}},{"type":"Feature","id":1006801,"geometry":{"type":"Point","coordinates":[23.612,43.149]},"properties":{"code":"355","status":"independent","s":18800101,"e":18841231,"c":1,"country_name":"Principality of Bulgaria","wiki":"Principality of Bulgaria","qid":"Q815731","rank":-7}},{"type":"Feature","id":1006802,"geometry":{"type":"Point","coordinates":[21.293,43.966]},"properties":{"code":"340","status":"independent","s":18800101,"e":18820305,"c":8,"country_name":"Principality of Serbia","wiki":"Principality of Serbia","qid":"Q684030","rank":-6}},{"type":"Feature","id":1006803,"geometry":{"type":"Point","coordinates":[17.2,46.972]},"properties":{"code":"300","status":"independent","s":18800101,"e":18851231,"c":3,"country_name":"Austria-Hungary","wiki":"Austria-Hungary","qid":"Q28513","rank":-81}},{"type":"Feature","id":1006804,"geometry":{"type":"Point","coordinates":[45.806,55.939]},"properties":{"code":"365","status":"independent","s":18800101,"e":18851231,"c":0,"country_name":"Russian Empire","wiki":"Russian Empire","qid":"Q34266","rank":-803}},{"type":"Feature","id":1006806,"geometry":{"type":"Point","coordinates":[39.663,37.439]},"properties":{"code":"640","status":"independent","s":18800101,"e":18851231,"c":4,"country_name":"Ottoman Empire","wiki":"Ottoman Empire","qid":"Q12560","rank":-128}},{"type":"Feature","id":1006812,"geometry":{"type":"Point","coordinates":[51.086,33.356]},"properties":{"code":"630","status":"independent","s":18800101,"e":18851231,"c":3,"country_name":"Qajar Dynasty","wiki":"Qajar dynasty","qid":"Q189326","rank":-77}},{"type":"Feature","id":1006813,"geometry":{"type":"Point","coordinates":[19.052,42.946]},"properties":{"code":"341","status":"independent","s":18800101,"e":18841231,"c":2,"country_name":"Montenegro","wiki":"Montenegro","qid":"Q236","rank":-1}},{"type":"Feature","id":1006814,"geometry":{"type":"Point","coordinates":[30.066,45.869]},"properties":{"code":"360","status":"independent","s":18800101,"e":18851231,"c":11,"country_name":"United Principalities of Moldavia and Wallachia","wiki":"United Principalities of Moldavia and Wallachia","qid":"Q958291","rank":0}},{"type":"Feature","id":1006815,"geometry":{"type":"Point","coordinates":[21.293,43.966]},"properties":{"code":"340","status":"independent","s":18820306,"e":18851231,"c":8,"country_name":"Kingdom of Serbia","wiki":"Kingdom of Serbia","qid":"Q241748","rank":-6}},{"type":"Feature","id":1006819,"geometry":{"type":"Point","coordinates":[3.012,34.014]},"properties":{"code":"Q19951607","status":"colony","owner":"220","s":18850101,"e":18851231,"c":1,"country_name":"French Africa","wiki":"French Africa","qid":"Q19951607","rank":-60}},{"type":"Feature","id":1006821,"geometry":{"type":"Point","coordinates":[25.366,42.52]},"properties":{"code":"355","status":"independent","s":18850101,"e":18851231,"c":1,"country_name":"Principality of Bulgaria","wiki":"Principality of Bulgaria","qid":"Q815731","rank":-11}},{"type":"Feature","id":1006829,"geometry":{"type":"Point","coordinates":[25.912,30.802]},"properties":{"code":"Q179848","status":"colony","owner":"200","s":18850101,"e":18851231,"c":2,"country_name":"British Africa","wiki":"Scramble for Africa","qid":"Q179848","rank":-13}},{"type":"Feature","id":1006833,"geometry":{"type":"Point","coordinates":[21.744,39.179]},"properties":{"code":"350","status":"independent","s":18850101,"e":18851231,"c":10,"country_name":"Kingdom of Greece","wiki":"Kingdom of Greece","qid":"Q209065","rank":-6}},{"type":"Feature","id":1006834,"geometry":{"type":"Point","coordinates":[19.174,42.773]},"properties":{"code":"341","status":"independent","s":18850101,"e":18851231,"c":2,"country_name":"Montenegro","wiki":"Montenegro","qid":"Q236","rank":-1}},{"type":"Feature","id":1006835,"geometry":{"type":"Point","coordinates":[18.9,42.282]},"properties":{"code":"640","status":"independent","s":18850101,"e":18851231,"c":4,"country_name":"Ottoman Empire","wiki":"Ottoman Empire","qid":"Q12560","rank":0}}]}